timestamp,model,dataset,notes,Return_MAE,Return_MSE,Return_RMSE,num_drifts_detected,total_retrain_time,average_retrain_time,model_switches,trial_verdicts,trials_promoted,trials_held,final_model,num_retrains,detect_true_positives,detect_false_positives,detect_false_negatives,detect_precision,detect_recall,detect_f1_score,detect_avg_detection_delay,total_time
2026-03-02 17:52:15,PSO_LSTM_kswin,linear_gradual_drift_1,,0.0372261234946148,0.0050026378787827,0.0707293282788884,12,234.0620722770691,19.50517268975576,2,"['held', 'held', 'held', 'held', 'held', 'held', 'held', 'held', 'held', 'held', 'promoted', 'promoted']",2,10,v0,12,3,9,0,0.25,1.0,0.4,-53.66666666666666,260.2233090400696
2026-03-02 17:53:38,PSO_ELM_kswin,linear_gradual_drift_1,,0.0251626852326878,0.0011808433524199,0.0343634013511458,13,81.07549905776978,6.236576850597675,8,"['promoted', 'promoted', 'promoted', 'promoted', 'held', 'promoted', 'promoted', 'held', 'held', 'held', 'held', 'promoted', 'promoted']",8,5,v13,13,3,10,0,0.2307692307692307,1.0,0.375,68.33333333333333,82.71616554260254
2026-03-02 17:54:01,LSTM_kswin,linear_gradual_drift_1,,0.0287259526181625,0.0013351583268596,0.0365398183747488,13,2.080276727676392,0.1600212867443378,12,"['promoted', 'promoted', 'promoted', 'held', 'promoted', 'promoted', 'promoted', 'promoted', 'promoted', 'promoted', 'promoted', 'promoted', 'promoted']",12,1,v13,13,2,11,1,0.1538461538461538,0.6666666666666666,0.25,67.5,23.04187536239624
2026-03-02 17:54:03,ELM_kswin,linear_gradual_drift_1,,0.0352057527648457,0.0027861007030008,0.0527835268147253,12,0.0070390701293945,0.0005865891774495,9,"['promoted', 'promoted', 'held', 'promoted', 'held', 'held', 'promoted', 'promoted', 'promoted', 'promoted', 'promoted', 'promoted']",9,3,v12,12,3,9,0,0.25,1.0,0.4,-81.33333333333333,1.881403446197509
2026-03-02 18:02:40,PSO_LSTM_kswin,linear_gradual_drift_2,,0.0260016579906879,0.0011138921923241,0.0333750234805039,12,103.15794968605042,8.596495807170868,5,"['promoted', 'promoted', 'held', 'promoted', 'promoted', 'held', 'held', 'promoted', 'held', 'held', 'held', 'held']",5,7,v7,12,3,9,0,0.25,1.0,0.4,25.666666666666668,131.09519720077515
2026-03-02 18:03:34,PSO_ELM_kswin,linear_gradual_drift_2,,0.0320030757647451,0.0020090034050259,0.0448219076459931,16,52.916088581085205,3.3072555363178253,12,"['promoted', 'promoted', 'promoted', 'promoted', 'promoted', 'promoted', 'promoted', 'held', 'held', 'held', 'promoted', 'promoted', 'promoted', 'held', 'promoted', 'promoted']",12,4,v16,16,3,13,0,0.1875,1.0,0.3157894736842105,113.66666666666669,54.14510726928711
2026-03-02 18:03:58,LSTM_kswin,linear_gradual_drift_2,,0.0259485213205554,0.0010523677665617,0.0324402183494774,11,1.7775349617004397,0.1615940874273126,9,"['promoted', 'promoted', 'held', 'promoted', 'promoted', 'held', 'promoted', 'promoted', 'promoted', 'promoted', 'promoted']",9,2,v11,11,2,9,1,0.1818181818181818,0.6666666666666666,0.2857142857142857,-101.5,23.766211986541748
2026-03-02 18:03:59,ELM_kswin,linear_gradual_drift_2,,0.0500688761894256,0.0127946640765734,0.1131135008589753,12,0.0091574192047119,0.0007631182670593,8,"['promoted', 'promoted', 'promoted', 'promoted', 'held', 'held', 'held', 'promoted', 'held', 'promoted', 'promoted', 'promoted']",8,4,v12,12,2,10,1,0.1666666666666666,0.6666666666666666,0.2666666666666666,-10.5,1.7210772037506104
2026-03-02 18:12:56,PSO_LSTM_kswin,linear_gradual_drift_3,,0.0238730488578503,0.0008922930564285,0.0298712747707316,10,98.04967594146729,9.804967594146728,3,"['held', 'held', 'held', 'held', 'promoted', 'promoted', 'held', 'held', 'promoted', 'held']",3,7,v8,10,3,7,0,0.3,1.0,0.4615384615384615,-50.66666666666666,123.8280792236328
2026-03-02 18:14:18,PSO_ELM_kswin,linear_gradual_drift_3,,0.0560610231743472,0.0300374348282865,0.1733131121072105,15,80.01782417297363,5.334521611531575,13,"['held', 'promoted', 'held', 'promoted', 'promoted', 'promoted', 'promoted', 'promoted', 'promoted', 'promoted', 'promoted', 'promoted', 'promoted', 'promoted', 'promoted']",13,2,v12,15,3,12,0,0.2,1.0,0.3333333333333333,-75.66666666666667,81.32352375984192
2026-03-02 18:14:39,LSTM_kswin,linear_gradual_drift_3,,0.0256804186272214,0.0010406901225712,0.0322597291149697,12,1.823350429534912,0.1519458691279093,11,"['promoted', 'promoted', 'promoted', 'promoted', 'promoted', 'promoted', 'promoted', 'promoted', 'promoted', 'promoted', 'held', 'promoted']",11,1,v12,12,3,9,0,0.25,1.0,0.4,201.66666666666663,21.21586537361145
2026-03-02 18:14:40,ELM_kswin,linear_gradual_drift_3,,0.1162278200222747,0.0518348260225527,0.2276726290588149,17,0.0113852024078369,0.0006697177886962,13,"['held', 'held', 'promoted', 'promoted', 'promoted', 'promoted', 'promoted', 'promoted', 'promoted', 'promoted', 'promoted', 'held', 'promoted', 'held', 'promoted', 'promoted', 'promoted']",13,4,v17,17,3,14,0,0.1764705882352941,1.0,0.3,61.0,1.020036697387695
2026-03-02 18:22:55,PSO_LSTM_kswin,linear_gradual_drift_4,,0.0259098165439308,0.0010765695191492,0.032811118834158,10,73.96155905723572,7.396155905723572,6,"['promoted', 'held', 'promoted', 'promoted', 'promoted', 'held', 'held', 'promoted', 'promoted', 'held']",6,4,v0,10,2,8,1,0.2,0.6666666666666666,0.3076923076923076,111.5,100.05643939971924
2026-03-02 18:23:50,PSO_ELM_kswin,linear_gradual_drift_4,,0.0420177161060371,0.0054609627398112,0.0738983270433858,18,54.56383776664734,3.031324320369297,13,"['promoted', 'promoted', 'promoted', 'held', 'promoted', 'held', 'promoted', 'promoted', 'promoted', 'promoted', 'promoted', 'promoted', 'promoted', 'held', 'held', 'promoted', 'held', 'promoted']",13,5,v18,18,2,16,1,0.1111111111111111,0.6666666666666666,0.1904761904761905,6.5,55.33139085769653
2026-03-02 18:24:11,LSTM_kswin,linear_gradual_drift_4,,0.0245449308563788,0.0009707131593424,0.0311562699844266,12,1.70414400100708,0.1420120000839233,10,"['promoted', 'promoted', 'promoted', 'promoted', 'promoted', 'held', 'promoted', 'held', 'promoted', 'promoted', 'promoted', 'promoted']",10,2,v12,12,1,11,2,0.0833333333333333,0.3333333333333333,0.1333333333333333,199.0,20.91633462905884
2026-03-02 18:24:12,ELM_kswin,linear_gradual_drift_4,,0.0417230743493806,0.0070318281892272,0.0838559967398113,18,0.0167582035064697,0.0009310113059149,12,"['promoted', 'held', 'held', 'promoted', 'promoted', 'promoted', 'held', 'held', 'promoted', 'promoted', 'promoted', 'promoted', 'promoted', 'promoted', 'promoted', 'held', 'promoted', 'held']",12,6,v17,18,3,15,0,0.1666666666666666,1.0,0.2857142857142857,55.333333333333336,0.9936649799346924
2026-03-02 18:32:30,PSO_LSTM_kswin,linear_gradual_drift_5,,0.0275980996728395,0.0014033240644787,0.0374609672122691,16,96.75682592391968,6.04730162024498,6,"['held', 'held', 'held', 'held', 'held', 'held', 'promoted', 'promoted', 'promoted', 'promoted', 'promoted', 'held', 'promoted', 'held', 'held', 'held']",6,10,v0,16,2,14,1,0.125,0.6666666666666666,0.2105263157894736,-43.0,120.66114234924316
2026-03-02 18:33:39,PSO_ELM_kswin,linear_gradual_drift_5,,0.0253982618135342,0.0011259924550663,0.0335558110476619,17,68.04231762886047,4.00248927228591,11,"['held', 'held', 'held', 'promoted', 'promoted', 'promoted', 'held', 'promoted', 'held', 'promoted', 'promoted', 'promoted', 'promoted', 'promoted', 'held', 'promoted', 'promoted']",11,6,v15,17,3,14,0,0.1764705882352941,1.0,0.3,63.0,69.00949311256409
2026-03-02 18:34:02,LSTM_kswin,linear_gradual_drift_5,,0.024427922708598,0.0009464382858397,0.0307642371242926,14,2.5886359214782715,0.1849025658198765,11,"['promoted', 'promoted', 'held', 'promoted', 'promoted', 'promoted', 'promoted', 'promoted', 'promoted', 'promoted', 'held', 'promoted', 'promoted', 'held']",11,3,v13,14,1,13,2,0.0714285714285714,0.3333333333333333,0.1176470588235294,66.0,23.277913570404053
2026-03-02 18:34:03,ELM_kswin,linear_gradual_drift_5,,0.0667256525108586,0.0193644341870236,0.1391561503744038,16,0.0117387771606445,0.0007336735725402,13,"['promoted', 'promoted', 'promoted', 'promoted', 'promoted', 'promoted', 'held', 'promoted', 'promoted', 'promoted', 'promoted', 'promoted', 'promoted', 'held', 'promoted', 'held']",13,3,v15,16,2,14,1,0.125,0.6666666666666666,0.2105263157894736,-68.5,1.2875161170959473
2026-03-02 18:42:46,PSO_LSTM_kswin,linear_gradual_drift_6,,0.0339356933420157,0.0041191061136349,0.0641802626485354,12,117.06224989891052,9.755187491575876,6,"['held', 'promoted', 'promoted', 'held', 'held', 'held', 'promoted', 'promoted', 'held', 'held', 'promoted', 'promoted']",6,6,v0,12,1,11,2,0.0833333333333333,0.3333333333333333,0.1333333333333333,-170.0,142.46252608299255
2026-03-02 18:44:22,PSO_ELM_kswin,linear_gradual_drift_6,,0.0583173848098343,0.0329491886783068,0.1815191138098321,16,94.63285160064696,5.914553225040436,14,"['held', 'promoted', 'promoted', 'promoted', 'promoted', 'promoted', 'promoted', 'promoted', 'promoted', 'promoted', 'promoted', 'promoted', 'promoted', 'promoted', 'promoted', 'held']",14,2,v15,16,3,13,0,0.1875,1.0,0.3157894736842105,-33.0,95.78435635566711
2026-03-02 18:44:41,LSTM_kswin,linear_gradual_drift_6,,0.0246689745729516,0.0009643688732784,0.0310542891285319,11,1.48785662651062,0.1352596933191472,10,"['held', 'promoted', 'promoted', 'promoted', 'promoted', 'promoted', 'promoted', 'promoted', 'promoted', 'promoted', 'promoted']",10,1,v11,11,2,9,1,0.1818181818181818,0.6666666666666666,0.2857142857142857,91.5,19.681880474090576
2026-03-02 18:44:42,ELM_kswin,linear_gradual_drift_6,,0.0508286551816946,0.0059204963149303,0.0769447614521637,19,0.0172362327575683,0.0009071701451351,13,"['held', 'promoted', 'promoted', 'promoted', 'promoted', 'promoted', 'held', 'promoted', 'promoted', 'held', 'promoted', 'held', 'promoted', 'promoted', 'held', 'promoted', 'promoted', 'promoted', 'held']",13,6,v14,19,3,16,0,0.1578947368421052,1.0,0.2727272727272727,-11.0,0.7167937755584717
2026-03-02 18:53:46,PSO_LSTM_kswin,linear_gradual_drift_7,,0.0384400144168745,0.0032592141261692,0.057089527289769,14,124.74676561355592,8.910483258111137,3,"['held', 'held', 'held', 'held', 'promoted', 'promoted', 'promoted', 'held', 'held', 'held', 'held', 'held', 'held', 'held']",3,11,v7,14,3,11,0,0.2142857142857142,1.0,0.3529411764705882,99.0,149.9168472290039
2026-03-02 18:54:55,PSO_ELM_kswin,linear_gradual_drift_7,,0.0384176371487207,0.0033270757491701,0.0576808091930946,16,68.14435887336731,4.259022429585457,13,"['held', 'held', 'promoted', 'promoted', 'promoted', 'promoted', 'promoted', 'promoted', 'promoted', 'promoted', 'promoted', 'promoted', 'promoted', 'promoted', 'promoted', 'held']",13,3,v13,16,3,13,0,0.1875,1.0,0.3157894736842105,3.0,69.27511739730835
2026-03-02 18:55:16,LSTM_kswin,linear_gradual_drift_7,,0.0264929028442453,0.0011188912087138,0.0334498312210074,12,2.054795265197754,0.1712329387664795,8,"['promoted', 'held', 'promoted', 'promoted', 'held', 'promoted', 'promoted', 'held', 'held', 'promoted', 'promoted', 'promoted']",8,4,v12,12,2,10,1,0.1666666666666666,0.6666666666666666,0.2666666666666666,-37.0,21.55313205718994
2026-03-02 18:55:17,ELM_kswin,linear_gradual_drift_7,,0.0592704722660004,0.0107290357420033,0.1035810587993933,19,0.0122158527374267,0.0006429396177593,13,"['promoted', 'held', 'held', 'held', 'held', 'promoted', 'promoted', 'held', 'promoted', 'promoted', 'promoted', 'promoted', 'promoted', 'promoted', 'promoted', 'promoted', 'promoted', 'promoted', 'held']",13,6,v17,19,3,16,0,0.1578947368421052,1.0,0.2727272727272727,-32.0,0.7720174789428711
2026-03-02 19:04:14,PSO_LSTM_kswin,linear_gradual_drift_8,,0.0458822614397998,0.0046181367235166,0.0679568739975333,16,121.28573417663574,7.580358386039734,8,"['promoted', 'promoted', 'held', 'held', 'promoted', 'promoted', 'promoted', 'promoted', 'promoted', 'promoted', 'held', 'held', 'held', 'held', 'held', 'held']",8,8,v7,16,2,14,1,0.125,0.6666666666666666,0.2105263157894736,-78.5,145.94897055625916
2026-03-02 19:05:22,PSO_ELM_kswin,linear_gradual_drift_8,,0.0380167813465676,0.0041265649812488,0.0642383451004837,13,65.57624959945679,5.044326892265906,8,"['held', 'held', 'promoted', 'held', 'promoted', 'held', 'held', 'promoted', 'promoted', 'promoted', 'promoted', 'promoted', 'promoted']",8,5,v13,13,3,10,0,0.2307692307692307,1.0,0.375,-65.33333333333333,67.1425724029541
2026-03-02 19:05:46,LSTM_kswin,linear_gradual_drift_8,,0.0257631425402056,0.0010376408040545,0.0322124324454791,14,2.5697875022888184,0.183556250163487,13,"['promoted', 'promoted', 'promoted', 'promoted', 'promoted', 'promoted', 'promoted', 'promoted', 'promoted', 'promoted', 'held', 'promoted', 'promoted', 'promoted']",13,1,v14,14,2,12,1,0.1428571428571428,0.6666666666666666,0.2352941176470588,-122.0,24.269104719161987
2026-03-02 19:05:47,ELM_kswin,linear_gradual_drift_8,,0.0618322926236141,0.014854500026648,0.1218790385039531,19,0.0143313407897949,0.0007542810941997,14,"['promoted', 'held', 'promoted', 'promoted', 'held', 'promoted', 'promoted', 'promoted', 'held', 'promoted', 'promoted', 'held', 'promoted', 'promoted', 'promoted', 'promoted', 'promoted', 'held', 'promoted']",14,5,v18,19,2,17,1,0.1052631578947368,0.6666666666666666,0.1818181818181818,-73.5,0.7893068790435791
2026-03-02 19:14:42,PSO_LSTM_kswin,linear_gradual_drift_9,,0.0260490871970211,0.0013342314361007,0.0365271328754496,11,111.80278420448305,10.16388947313482,2,"['held', 'held', 'held', 'held', 'held', 'held', 'promoted', 'held', 'promoted', 'held', 'held']",2,9,v0,11,3,8,0,0.2727272727272727,1.0,0.4285714285714285,43.0,136.65194010734558
2026-03-02 19:15:23,PSO_ELM_kswin,linear_gradual_drift_9,,0.0507806130963112,0.008501362562983,0.092202833812107,15,39.42488384246826,2.628325589497884,12,"['held', 'promoted', 'promoted', 'promoted', 'promoted', 'promoted', 'promoted', 'held', 'held', 'promoted', 'promoted', 'promoted', 'promoted', 'promoted', 'promoted']",12,3,v15,15,3,12,0,0.2,1.0,0.3333333333333333,-37.66666666666666,40.78606104850769
2026-03-02 19:15:46,LSTM_kswin,linear_gradual_drift_9,,0.0261571369741885,0.0011232841583692,0.0335154316452767,13,1.8412563800811768,0.1416351061600905,10,"['promoted', 'promoted', 'held', 'held', 'promoted', 'promoted', 'promoted', 'promoted', 'promoted', 'promoted', 'promoted', 'held', 'promoted']",10,3,v13,13,3,10,0,0.2307692307692307,1.0,0.375,44.333333333333336,23.20891785621643
2026-03-02 19:15:47,ELM_kswin,linear_gradual_drift_9,,0.0559748044029411,0.0101966007303307,0.1009782190887261,18,0.0126874446868896,0.0007048580381605,12,"['promoted', 'held', 'promoted', 'held', 'promoted', 'promoted', 'held', 'held', 'held', 'promoted', 'promoted', 'promoted', 'promoted', 'promoted', 'promoted', 'held', 'promoted', 'promoted']",12,6,v18,18,3,15,0,0.1666666666666666,1.0,0.2857142857142857,159.66666666666666,0.973708152770996
2026-03-02 19:25:04,PSO_LSTM_kswin,linear_gradual_drift_10,,0.0253410208900334,0.0010143056159413,0.0318481650325627,13,144.74884414672852,11.13452647282527,1,"['held', 'held', 'promoted', 'held', 'held', 'held', 'held', 'held', 'held', 'held', 'held', 'held']",1,11,v3,13,2,11,1,0.1538461538461538,0.6666666666666666,0.25,47.0,171.12651538848877
2026-03-02 19:26:54,PSO_ELM_kswin,linear_gradual_drift_10,,0.0432944320596696,0.0068266949015619,0.0826238155834136,16,107.99957394599916,6.749973371624947,11,"['held', 'held', 'held', 'held', 'promoted', 'promoted', 'promoted', 'promoted', 'promoted', 'promoted', 'promoted', 'promoted', 'promoted', 'promoted', 'promoted']",11,4,v13,16,2,14,1,0.125,0.6666666666666666,0.2105263157894736,42.5,109.234632730484
2026-03-02 19:27:14,LSTM_kswin,linear_gradual_drift_10,,0.0243548899415672,0.0009366511429536,0.0306047568680691,12,1.868669271469116,0.155722439289093,10,"['promoted', 'promoted', 'promoted', 'promoted', 'promoted', 'promoted', 'promoted', 'promoted', 'held', 'promoted', 'promoted', 'held']",10,2,v11,12,2,10,1,0.1666666666666666,0.6666666666666666,0.2666666666666666,57.5,20.759138822555546
2026-03-02 19:27:16,ELM_kswin,linear_gradual_drift_10,,0.0469491982979959,0.005749564606398,0.0758258834857731,17,0.0118193626403808,0.0006952566259047,14,"['promoted', 'promoted', 'promoted', 'promoted', 'promoted', 'promoted', 'promoted', 'held', 'promoted', 'promoted', 'held', 'promoted', 'promoted', 'promoted', 'promoted', 'held', 'promoted']",14,3,v17,17,2,15,1,0.1176470588235294,0.6666666666666666,0.2,-18.0,1.1118953227996826
2026-03-02 19:36:36,PSO_LSTM_kswin,linear_gradual_drift_11,,0.024569840168274,0.0010017868940665,0.0316510172674831,10,163.5840449333191,16.35840449333191,4,"['held', 'held', 'promoted', 'promoted', 'promoted', 'promoted', 'held', 'held', 'held', 'held']",4,6,v0,10,2,8,1,0.2,0.6666666666666666,0.3076923076923076,-93.5,191.1872215270996
2026-03-02 19:38:26,PSO_ELM_kswin,linear_gradual_drift_11,,0.0630587981313941,0.0388595355961286,0.1971282212067279,13,107.9047679901123,8.300366768470177,7,"['held', 'held', 'promoted', 'promoted', 'held', 'promoted', 'promoted', 'promoted', 'promoted', 'promoted', 'held', 'held', 'held']",7,6,v0,13,3,10,0,0.2307692307692307,1.0,0.375,30.33333333333333,109.4358274936676
2026-03-02 19:38:48,LSTM_kswin,linear_gradual_drift_11,,0.0246295480892453,0.0010073465720691,0.0317387235419003,11,1.8032605648040767,0.1639327786185524,10,"['promoted', 'promoted', 'promoted', 'promoted', 'promoted', 'held', 'promoted', 'promoted', 'promoted', 'promoted', 'promoted']",10,1,v11,11,2,9,1,0.1818181818181818,0.6666666666666666,0.2857142857142857,-16.5,22.438181161880493
2026-03-02 19:38:50,ELM_kswin,linear_gradual_drift_11,,0.04442964033352,0.0115124813823425,0.1072962319112023,13,0.0082502365112304,0.0006346335777869,11,"['held', 'promoted', 'promoted', 'promoted', 'promoted', 'promoted', 'promoted', 'promoted', 'promoted', 'promoted', 'promoted', 'promoted', 'held']",11,2,v12,13,2,11,1,0.1538461538461538,0.6666666666666666,0.25,-11.0,1.693953275680542
2026-03-02 19:46:53,PSO_LSTM_kswin,linear_gradual_drift_12,,0.0539443408878186,0.0056473992650401,0.0751491800689809,18,222.6418204307556,12.368990023930868,12,"['promoted', 'promoted', 'promoted', 'promoted', 'held', 'promoted', 'promoted', 'held', 'promoted', 'promoted', 'promoted', 'promoted', 'promoted', 'promoted', 'held', 'held', 'held', 'held']",12,6,v0,18,3,15,0,0.1666666666666666,1.0,0.2857142857142857,-31.33333333333333,246.9271092414856
2026-03-02 19:47:40,PSO_ELM_kswin,linear_gradual_drift_12,,0.043479952713832,0.0049071118906376,0.0700507807996286,18,45.76186847686768,2.5423260264926486,12,"['held', 'promoted', 'promoted', 'promoted', 'promoted', 'promoted', 'held', 'promoted', 'promoted', 'held', 'held', 'held', 'promoted', 'promoted', 'held', 'promoted', 'promoted', 'promoted']",12,6,v18,18,3,15,0,0.1666666666666666,1.0,0.2857142857142857,0.3333333333333333,46.61536955833435
2026-03-02 19:48:00,LSTM_kswin,linear_gradual_drift_12,,0.0511647397619034,0.0046678405603811,0.0683215965883491,17,2.1961746215820312,0.1291867424460018,11,"['held', 'promoted', 'promoted', 'promoted', 'held', 'promoted', 'promoted', 'held', 'promoted', 'promoted', 'promoted', 'promoted', 'promoted', 'held', 'held', 'held', 'promoted']",11,6,v17,17,3,14,0,0.1764705882352941,1.0,0.3,5.0,19.85808086395264
2026-03-02 19:48:01,ELM_kswin,linear_gradual_drift_12,,0.0824455904028242,0.1532506696835731,0.3914724379615673,15,0.0113215446472167,0.0007547696431477,13,"['promoted', 'promoted', 'promoted', 'promoted', 'promoted', 'held', 'held', 'promoted', 'promoted', 'promoted', 'promoted', 'promoted', 'promoted', 'promoted', 'promoted']",13,2,v15,15,3,12,0,0.2,1.0,0.3333333333333333,53.0,1.427891492843628
2026-03-02 19:57:01,PSO_LSTM_kswin,linear_gradual_drift_13,,0.0277401831282915,0.0013303319682915,0.0364737161294472,14,111.41297793388368,7.958069852420261,4,"['held', 'held', 'promoted', 'promoted', 'held', 'held', 'held', 'promoted', 'held', 'promoted', 'held', 'held', 'held', 'held']",4,10,v0,14,3,11,0,0.2142857142857142,1.0,0.3529411764705882,-62.0,136.43145370483398
2026-03-02 19:58:17,PSO_ELM_kswin,linear_gradual_drift_13,,0.0240478341351433,0.0010155845463182,0.0318682372640565,12,73.83491659164429,6.152909715970357,6,"['held', 'promoted', 'promoted', 'promoted', 'promoted', 'held', 'held', 'promoted', 'promoted', 'held', 'held', 'held']",6,6,v0,12,3,9,0,0.25,1.0,0.4,7.0,75.5687153339386
2026-03-02 19:58:42,LSTM_kswin,linear_gradual_drift_13,,0.0268168386913211,0.0011702842735048,0.0342094179065483,14,2.394765615463257,0.171054686818804,9,"['promoted', 'promoted', 'held', 'held', 'promoted', 'promoted', 'held', 'held', 'promoted', 'promoted', 'promoted', 'promoted', 'promoted']",9,4,v13,14,3,11,0,0.2142857142857142,1.0,0.3529411764705882,35.666666666666664,24.902283191680908
2026-03-02 19:58:43,ELM_kswin,linear_gradual_drift_13,,0.0463776454985261,0.0084806849872087,0.0920906346335432,16,0.0099833011627197,0.0006239563226699,11,"['promoted', 'promoted', 'held', 'held', 'promoted', 'promoted', 'promoted', 'held', 'held', 'promoted', 'held', 'promoted', 'promoted', 'promoted', 'promoted', 'promoted']",11,5,v16,16,3,13,0,0.1875,1.0,0.3157894736842105,-60.66666666666666,1.23941969871521
2026-03-02 20:07:06,PSO_LSTM_kswin,linear_gradual_drift_14,,0.0254162211596779,0.001016386886573,0.0318808231790369,14,100.19209933280943,7.156578523772104,2,"['held', 'held', 'held', 'held', 'held', 'held', 'held', 'held', 'held', 'held', 'held', 'held', 'promoted', 'promoted']",2,12,v0,14,1,13,2,0.0714285714285714,0.3333333333333333,0.1176470588235294,-200.0,127.82509350776672
2026-03-02 20:07:50,PSO_ELM_kswin,linear_gradual_drift_14,,0.0449663460666073,0.0062799263664263,0.0792459864373353,17,43.24011850357056,2.5435363825629738,12,"['held', 'promoted', 'promoted', 'held', 'promoted', 'promoted', 'promoted', 'promoted', 'promoted', 'promoted', 'held', 'promoted', 'held', 'held', 'promoted', 'promoted', 'promoted']",12,5,v17,17,3,14,0,0.1764705882352941,1.0,0.3,94.33333333333331,44.199230909347534
2026-03-02 20:08:11,LSTM_kswin,linear_gradual_drift_14,,0.0261744785590859,0.0010959555855798,0.0331052199143858,12,1.936671018600464,0.1613892515500386,9,"['held', 'promoted', 'promoted', 'promoted', 'promoted', 'promoted', 'promoted', 'promoted', 'promoted', 'held', 'promoted', 'held']",9,3,v11,12,3,9,0,0.25,1.0,0.4,46.0,21.06706047058105
2026-03-02 20:08:12,ELM_kswin,linear_gradual_drift_14,,0.0664016581197214,0.0329376583687187,0.1814873504372103,14,0.0068645477294921,0.0004903248378208,13,"['promoted', 'promoted', 'promoted', 'promoted', 'promoted', 'promoted', 'held', 'promoted', 'promoted', 'promoted', 'promoted', 'promoted', 'promoted', 'promoted']",13,1,v14,14,3,11,0,0.2142857142857142,1.0,0.3529411764705882,-9.666666666666666,1.56455397605896
2026-03-02 20:19:50,PSO_LSTM_kswin,linear_gradual_drift_15,,0.0260194235342987,0.0010785937003015,0.0328419503120857,14,277.91801381111145,19.85128670079368,2,"['held', 'held', 'held', 'held', 'promoted', 'promoted', 'held', 'held', 'held', 'held', 'held', 'held', 'held', 'held']",2,12,v0,14,2,12,1,0.1428571428571428,0.6666666666666666,0.2352941176470588,104.0,304.3238263130188
2026-03-02 20:21:21,PSO_ELM_kswin,linear_gradual_drift_15,,0.033573109211311,0.0024675159453561,0.0496740973280451,12,88.55201554298401,7.379334628582001,11,"['held', 'promoted', 'promoted', 'promoted', 'promoted', 'promoted', 'promoted', 'promoted', 'promoted', 'promoted', 'promoted', 'promoted']",11,1,v12,12,3,9,0,0.25,1.0,0.4,25.666666666666668,90.69675970077516
2026-03-02 20:21:44,LSTM_kswin,linear_gradual_drift_15,,0.0276657956831744,0.0012152462722637,0.0348603825604909,15,2.656291961669922,0.1770861307779948,13,"['promoted', 'promoted', 'promoted', 'promoted', 'promoted', 'promoted', 'promoted', 'held', 'promoted', 'promoted', 'promoted', 'held', 'promoted', 'promoted', 'promoted']",13,2,v15,15,2,13,1,0.1333333333333333,0.6666666666666666,0.2222222222222222,184.5,23.392699241638184
2026-03-02 20:21:45,ELM_kswin,linear_gradual_drift_15,,0.0371565424350492,0.0033229528397067,0.0576450591092314,16,0.007444143295288,0.0004652589559555,11,"['promoted', 'promoted', 'promoted', 'held', 'promoted', 'promoted', 'promoted', 'promoted', 'held', 'promoted', 'held', 'promoted', 'held', 'promoted', 'promoted', 'held']",11,5,v15,16,3,13,0,0.1875,1.0,0.3157894736842105,45.0,1.294461727142334
2026-03-02 20:31:07,PSO_LSTM_kswin,linear_gradual_drift_16,,0.023214576024384,0.0008497267739291,0.029150073309155,15,148.20270204544067,9.880180136362712,8,"['held', 'promoted', 'promoted', 'held', 'promoted', 'promoted', 'held', 'held', 'held', 'held', 'held', 'promoted', 'promoted', 'promoted', 'promoted']",8,7,v0,15,3,12,0,0.2,1.0,0.3333333333333333,-83.0,174.70240831375122
2026-03-02 20:33:04,PSO_ELM_kswin,linear_gradual_drift_16,,0.0313501771554808,0.0025542599617171,0.0505396869966284,13,114.7058494091034,8.823526877623339,9,"['held', 'promoted', 'held', 'promoted', 'promoted', 'promoted', 'held', 'promoted', 'promoted', 'promoted', 'held', 'promoted', 'promoted']",9,4,v0,13,1,12,2,0.0769230769230769,0.3333333333333333,0.125,-214.0,116.36032056808472
2026-03-02 20:33:27,LSTM_kswin,linear_gradual_drift_16,,0.0236830275284357,0.0008873356253362,0.0297881792887089,11,2.125516653060913,0.1932287866419011,9,"['promoted', 'promoted', 'promoted', 'promoted', 'held', 'promoted', 'held', 'promoted', 'promoted', 'promoted', 'promoted']",9,2,v11,11,1,10,2,0.0909090909090909,0.3333333333333333,0.1428571428571428,48.0,23.459698915481567
2026-03-02 20:33:28,ELM_kswin,linear_gradual_drift_16,,0.0738572695835739,0.0204454088674505,0.1429874430411655,18,0.0111558437347412,0.0006197690963745,16,"['promoted', 'promoted', 'promoted', 'promoted', 'promoted', 'held', 'promoted', 'promoted', 'promoted', 'promoted', 'promoted', 'promoted', 'promoted', 'promoted', 'promoted', 'promoted', 'held', 'promoted']",16,2,v18,18,3,15,0,0.1666666666666666,1.0,0.2857142857142857,-85.0,1.1105585098266602
2026-03-02 20:42:07,PSO_LSTM_kswin,linear_gradual_drift_17,,0.0277070404077277,0.0015201746674341,0.0389894173774643,8,108.676274061203,13.584534257650375,2,"['held', 'held', 'promoted', 'promoted', 'held', 'held', 'held', 'held']",2,6,v2,8,1,7,2,0.125,0.3333333333333333,0.1818181818181818,-85.0,134.19886231422424
2026-03-02 20:43:43,PSO_ELM_kswin,linear_gradual_drift_17,,0.0298986979380564,0.0020948455005384,0.0457694821965295,17,95.13396644592284,5.59611567328958,13,"['held', 'held', 'promoted', 'held', 'promoted', 'held', 'promoted', 'promoted', 'promoted', 'promoted', 'promoted', 'promoted', 'promoted', 'promoted', 'promoted', 'promoted', 'promoted']",13,4,v16,17,3,14,0,0.1764705882352941,1.0,0.3,50.0,96.1360445022583
2026-03-02 20:44:03,LSTM_kswin,linear_gradual_drift_17,,0.0243756196729465,0.0009288998094951,0.0304778576920228,12,1.9414820671081543,0.1617901722590128,9,"['held', 'promoted', 'held', 'held', 'promoted', 'promoted', 'promoted', 'promoted', 'promoted', 'promoted', 'promoted', 'promoted']",9,3,v12,12,3,9,0,0.25,1.0,0.4,-18.33333333333333,19.98176670074463
2026-03-02 20:44:04,ELM_kswin,linear_gradual_drift_17,,0.032599758544817,0.0022655653352955,0.0475979551587625,16,0.0111396312713623,0.0006962269544601,13,"['promoted', 'promoted', 'promoted', 'held', 'promoted', 'promoted', 'promoted', 'promoted', 'promoted', 'promoted', 'promoted', 'promoted', 'promoted', 'held', 'held', 'promoted']",13,3,v16,16,2,14,1,0.125,0.6666666666666666,0.2105263157894736,48.5,1.0940141677856443
2026-03-02 20:48:55,PSO_LSTM_kswin,linear_gradual_drift_18,,0.0804136608948695,0.0157577334184625,0.1255298108755946,18,89.95537376403809,4.997520764668782,10,"['promoted', 'promoted', 'promoted', 'promoted', 'held', 'promoted', 'promoted', 'promoted', 'promoted', 'held', 'held', 'held', 'held', 'promoted', 'promoted', 'held', 'held', 'held']",10,8,v2,18,3,15,0,0.1666666666666666,1.0,0.2857142857142857,-89.33333333333333,113.88078117370604
2026-03-02 20:50:31,PSO_ELM_kswin,linear_gradual_drift_18,,0.0563784554579124,0.0200101997946682,0.141457413360588,17,95.59259676933289,5.623093927607817,12,"['held', 'held', 'held', 'held', 'promoted', 'promoted', 'held', 'promoted', 'promoted', 'promoted', 'promoted', 'promoted', 'promoted', 'promoted', 'promoted', 'promoted', 'promoted']",12,5,v17,17,3,14,0,0.1764705882352941,1.0,0.3,-24.0,96.62056469917296
2026-03-02 20:50:53,LSTM_kswin,linear_gradual_drift_18,,0.0484203897356614,0.004103313400175,0.0640571104575834,16,2.5102193355560303,0.1568887084722519,15,"['held', 'promoted', 'promoted', 'promoted', 'promoted', 'promoted', 'promoted', 'promoted', 'promoted', 'promoted', 'promoted', 'promoted', 'promoted', 'promoted', 'promoted', 'promoted']",15,1,v16,16,2,14,1,0.125,0.6666666666666666,0.2105263157894736,9.5,21.615514278411865
2026-03-02 20:50:54,ELM_kswin,linear_gradual_drift_18,,0.1761272803374467,0.1992974104720624,0.4464273854414202,19,0.0094692707061767,0.0004983826687461,17,"['held', 'promoted', 'promoted', 'promoted', 'promoted', 'promoted', 'promoted', 'promoted', 'promoted', 'promoted', 'held', 'promoted', 'promoted', 'promoted', 'promoted', 'promoted', 'promoted', 'promoted', 'promoted']",17,2,v17,19,3,16,0,0.1578947368421052,1.0,0.2727272727272727,6.666666666666667,0.7009360790252686
2026-03-02 21:00:14,PSO_LSTM_kswin,linear_gradual_drift_19,,0.0265924722826898,0.0011937316757218,0.0345504222220486,14,182.5767703056336,13.041197878973824,4,"['promoted', 'promoted', 'held', 'held', 'held', 'promoted', 'promoted', 'held', 'held', 'held', 'held', 'held', 'held', 'held']",4,10,v0,14,2,12,1,0.1428571428571428,0.6666666666666666,0.2352941176470588,55.0,206.3068778514862
2026-03-02 21:01:47,PSO_ELM_kswin,linear_gradual_drift_19,,0.0233340396480753,0.0010961251749131,0.0331077811837814,13,91.99772548675536,7.076748114365798,12,"['promoted', 'promoted', 'promoted', 'promoted', 'promoted', 'promoted', 'promoted', 'promoted', 'promoted', 'promoted', 'held', 'promoted', 'promoted']",12,1,v13,13,3,10,0,0.2307692307692307,1.0,0.375,-9.0,93.64524221420288
2026-03-02 21:02:06,LSTM_kswin,linear_gradual_drift_19,,0.0251164210864129,0.0010037910487344,0.0316826616422056,14,2.0853471755981445,0.1489533696855817,11,"['promoted', 'held', 'promoted', 'held', 'promoted', 'held', 'promoted', 'promoted', 'promoted', 'promoted', 'promoted', 'promoted', 'promoted', 'promoted']",11,3,v14,14,2,12,1,0.1428571428571428,0.6666666666666666,0.2352941176470588,-143.0,19.046646118164062
2026-03-02 21:02:07,ELM_kswin,linear_gradual_drift_19,,0.051289042418703,0.0085330245903991,0.0923743719350729,18,0.0147871971130371,0.0008215109507242,15,"['promoted', 'promoted', 'held', 'promoted', 'held', 'promoted', 'promoted', 'promoted', 'held', 'promoted', 'promoted', 'promoted', 'promoted', 'promoted', 'promoted', 'promoted', 'promoted', 'promoted']",15,3,v18,18,2,16,1,0.1111111111111111,0.6666666666666666,0.1904761904761905,2.5,0.8482325077056885
2026-03-02 21:10:57,PSO_LSTM_kswin,linear_gradual_drift_20,,0.0237578271871476,0.0008866147388523,0.0297760766195342,13,181.1103386878968,13.931564514453594,0,"['held', 'held', 'held', 'held', 'held', 'held', 'held', 'held', 'held', 'held', 'held', 'held', 'held']",0,13,v0,13,2,11,1,0.1538461538461538,0.6666666666666666,0.25,-81.5,206.91339087486267
2026-03-02 21:12:40,PSO_ELM_kswin,linear_gradual_drift_20,,0.0283942914089594,0.0015188292644502,0.0389721601204025,18,102.23441004753111,5.679689447085063,12,"['held', 'held', 'held', 'promoted', 'promoted', 'promoted', 'promoted', 'held', 'promoted', 'promoted', 'held', 'promoted', 'promoted', 'promoted', 'promoted', 'held', 'promoted', 'promoted']",12,6,v16,18,3,15,0,0.1666666666666666,1.0,0.2857142857142857,14.666666666666666,103.02822613716124
2026-03-02 21:13:00,LSTM_kswin,linear_gradual_drift_20,,0.0256419262512082,0.0010360127913838,0.0321871525827279,14,1.7721030712127686,0.126578790800912,12,"['held', 'promoted', 'promoted', 'promoted', 'promoted', 'promoted', 'promoted', 'promoted', 'promoted', 'held', 'promoted', 'promoted', 'promoted', 'promoted']",12,2,v14,14,3,11,0,0.2142857142857142,1.0,0.3529411764705882,-39.333333333333336,20.325167417526245
2026-03-02 21:13:02,ELM_kswin,linear_gradual_drift_20,,0.0481535252908494,0.006075426391671,0.0779450215964497,16,0.0106368064880371,0.0006648004055023,9,"['promoted', 'promoted', 'promoted', 'promoted', 'held', 'held', 'held', 'held', 'held', 'promoted', 'promoted', 'promoted', 'promoted', 'held', 'held', 'promoted']",9,7,v16,16,3,13,0,0.1875,1.0,0.3157894736842105,-27.0,1.1452877521514893
2026-03-02 21:20:44,PSO_LSTM_kswin,linear_gradual_drift_21,,0.0240191444028005,0.0009248804796301,0.0304118476852391,11,110.57827138900755,10.052570126273416,2,"['held', 'held', 'promoted', 'promoted', 'held', 'held', 'held', 'held', 'held', 'held', 'promoted']",3,8,v11,11,1,10,2,0.0909090909090909,0.3333333333333333,0.1428571428571428,-100.0,135.91083145141602
2026-03-02 21:21:52,PSO_ELM_kswin,linear_gradual_drift_21,,0.0572886751533028,0.014018327524449,0.1183990182579612,16,66.74879765510559,4.171799853444099,11,"['promoted', 'promoted', 'held', 'promoted', 'promoted', 'promoted', 'held', 'promoted', 'promoted', 'held', 'held', 'held', 'promoted', 'promoted', 'promoted', 'promoted']",11,5,v14,16,3,13,0,0.1875,1.0,0.3157894736842105,26.666666666666668,67.84857630729675
2026-03-02 21:22:12,LSTM_kswin,linear_gradual_drift_21,,0.0234623957341506,0.0008787207494052,0.0296432243422548,11,1.6976814270019531,0.1543346751819957,8,"['promoted', 'promoted', 'promoted', 'promoted', 'promoted', 'promoted', 'held', 'held', 'promoted', 'promoted', 'promoted']",9,2,v11,11,3,8,0,0.2727272727272727,1.0,0.4285714285714285,129.0,19.67015910148621
2026-03-02 21:22:13,ELM_kswin,linear_gradual_drift_21,,0.0722050674005271,0.0268400710436347,0.1638293961523229,17,0.0104386806488037,0.0006140400381649,13,"['promoted', 'held', 'promoted', 'promoted', 'held', 'promoted', 'promoted', 'promoted', 'held', 'promoted', 'promoted', 'promoted', 'held', 'promoted', 'promoted', 'promoted', 'promoted']",13,4,v15,17,3,14,0,0.1764705882352941,1.0,0.3,78.33333333333333,0.9785158634185792
2026-03-02 21:29:28,PSO_LSTM_kswin,linear_gradual_drift_22,,0.0265095077204428,0.0012131531027464,0.0348303474393589,11,95.2066206932068,8.655147335746072,5,"['held', 'held', 'held', 'held', 'promoted', 'promoted', 'held', 'held', 'promoted', 'promoted', 'promoted']",5,6,v9,11,1,10,2,0.0909090909090909,0.3333333333333333,0.1428571428571428,45.0,120.41903162002563
2026-03-02 21:30:58,PSO_ELM_kswin,linear_gradual_drift_22,,0.0284744524860773,0.0014969830118482,0.0386908647079421,15,88.27178931236267,5.884785954157511,10,"['held', 'promoted', 'promoted', 'promoted', 'promoted', 'promoted', 'promoted', 'held', 'promoted', 'held', 'promoted', 'promoted', 'held', 'promoted', 'held']",10,5,v13,15,3,12,0,0.2,1.0,0.3333333333333333,58.333333333333336,89.65191173553467
2026-03-02 21:31:18,LSTM_kswin,linear_gradual_drift_22,,0.0251441929361138,0.0010022367301318,0.0316581226564661,13,2.378134727478028,0.1829334405752328,11,"['promoted', 'promoted', 'held', 'promoted', 'promoted', 'promoted', 'held', 'promoted', 'promoted', 'promoted', 'promoted', 'promoted', 'promoted']",11,2,v13,13,3,10,0,0.2307692307692307,1.0,0.375,108.33333333333331,20.42091083526612
2026-03-02 21:31:19,ELM_kswin,linear_gradual_drift_22,,0.0419749634903286,0.0053806404248943,0.0733528487851313,18,0.014575719833374,0.0008097622129652,12,"['held', 'promoted', 'promoted', 'promoted', 'promoted', 'promoted', 'promoted', 'promoted', 'promoted', 'promoted', 'held', 'held', 'held', 'promoted', 'held', 'promoted', 'promoted', 'held']",12,6,v17,18,3,15,0,0.1666666666666666,1.0,0.2857142857142857,-40.0,0.8996129035949707
2026-03-02 21:40:28,PSO_LSTM_kswin,linear_gradual_drift_23,,0.0231481503912519,0.0008385401232403,0.0289575572733674,13,164.34446573257446,12.641881979428804,3,"['held', 'held', 'held', 'held', 'promoted', 'promoted', 'held', 'held', 'held', 'held', 'held', 'held', 'promoted']",3,10,v13,13,3,10,0,0.2307692307692307,1.0,0.375,-64.33333333333333,189.2296540737152
2026-03-02 21:41:38,PSO_ELM_kswin,linear_gradual_drift_23,,0.058921433138716,0.0128387579298872,0.113308242991793,17,68.36503291130066,4.021472524194157,14,"['held', 'promoted', 'promoted', 'promoted', 'promoted', 'promoted', 'promoted', 'promoted', 'promoted', 'promoted', 'held', 'held', 'promoted', 'promoted', 'promoted', 'promoted', 'promoted']",14,3,v15,17,2,15,1,0.1176470588235294,0.6666666666666666,0.2,8.0,69.35963773727417
2026-03-02 21:42:00,LSTM_kswin,linear_gradual_drift_23,,0.0259013115501485,0.0010694292324551,0.0327021288673253,13,2.354052782058716,0.1810809832352858,12,"['promoted', 'promoted', 'promoted', 'promoted', 'held', 'promoted', 'promoted', 'promoted', 'promoted', 'promoted', 'promoted', 'promoted', 'promoted']",12,1,v12,13,2,11,1,0.1538461538461538,0.6666666666666666,0.25,-53.0,22.62816333770752
2026-03-02 21:42:01,ELM_kswin,linear_gradual_drift_23,,0.0857015591828695,0.0627492960001912,0.2504980958015275,19,0.0100829601287841,0.0005306821120412,17,"['promoted', 'held', 'promoted', 'promoted', 'promoted', 'promoted', 'promoted', 'promoted', 'promoted', 'promoted', 'promoted', 'promoted', 'held', 'promoted', 'promoted', 'promoted', 'promoted', 'promoted', 'promoted']",17,2,v18,19,3,16,0,0.1578947368421052,1.0,0.2727272727272727,39.0,0.7402002811431885
2026-03-02 21:53:08,PSO_LSTM_kswin,linear_gradual_drift_24,,0.0275279920537271,0.0013436269681277,0.0366555175673154,14,260.4021213054657,18.60015152181898,8,"['promoted', 'promoted', 'held', 'held', 'held', 'promoted', 'promoted', 'held', 'promoted', 'promoted', 'promoted', 'promoted', 'held', 'held']",8,6,v0,14,2,12,1,0.1428571428571428,0.6666666666666666,0.2352941176470588,49.5,286.7151849269867
2026-03-02 21:54:28,PSO_ELM_kswin,linear_gradual_drift_24,,0.028501324982695,0.0017863264811936,0.0422649557103002,15,79.27270174026489,5.284846782684326,13,"['promoted', 'promoted', 'promoted', 'promoted', 'promoted', 'promoted', 'promoted', 'promoted', 'promoted', 'promoted', 'promoted', 'promoted', 'held', 'held', 'promoted']",13,2,v15,15,3,12,0,0.2,1.0,0.3333333333333333,22.33333333333333,80.58778929710388
2026-03-02 21:54:51,LSTM_kswin,linear_gradual_drift_24,,0.0261189848401277,0.0010761796372519,0.0328051769885778,14,2.0626673698425293,0.1473333835601806,10,"['held', 'promoted', 'held', 'promoted', 'held', 'held', 'promoted', 'promoted', 'promoted', 'promoted', 'promoted', 'promoted', 'promoted', 'promoted']",10,4,v14,14,2,12,1,0.1428571428571428,0.6666666666666666,0.2352941176470588,11.5,22.91023898124695
2026-03-02 21:54:52,ELM_kswin,linear_gradual_drift_24,,0.3898769255054754,3.5811256076032354,1.892386220517164,16,0.0086123943328857,0.0005382746458053,11,"['held', 'promoted', 'held', 'promoted', 'held', 'promoted', 'promoted', 'held', 'held', 'promoted', 'promoted', 'promoted', 'promoted', 'promoted', 'promoted', 'promoted']",11,5,v16,16,2,14,1,0.125,0.6666666666666666,0.2105263157894736,6.5,1.2266013622283936
2026-03-02 22:02:45,PSO_LSTM_kswin,linear_gradual_drift_25,,0.0238842389744087,0.000905308753595,0.0300883491337596,12,128.25370264053345,10.687808553377788,5,"['held', 'promoted', 'promoted', 'held', 'held', 'promoted', 'promoted', 'held', 'promoted', 'held', 'held', 'held']",5,7,v9,12,2,10,1,0.1666666666666666,0.6666666666666666,0.2666666666666666,44.5,153.7883927822113
2026-03-02 22:03:58,PSO_ELM_kswin,linear_gradual_drift_25,,0.0875125524200428,0.0304484996754257,0.174494984671267,18,72.00563883781433,4.000313268767463,10,"['held', 'held', 'promoted', 'promoted', 'promoted', 'promoted', 'promoted', 'held', 'promoted', 'held', 'held', 'held', 'held', 'promoted', 'promoted', 'promoted', 'held', 'promoted']",10,8,v18,18,2,16,1,0.1111111111111111,0.6666666666666666,0.1904761904761905,-41.5,72.75756931304932
2026-03-02 22:04:17,LSTM_kswin,linear_gradual_drift_25,,0.0270613338408975,0.0012048813791416,0.0347114012846165,15,2.3360040187835693,0.1557336012522379,13,"['held', 'promoted', 'held', 'promoted', 'promoted', 'promoted', 'promoted', 'promoted', 'promoted', 'promoted', 'promoted', 'promoted', 'promoted', 'promoted', 'promoted']",13,2,v15,15,3,12,0,0.2,1.0,0.3333333333333333,-89.33333333333333,19.237138271331787
2026-03-02 22:04:18,ELM_kswin,linear_gradual_drift_25,,0.059515848498529,0.0130324304682634,0.1141596709362087,19,0.0129642486572265,0.0006823288766961,16,"['held', 'promoted', 'promoted', 'promoted', 'promoted', 'promoted', 'promoted', 'promoted', 'held', 'promoted', 'promoted', 'promoted', 'promoted', 'held', 'promoted', 'promoted', 'promoted', 'promoted', 'promoted']",16,3,v17,19,3,16,0,0.1578947368421052,1.0,0.2727272727272727,50.66666666666666,0.7384934425354004
2026-03-02 22:13:54,PSO_LSTM_kswin,linear_gradual_drift_26,,0.0242533545546671,0.0009276101102725,0.0304566923724911,11,185.782731294632,16.889339208602905,0,"['held', 'held', 'held', 'held', 'held', 'held', 'held', 'held', 'held', 'held', 'held']",0,11,v0,11,2,9,1,0.1818181818181818,0.6666666666666666,0.2857142857142857,32.0,212.5380012989044
2026-03-02 22:14:21,PSO_ELM_kswin,linear_gradual_drift_26,,0.0406864820945961,0.0051247729681066,0.0715875196392963,14,25.443307161331177,1.817379082952227,11,"['held', 'promoted', 'promoted', 'promoted', 'promoted', 'promoted', 'held', 'held', 'promoted', 'promoted', 'promoted', 'promoted', 'promoted', 'promoted']",11,3,v14,14,2,12,1,0.1428571428571428,0.6666666666666666,0.2352941176470588,15.0,26.9511194229126
2026-03-02 22:14:42,LSTM_kswin,linear_gradual_drift_26,,0.025441134269681,0.0010189793172908,0.0319214554381658,12,2.0141372680664062,0.1678447723388672,9,"['promoted', 'held', 'held', 'promoted', 'promoted', 'held', 'promoted', 'promoted', 'promoted', 'promoted', 'promoted', 'promoted']",9,3,v12,12,3,9,0,0.25,1.0,0.4,-96.33333333333331,21.234949350357056
2026-03-02 22:14:43,ELM_kswin,linear_gradual_drift_26,,0.0714650115816543,0.0145744840077176,0.1207248276358994,18,0.010962963104248,0.0006090535057915,12,"['held', 'held', 'promoted', 'promoted', 'promoted', 'promoted', 'promoted', 'promoted', 'promoted', 'promoted', 'held', 'promoted', 'held', 'promoted', 'held', 'held', 'promoted', 'promoted']",12,6,v18,18,3,15,0,0.1666666666666666,1.0,0.2857142857142857,12.666666666666666,0.8626084327697754
2026-03-02 22:24:04,PSO_LSTM_kswin,linear_gradual_drift_27,,0.0271346390608665,0.0013326602291114,0.0365056191443375,13,187.0430290699005,14.387925313069273,3,"['held', 'promoted', 'held', 'promoted', 'promoted', 'held', 'held', 'held', 'held', 'held', 'held', 'held', 'held']",3,10,v2,13,3,10,0,0.2307692307692307,1.0,0.375,143.0,215.7226271629333
2026-03-02 22:25:23,PSO_ELM_kswin,linear_gradual_drift_27,,0.0289938075180759,0.001830782734772,0.0427876469880269,17,77.00292539596558,4.529583846821504,11,"['held', 'promoted', 'held', 'promoted', 'promoted', 'promoted', 'promoted', 'promoted', 'held', 'promoted', 'held', 'held', 'held', 'promoted', 'promoted', 'promoted', 'promoted']",11,6,v17,17,3,14,0,0.1764705882352941,1.0,0.3,22.666666666666668,78.18899989128113
2026-03-02 22:25:46,LSTM_kswin,linear_gradual_drift_27,,0.0266812064600434,0.0011422961921431,0.0337978725978885,14,2.41294813156128,0.1723534379686628,12,"['held', 'promoted', 'promoted', 'promoted', 'promoted', 'promoted', 'promoted', 'promoted', 'promoted', 'promoted', 'held', 'promoted', 'promoted', 'promoted']",12,2,v14,14,2,12,1,0.1428571428571428,0.6666666666666666,0.2352941176470588,74.5,23.394615411758423
2026-03-02 22:25:47,ELM_kswin,linear_gradual_drift_27,,0.0637653675528216,0.0201548307918919,0.1419677103847632,17,0.0112614631652832,0.0006624390097225,16,"['promoted', 'promoted', 'promoted', 'promoted', 'promoted', 'promoted', 'promoted', 'promoted', 'promoted', 'held', 'promoted', 'promoted', 'promoted', 'promoted', 'promoted', 'promoted', 'promoted']",16,1,v17,17,3,14,0,0.1764705882352941,1.0,0.3,-49.0,1.180285930633545
2026-03-02 22:35:18,PSO_LSTM_kswin,linear_gradual_drift_28,,0.0245299622157712,0.000950856332884,0.0308359584395231,8,148.69547080993652,18.586933851242065,2,"['held', 'held', 'held', 'held', 'held', 'held', 'promoted', 'promoted']",2,6,v0,8,2,6,1,0.25,0.6666666666666666,0.3636363636363636,-162.5,179.12394189834595
2026-03-02 22:37:09,PSO_ELM_kswin,linear_gradual_drift_28,,0.0260836599786565,0.0013703866058876,0.0370187331750785,16,110.43439555168152,6.902149721980095,13,"['held', 'held', 'promoted', 'promoted', 'promoted', 'promoted', 'promoted', 'promoted', 'promoted', 'promoted', 'promoted', 'promoted', 'promoted', 'promoted', 'held', 'promoted']",13,3,v16,16,3,13,0,0.1875,1.0,0.3157894736842105,-36.0,111.58897399902344
2026-03-02 22:37:31,LSTM_kswin,linear_gradual_drift_28,,0.0232401943975101,0.0008460193326349,0.0290864114774403,12,1.905036687850952,0.1587530573209127,8,"['held', 'promoted', 'promoted', 'held', 'promoted', 'promoted', 'promoted', 'promoted', 'held', 'promoted', 'held', 'promoted']",8,4,v12,12,3,9,0,0.25,1.0,0.4,-59.0,22.0944344997406
2026-03-02 22:37:33,ELM_kswin,linear_gradual_drift_28,,0.044187323928593,0.006158687171019,0.0784773035406991,14,0.0087783336639404,0.0006270238331386,11,"['held', 'promoted', 'promoted', 'promoted', 'held', 'held', 'promoted', 'promoted', 'promoted', 'promoted', 'promoted', 'promoted', 'promoted', 'promoted']",11,3,v10,14,3,11,0,0.2142857142857142,1.0,0.3529411764705882,-14.666666666666666,1.5503442287445068
2026-03-02 22:46:46,PSO_LSTM_kswin,linear_gradual_drift_29,,0.0248625633292319,0.0011033518048741,0.033216739829101,11,138.57899403572085,12.598090366883712,4,"['held', 'held', 'promoted', 'promoted', 'promoted', 'promoted', 'held', 'held', 'held', 'held', 'held']",4,7,v0,11,2,9,1,0.1818181818181818,0.6666666666666666,0.2857142857142857,67.0,163.75047326087952
2026-03-02 22:47:27,PSO_ELM_kswin,linear_gradual_drift_29,,0.0379346408640801,0.0039081832259358,0.0625154638944301,15,39.416735887527466,2.627782392501831,11,"['held', 'promoted', 'promoted', 'promoted', 'held', 'held', 'promoted', 'promoted', 'held', 'promoted', 'promoted', 'promoted', 'promoted', 'promoted', 'promoted']",11,4,v15,15,3,12,0,0.2,1.0,0.3333333333333333,-61.66666666666666,40.654273986816406
2026-03-02 22:47:48,LSTM_kswin,linear_gradual_drift_29,,0.0234996996574131,0.0008704593421668,0.0295035479589632,12,1.981839895248413,0.1651533246040344,9,"['promoted', 'held', 'promoted', 'promoted', 'promoted', 'held', 'promoted', 'promoted', 'promoted', 'promoted', 'promoted', 'held']",9,3,v11,12,2,10,1,0.1666666666666666,0.6666666666666666,0.2666666666666666,15.0,21.58875060081482
2026-03-02 22:47:50,ELM_kswin,linear_gradual_drift_29,,0.0457955759094097,0.0071445207819823,0.0845252671216264,13,0.0096962451934814,0.0007458650148831,9,"['promoted', 'held', 'held', 'promoted', 'promoted', 'promoted', 'promoted', 'promoted', 'promoted', 'promoted', 'held', 'promoted']",9,3,v12,13,1,12,2,0.0769230769230769,0.3333333333333333,0.125,-90.0,1.7293848991394043
2026-03-02 22:57:06,PSO_LSTM_kswin,linear_gradual_drift_30,,0.0270307067786946,0.0012532643970308,0.0354014745036257,11,134.562020778656,12.232910979877818,6,"['promoted', 'promoted', 'held', 'promoted', 'promoted', 'promoted', 'promoted', 'held', 'held', 'held', 'held']",6,5,v0,11,2,9,1,0.1818181818181818,0.6666666666666666,0.2857142857142857,20.0,160.5112874507904
2026-03-02 22:58:10,PSO_ELM_kswin,linear_gradual_drift_30,,0.035823555431001,0.0034060719589402,0.0583615623414953,12,62.31675720214844,5.193063100179036,9,"['promoted', 'promoted', 'held', 'promoted', 'held', 'held', 'promoted', 'promoted', 'promoted', 'promoted', 'promoted', 'promoted']",9,3,v9,12,2,10,1,0.1666666666666666,0.6666666666666666,0.2666666666666666,60.0,64.084223985672
2026-03-02 22:58:34,LSTM_kswin,linear_gradual_drift_30,,0.0237322022290985,0.0008923384114267,0.0298720339352162,9,1.427626132965088,0.1586251258850097,5,"['promoted', 'held', 'held', 'promoted', 'held', 'promoted', 'promoted', 'promoted', 'held']",5,4,v8,9,1,8,2,0.1111111111111111,0.3333333333333333,0.1666666666666666,-169.0,23.27767491340637
2026-03-02 22:58:35,ELM_kswin,linear_gradual_drift_30,,0.0476004705635419,0.0078061288010276,0.0883522993533706,15,0.0103285312652587,0.0006885687510172,12,"['held', 'promoted', 'promoted', 'promoted', 'held', 'promoted', 'promoted', 'promoted', 'promoted', 'held', 'promoted', 'promoted', 'promoted', 'promoted', 'promoted']",12,3,v11,15,2,13,1,0.1333333333333333,0.6666666666666666,0.2222222222222222,-107.0,1.396984577178955
2026-03-02 23:06:57,PSO_LSTM_kswin,linear_abrupt_drift_1,,0.0409673599345458,0.0033313648800923,0.0577179770963285,15,203.741726398468,13.582781759897868,5,"['promoted', 'promoted', 'promoted', 'held', 'held', 'held', 'held', 'held', 'held', 'held', 'held', 'promoted', 'promoted', 'held', 'held']",5,10,v0,15,3,12,0,0.2,1.0,0.3333333333333333,-84.66666666666667,229.09596514701843
2026-03-02 23:08:53,PSO_ELM_kswin,linear_abrupt_drift_1,,0.0668734593102449,0.0365073827233858,0.1910690522386757,16,114.90326929092409,7.1814543306827545,15,"['promoted', 'promoted', 'promoted', 'promoted', 'promoted', 'promoted', 'promoted', 'promoted', 'promoted', 'promoted', 'promoted', 'held', 'promoted', 'promoted', 'promoted', 'promoted']",15,1,v16,16,3,13,0,0.1875,1.0,0.3157894736842105,-15.333333333333334,116.1220064163208
2026-03-02 23:09:15,LSTM_kswin,linear_abrupt_drift_1,,0.0431345666217416,0.0030813786062813,0.0555101666929699,17,2.2056655883789062,0.1297450346105239,14,"['promoted', 'held', 'promoted', 'held', 'promoted', 'promoted', 'promoted', 'promoted', 'promoted', 'held', 'promoted', 'promoted', 'promoted', 'promoted', 'promoted', 'promoted', 'promoted']",14,3,v17,17,3,14,0,0.1764705882352941,1.0,0.3,-63.66666666666666,21.864197731018063
2026-03-02 23:09:15,ELM_kswin,linear_abrupt_drift_1,,0.1484447060311322,0.4523972827435278,0.6726048488849362,19,0.0203099250793457,0.0010689434252287,15,"['promoted', 'held', 'promoted', 'held', 'promoted', 'promoted', 'promoted', 'promoted', 'promoted', 'promoted', 'promoted', 'promoted', 'promoted', 'promoted', 'promoted', 'held', 'promoted', 'held', 'promoted']",15,4,v19,19,3,16,0,0.1578947368421052,1.0,0.2727272727272727,17.666666666666668,0.663379430770874
2026-03-02 23:20:17,PSO_LSTM_kswin,linear_abrupt_drift_2,,0.0416236484692041,0.0034798768516025,0.0589904810253531,15,298.0281443595886,19.86854295730591,8,"['held', 'held', 'promoted', 'held', 'promoted', 'held', 'held', 'promoted', 'promoted', 'promoted', 'held', 'promoted', 'held', 'promoted', 'promoted']",8,7,v0,15,3,12,0,0.2,1.0,0.3333333333333333,52.0,319.6472473144531
2026-03-02 23:21:39,PSO_ELM_kswin,linear_abrupt_drift_2,,0.0450751539550277,0.0059489141341748,0.0771292041588324,16,81.15334796905518,5.0720842480659485,11,"['held', 'promoted', 'promoted', 'held', 'promoted', 'promoted', 'promoted', 'held', 'promoted', 'promoted', 'promoted', 'promoted', 'held', 'promoted', 'promoted', 'held']",11,5,v15,16,3,13,0,0.1875,1.0,0.3157894736842105,-50.0,82.444997549057
2026-03-02 23:22:00,LSTM_kswin,linear_abrupt_drift_2,,0.0280036032795756,0.0012974236496522,0.036019767484705,13,1.815701961517334,0.1396693816551795,12,"['promoted', 'promoted', 'promoted', 'promoted', 'promoted', 'promoted', 'promoted', 'promoted', 'held', 'promoted', 'promoted', 'promoted', 'promoted']",12,1,v13,13,2,11,1,0.1538461538461538,0.6666666666666666,0.25,-109.0,21.00301957130432
2026-03-02 23:22:01,ELM_kswin,linear_abrupt_drift_2,,0.0764629321082925,0.0191410609873125,0.1383512232953239,19,0.0144338607788085,0.0007596768830951,15,"['promoted', 'held', 'promoted', 'promoted', 'promoted', 'promoted', 'promoted', 'promoted', 'promoted', 'promoted', 'promoted', 'held', 'promoted', 'held', 'held', 'promoted', 'promoted', 'promoted', 'promoted']",15,4,v19,19,3,16,0,0.1578947368421052,1.0,0.2727272727272727,-6.666666666666667,0.8588299751281738
2026-03-02 23:29:32,PSO_LSTM_kswin,linear_abrupt_drift_3,,0.095733214747294,0.0137229768169546,0.1171451100855458,16,88.4021065235138,5.525131657719612,4,"['held', 'promoted', 'promoted', 'held', 'held', 'held', 'promoted', 'promoted', 'held', 'held', 'held', 'held', 'held', 'held', 'held', 'held']",4,12,v1,16,3,13,0,0.1875,1.0,0.3157894736842105,-48.333333333333336,112.5018560886383
2026-03-02 23:30:59,PSO_ELM_kswin,linear_abrupt_drift_3,,0.1954718360699435,0.789976181313548,0.8888060425725895,17,85.68924283981323,5.0405436964596015,11,"['held', 'held', 'promoted', 'promoted', 'promoted', 'promoted', 'held', 'promoted', 'held', 'promoted', 'held', 'held', 'promoted', 'promoted', 'promoted', 'promoted', 'promoted']",11,6,v17,17,3,14,0,0.1764705882352941,1.0,0.3,-14.333333333333334,86.72917771339417
2026-03-02 23:31:19,LSTM_kswin,linear_abrupt_drift_3,,0.0338847624489825,0.0019971122187065,0.0446890615106932,12,1.8986542224884035,0.1582211852073669,9,"['promoted', 'promoted', 'held', 'promoted', 'held', 'promoted', 'promoted', 'promoted', 'promoted', 'promoted', 'promoted', 'held']",9,3,v11,12,3,9,0,0.25,1.0,0.4,18.666666666666668,20.6204481124878
2026-03-02 23:31:20,ELM_kswin,linear_abrupt_drift_3,,0.3143579240838432,0.9615106876041832,0.9805665136053664,20,0.0229287147521972,0.0011464357376098,16,"['promoted', 'held', 'promoted', 'held', 'promoted', 'promoted', 'promoted', 'promoted', 'promoted', 'promoted', 'promoted', 'promoted', 'held', 'promoted', 'held', 'promoted', 'promoted', 'promoted', 'promoted', 'promoted']",16,4,v9,20,3,17,0,0.15,1.0,0.2608695652173913,80.0,0.4199855327606201
2026-03-02 23:42:51,PSO_LSTM_kswin,linear_abrupt_drift_4,,0.0427814565398666,0.0053082531412704,0.0728577596503654,16,342.93416929244995,21.43338558077812,2,"['held', 'held', 'held', 'held', 'held', 'held', 'held', 'held', 'held', 'promoted', 'promoted', 'held', 'held', 'held', 'held', 'held']",2,14,v0,16,3,13,0,0.1875,1.0,0.3157894736842105,44.333333333333336,366.65801525115967
2026-03-02 23:43:20,PSO_ELM_kswin,linear_abrupt_drift_4,,0.6232267777386268,14.482987798606771,3.805652085859501,17,27.3806426525116,1.610626038383035,11,"['held', 'held', 'promoted', 'promoted', 'promoted', 'held', 'held', 'promoted', 'promoted', 'held', 'held', 'promoted', 'promoted', 'promoted', 'promoted', 'promoted', 'promoted']",11,6,v17,17,3,14,0,0.1764705882352941,1.0,0.3,2.333333333333333,28.42027282714844
2026-03-02 23:43:41,LSTM_kswin,linear_abrupt_drift_4,,0.0352581031006109,0.0021795107316002,0.0466852303368021,16,2.558098793029785,0.1598811745643615,13,"['held', 'promoted', 'promoted', 'held', 'promoted', 'promoted', 'promoted', 'promoted', 'promoted', 'promoted', 'promoted', 'promoted', 'promoted', 'held', 'promoted', 'promoted']",13,3,v14,16,3,13,0,0.1875,1.0,0.3157894736842105,39.0,21.31259536743164
2026-03-02 23:43:42,ELM_kswin,linear_abrupt_drift_4,,0.2377481768345179,2.240304010508904,1.4967645140465162,17,0.0157737731933593,0.000927869011374,13,"['promoted', 'promoted', 'promoted', 'promoted', 'promoted', 'promoted', 'promoted', 'held', 'held', 'promoted', 'promoted', 'held', 'promoted', 'promoted', 'promoted', 'promoted', 'held']",13,4,v16,17,3,14,0,0.1764705882352941,1.0,0.3,95.0,0.9856486320495604
2026-03-02 23:54:44,PSO_LSTM_kswin,linear_abrupt_drift_5,,0.045069041683923,0.005981557618602,0.077340530245157,15,282.961847782135,18.864123185475663,7,"['promoted', 'promoted', 'held', 'held', 'promoted', 'held', 'held', 'promoted', 'held', 'promoted', 'held', 'held', 'promoted', 'held', 'promoted']",7,8,v15,15,3,12,0,0.2,1.0,0.3333333333333333,-127.66666666666669,306.3407428264618
2026-03-02 23:55:40,PSO_ELM_kswin,linear_abrupt_drift_5,,0.0315721322859215,0.0018871299220078,0.0434411086645796,15,53.96643900871277,3.597762600580851,12,"['held', 'promoted', 'held', 'promoted', 'promoted', 'promoted', 'promoted', 'promoted', 'held', 'promoted', 'promoted', 'promoted', 'promoted', 'promoted', 'promoted']",12,3,v15,15,3,12,0,0.2,1.0,0.3333333333333333,-18.666666666666668,55.31998085975647
2026-03-02 23:56:00,LSTM_kswin,linear_abrupt_drift_5,,0.0280185311587678,0.0012668719729034,0.0355931450268657,12,1.8203861713409424,0.1516988476117452,12,"['promoted', 'promoted', 'promoted', 'promoted', 'promoted', 'promoted', 'promoted', 'promoted', 'promoted', 'promoted', 'promoted', 'promoted']",12,0,v12,12,2,10,1,0.1666666666666666,0.6666666666666666,0.2666666666666666,-27.5,20.690298080444336
2026-03-02 23:56:01,ELM_kswin,linear_abrupt_drift_5,,0.0684224784136704,0.0225168749601536,0.1500562393243067,17,0.0307445526123046,0.0018085030948414,13,"['held', 'promoted', 'promoted', 'promoted', 'promoted', 'promoted', 'held', 'promoted', 'promoted', 'promoted', 'promoted', 'promoted', 'promoted', 'held', 'promoted', 'promoted', 'held']",13,4,v16,17,3,14,0,0.1764705882352941,1.0,0.3,-34.0,0.916567087173462
2026-03-03 00:04:16,PSO_LSTM_kswin,linear_abrupt_drift_6,,0.0312279780175618,0.0017587975564555,0.0419380204165098,13,145.81091594696045,11.216224303612345,7,"['held', 'promoted', 'promoted', 'held', 'held', 'held', 'held', 'promoted', 'promoted', 'held', 'promoted', 'promoted', 'promoted']",7,6,v8,13,2,11,1,0.1538461538461538,0.6666666666666666,0.25,103.0,170.74703216552734
2026-03-03 00:05:13,PSO_ELM_kswin,linear_abrupt_drift_6,,0.0399200490415575,0.0042261944168149,0.0650091871723912,16,55.59692454338074,3.474807783961296,13,"['promoted', 'promoted', 'held', 'promoted', 'held', 'promoted', 'held', 'promoted', 'promoted', 'promoted', 'promoted', 'promoted', 'promoted', 'promoted', 'promoted', 'promoted']",13,3,v16,16,3,13,0,0.1875,1.0,0.3157894736842105,-19.666666666666668,56.7319176197052
2026-03-03 00:05:35,LSTM_kswin,linear_abrupt_drift_6,,0.0300688000440392,0.001533740403762,0.0391629978903814,13,2.288278341293335,0.1760214108687181,13,"['promoted', 'promoted', 'promoted', 'promoted', 'promoted', 'promoted', 'promoted', 'promoted', 'promoted', 'promoted', 'promoted', 'promoted', 'promoted']",13,0,v9,13,3,10,0,0.2307692307692307,1.0,0.375,25.666666666666668,21.76688241958618
2026-03-03 00:05:36,ELM_kswin,linear_abrupt_drift_6,,0.1180832188641744,0.0611113768183887,0.247207153655368,17,0.0140483379364013,0.0008263728197883,15,"['promoted', 'held', 'promoted', 'promoted', 'promoted', 'promoted', 'promoted', 'promoted', 'promoted', 'promoted', 'promoted', 'promoted', 'promoted', 'promoted', 'promoted', 'promoted', 'held']",15,2,v16,17,3,14,0,0.1764705882352941,1.0,0.3,-87.33333333333333,0.9428236484527588
2026-03-03 00:15:21,PSO_LSTM_kswin,linear_abrupt_drift_7,,0.0337689592487821,0.0020612247270981,0.0454007128479076,13,169.9563992023468,13.073569169411291,6,"['held', 'promoted', 'promoted', 'held', 'held', 'promoted', 'held', 'promoted', 'held', 'held', 'promoted', 'promoted', 'held']",6,7,v0,13,2,11,1,0.1538461538461538,0.6666666666666666,0.25,78.5,194.553435087204
2026-03-03 00:16:02,PSO_ELM_kswin,linear_abrupt_drift_7,,0.0725218783502793,0.0407170786801381,0.2017847335160371,16,39.71089124679565,2.4819307029247284,11,"['held', 'promoted', 'promoted', 'held', 'promoted', 'promoted', 'promoted', 'promoted', 'promoted', 'held', 'promoted', 'held', 'promoted', 'promoted', 'held', 'promoted']",11,5,v16,16,3,13,0,0.1875,1.0,0.3157894736842105,105.66666666666669,40.76215696334839
2026-03-03 00:16:20,LSTM_kswin,linear_abrupt_drift_7,,0.0314260773777775,0.0016273483549286,0.0403404059836859,14,1.9531958103179927,0.1395139864512852,12,"['promoted', 'promoted', 'promoted', 'promoted', 'promoted', 'promoted', 'promoted', 'held', 'promoted', 'promoted', 'promoted', 'promoted', 'held', 'promoted']",12,2,v14,14,3,11,0,0.2142857142857142,1.0,0.3529411764705882,-195.0,18.1241672039032
2026-03-03 00:16:21,ELM_kswin,linear_abrupt_drift_7,,0.0913390137882442,0.0438738639822536,0.2094608889082962,18,0.0120470523834228,0.0006692806879679,15,"['held', 'held', 'promoted', 'promoted', 'promoted', 'promoted', 'promoted', 'promoted', 'promoted', 'promoted', 'promoted', 'promoted', 'promoted', 'promoted', 'held', 'promoted', 'promoted', 'promoted']",15,3,v18,18,3,15,0,0.1666666666666666,1.0,0.2857142857142857,-6.666666666666667,0.8048603534698486
2026-03-03 00:23:01,PSO_LSTM_kswin,linear_abrupt_drift_8,,0.1619663953870945,0.0506732751898537,0.2251072526371678,19,132.93525552749634,6.996592396184018,4,"['held', 'promoted', 'promoted', 'held', 'held', 'held', 'held', 'held', 'held', 'promoted', 'promoted', 'held', 'held', 'held', 'held', 'held', 'held', 'held', 'held']",4,15,v11,19,3,16,0,0.1578947368421052,1.0,0.2727272727272727,25.33333333333333,159.0115978717804
2026-03-03 00:23:33,PSO_ELM_kswin,linear_abrupt_drift_8,,0.1795680888123999,0.1801908904388784,0.4244889756388008,18,31.306360244750977,1.7392422358194988,17,"['held', 'promoted', 'promoted', 'promoted', 'promoted', 'promoted', 'promoted', 'promoted', 'promoted', 'promoted', 'promoted', 'promoted', 'promoted', 'promoted', 'promoted', 'promoted', 'promoted', 'promoted']",17,1,v17,18,3,15,0,0.1666666666666666,1.0,0.2857142857142857,-35.333333333333336,32.1116156578064
2026-03-03 00:23:54,LSTM_kswin,linear_abrupt_drift_8,,0.0540865771150167,0.0048685697387993,0.069775136967256,16,2.228193521499634,0.1392620950937271,13,"['promoted', 'promoted', 'held', 'promoted', 'promoted', 'promoted', 'promoted', 'promoted', 'promoted', 'promoted', 'promoted', 'held', 'promoted', 'promoted', 'promoted', 'held']",13,3,v15,16,3,13,0,0.1875,1.0,0.3157894736842105,-156.33333333333334,20.603909254074097
2026-03-03 00:23:55,ELM_kswin,linear_abrupt_drift_8,,0.0883628292785607,0.022573987950735,0.150246424086349,18,0.0126960277557373,0.0007053348753187,15,"['held', 'promoted', 'promoted', 'promoted', 'promoted', 'promoted', 'promoted', 'promoted', 'promoted', 'held', 'promoted', 'promoted', 'held', 'promoted', 'promoted', 'promoted', 'promoted', 'promoted']",15,3,v18,18,3,15,0,0.1666666666666666,1.0,0.2857142857142857,36.333333333333336,0.8107411861419678
2026-03-03 00:31:52,PSO_LSTM_kswin,linear_abrupt_drift_9,,0.0365293506080426,0.0024950181274386,0.0499501564305727,13,151.30462169647217,11.63881705357478,2,"['held', 'held', 'held', 'held', 'held', 'held', 'held', 'held', 'held', 'held', 'promoted', 'promoted', 'held']",2,11,v0,13,3,10,0,0.2307692307692307,1.0,0.375,-38.66666666666666,175.0896770954132
2026-03-03 00:32:49,PSO_ELM_kswin,linear_abrupt_drift_9,,0.0519275290173052,0.0122575961651498,0.1107140287639732,18,56.14310669898987,3.119061483277215,14,"['held', 'promoted', 'held', 'promoted', 'promoted', 'promoted', 'promoted', 'promoted', 'promoted', 'promoted', 'promoted', 'promoted', 'promoted', 'promoted', 'promoted', 'held', 'held', 'promoted']",14,4,v18,18,3,15,0,0.1666666666666666,1.0,0.2857142857142857,-12.666666666666666,56.99786138534546
2026-03-03 00:33:09,LSTM_kswin,linear_abrupt_drift_9,,0.0358081406514693,0.0022215759575198,0.0471335969083609,15,2.2054920196533203,0.1470328013102213,11,"['promoted', 'held', 'promoted', 'promoted', 'promoted', 'held', 'held', 'held', 'promoted', 'promoted', 'promoted', 'promoted', 'promoted', 'promoted', 'promoted']",11,4,v15,15,3,12,0,0.2,1.0,0.3333333333333333,-155.0,20.245662689208984
2026-03-03 00:33:10,ELM_kswin,linear_abrupt_drift_9,,0.1688616284062818,0.0835105242926757,0.2889818753705424,20,0.0181996822357177,0.0009099841117858,19,"['promoted', 'promoted', 'promoted', 'promoted', 'promoted', 'promoted', 'promoted', 'held', 'promoted', 'promoted', 'promoted', 'promoted', 'promoted', 'promoted', 'promoted', 'promoted', 'promoted', 'promoted', 'promoted', 'promoted']",19,1,v20,20,3,17,0,0.15,1.0,0.2608695652173913,79.0,0.7423362731933594
2026-03-03 00:41:12,PSO_LSTM_kswin,linear_abrupt_drift_10,,0.0399974777990348,0.0028938289440452,0.0537943207415544,14,174.7191298007965,12.479937842914037,5,"['held', 'promoted', 'promoted', 'held', 'held', 'held', 'held', 'held', 'held', 'promoted', 'held', 'promoted', 'held', 'promoted']",5,9,v14,14,3,11,0,0.2142857142857142,1.0,0.3529411764705882,-62.0,198.8701841831208
2026-03-03 00:41:54,PSO_ELM_kswin,linear_abrupt_drift_10,,0.1090841308382258,0.2253761591553088,0.4747379900063916,18,41.672749280929565,2.31515273782942,17,"['promoted', 'promoted', 'promoted', 'promoted', 'promoted', 'promoted', 'promoted', 'promoted', 'promoted', 'promoted', 'promoted', 'promoted', 'promoted', 'held', 'promoted', 'promoted', 'promoted', 'promoted']",17,1,v16,18,3,15,0,0.1666666666666666,1.0,0.2857142857142857,-90.0,42.44629716873169
2026-03-03 00:42:17,LSTM_kswin,linear_abrupt_drift_10,,0.0557674232078408,0.0055115115342571,0.0742395550515836,18,2.606694221496582,0.144816345638699,16,"['promoted', 'promoted', 'promoted', 'promoted', 'promoted', 'promoted', 'promoted', 'held', 'promoted', 'promoted', 'promoted', 'promoted', 'promoted', 'promoted', 'promoted', 'promoted', 'promoted']",16,1,v17,18,2,16,1,0.1111111111111111,0.6666666666666666,0.1904761904761905,105.5,23.227306127548218
2026-03-03 00:42:19,ELM_kswin,linear_abrupt_drift_10,,0.1256224520325143,0.3338509971496685,0.5777984052848091,16,0.0186452865600585,0.0011653304100036,15,"['promoted', 'promoted', 'promoted', 'promoted', 'promoted', 'promoted', 'promoted', 'promoted', 'held', 'promoted', 'promoted', 'promoted', 'promoted', 'promoted', 'promoted', 'promoted']",15,1,v16,16,3,13,0,0.1875,1.0,0.3157894736842105,66.66666666666667,1.183380126953125
2026-03-03 00:49:23,PSO_LSTM_kswin,linear_abrupt_drift_11,,0.1584220029540873,0.0357786710143487,0.1891525072906746,20,99.17123079299928,4.958561539649963,5,"['promoted', 'promoted', 'promoted', 'promoted', 'promoted', 'held', 'held', 'held', 'held', 'held', 'held', 'held', 'held', 'held', 'held', 'held', 'held', 'held', 'held', 'held']",5,15,v3,20,3,17,0,0.15,1.0,0.2608695652173913,-4.333333333333333,123.86319231987
2026-03-03 00:50:21,PSO_ELM_kswin,linear_abrupt_drift_11,,0.2654879762032372,0.950046232209096,0.9747031508152088,18,57.60110425949097,3.2000613477494984,13,"['promoted', 'promoted', 'promoted', 'promoted', 'promoted', 'promoted', 'promoted', 'promoted', 'promoted', 'promoted', 'promoted', 'held', 'held', 'held', 'promoted', 'held', 'promoted', 'held']",13,5,v17,18,3,15,0,0.1666666666666666,1.0,0.2857142857142857,-44.333333333333336,58.3822660446167
2026-03-03 00:50:43,LSTM_kswin,linear_abrupt_drift_11,,0.0332899595817427,0.0018956609001073,0.043539188096557,14,2.130831718444824,0.1522022656032017,10,"['promoted', 'promoted', 'held', 'held', 'promoted', 'promoted', 'promoted', 'promoted', 'promoted', 'held', 'held', 'promoted', 'promoted', 'promoted']",10,4,v12,14,3,11,0,0.2142857142857142,1.0,0.3529411764705882,33.333333333333336,22.00706386566162
2026-03-03 00:50:44,ELM_kswin,linear_abrupt_drift_11,,1.175024672696649,27.314954620232204,5.226371075634814,19,0.0146515369415283,0.0007711335232383,18,"['promoted', 'promoted', 'promoted', 'promoted', 'promoted', 'promoted', 'promoted', 'promoted', 'promoted', 'promoted', 'promoted', 'promoted', 'promoted', 'promoted', 'held', 'promoted', 'promoted', 'promoted', 'promoted']",18,1,v19,19,3,16,0,0.1578947368421052,1.0,0.2727272727272727,-55.0,0.7905504703521729
2026-03-03 01:00:07,PSO_LSTM_kswin,linear_abrupt_drift_12,,0.0421630092927526,0.0036562783870525,0.0604671678438186,14,151.04355359077454,10.788825256483896,7,"['held', 'promoted', 'promoted', 'held', 'held', 'held', 'held', 'promoted', 'promoted', 'promoted', 'promoted', 'held', 'held', 'promoted']",7,7,v14,14,3,11,0,0.2142857142857142,1.0,0.3529411764705882,-84.66666666666667,173.22741675376892
2026-03-03 01:00:49,PSO_ELM_kswin,linear_abrupt_drift_12,,0.7960257203671893,12.847634798399197,3.584359747346685,17,40.84188771247864,2.4024639830869785,16,"['held', 'promoted', 'promoted', 'promoted', 'promoted', 'promoted', 'promoted', 'promoted', 'promoted', 'promoted', 'promoted', 'promoted', 'promoted', 'promoted', 'promoted', 'promoted', 'promoted']",16,1,v17,17,3,14,0,0.1764705882352941,1.0,0.3,8.333333333333334,41.9915554523468
2026-03-03 01:01:10,LSTM_kswin,linear_abrupt_drift_12,,0.0318820273840587,0.0017122998026189,0.041379944449201,13,2.146076440811157,0.1650828031393197,11,"['held', 'promoted', 'promoted', 'promoted', 'promoted', 'promoted', 'promoted', 'promoted', 'promoted', 'promoted', 'promoted', 'promoted', 'held']",11,2,v12,13,3,10,0,0.2307692307692307,1.0,0.375,-107.0,21.577354192733765
2026-03-03 01:01:11,ELM_kswin,linear_abrupt_drift_12,,0.5146125081889629,12.978329067113611,3.602544804317305,19,0.0149586200714111,0.0007872957932321,16,"['promoted', 'promoted', 'promoted', 'promoted', 'promoted', 'promoted', 'promoted', 'promoted', 'promoted', 'promoted', 'held', 'promoted', 'promoted', 'promoted', 'promoted', 'held', 'promoted', 'promoted']",16,2,v16,19,3,16,0,0.1578947368421052,1.0,0.2727272727272727,-53.0,0.8566534519195557
2026-03-03 01:09:33,PSO_LSTM_kswin,linear_abrupt_drift_13,,0.068191904982488,0.00710757640216,0.0843064434201802,15,207.4418067932129,13.829453786214192,8,"['held', 'promoted', 'promoted', 'promoted', 'promoted', 'promoted', 'held', 'held', 'held', 'held', 'held', 'held', 'promoted', 'promoted', 'promoted']",8,7,v12,15,3,12,0,0.2,1.0,0.3333333333333333,-35.0,235.4343671798706
2026-03-03 01:10:30,PSO_ELM_kswin,linear_abrupt_drift_13,,0.0480615650364687,0.0057220872380788,0.0756444792306669,20,56.81370401382446,2.840685200691224,16,"['held', 'promoted', 'held', 'promoted', 'promoted', 'promoted', 'promoted', 'promoted', 'promoted', 'promoted', 'promoted', 'promoted', 'promoted', 'held', 'promoted', 'promoted', 'held', 'promoted', 'promoted', 'promoted']",16,4,v20,20,3,17,0,0.15,1.0,0.2608695652173913,-20.666666666666668,57.39900040626526
2026-03-03 01:10:52,LSTM_kswin,linear_abrupt_drift_13,,0.037878371660872,0.0024332058878326,0.0493275368109195,17,2.1497552394866943,0.1264561905580408,10,"['promoted', 'held', 'promoted', 'promoted', 'held', 'held', 'promoted', 'promoted', 'promoted', 'held', 'promoted', 'held', 'held', 'promoted', 'promoted', 'held', 'promoted']",10,7,v17,17,3,14,0,0.1764705882352941,1.0,0.3,-103.0,22.167044401168823
2026-03-03 01:10:53,ELM_kswin,linear_abrupt_drift_13,,0.0711906054622777,0.0169207270798051,0.130079695109595,19,0.0159385204315185,0.0008388694963957,12,"['promoted', 'held', 'held', 'held', 'promoted', 'promoted', 'promoted', 'promoted', 'promoted', 'promoted', 'held', 'promoted', 'held', 'promoted', 'promoted', 'held', 'held', 'promoted', 'promoted']",12,7,v19,19,3,16,0,0.1578947368421052,1.0,0.2727272727272727,-2.6666666666666665,0.7907681465148926
2026-03-03 01:21:15,PSO_LSTM_kswin,linear_abrupt_drift_14,,0.0398044952513335,0.0028971235892082,0.0538249346419317,13,204.23246026039124,15.710189250799326,6,"['promoted', 'promoted', 'promoted', 'promoted', 'held', 'held', 'held', 'held', 'promoted', 'promoted', 'held', 'held', 'held']",6,7,v0,13,2,11,1,0.1538461538461538,0.6666666666666666,0.25,108.5,228.47763299942017
2026-03-03 01:22:13,PSO_ELM_kswin,linear_abrupt_drift_14,,0.1577457462912936,0.122234183037095,0.3496200552558378,20,57.04951596260071,2.8524757981300355,14,"['held', 'held', 'promoted', 'held', 'promoted', 'promoted', 'promoted', 'promoted', 'promoted', 'promoted', 'promoted', 'held', 'promoted', 'held', 'held', 'promoted', 'promoted', 'promoted', 'promoted', 'promoted']",14,6,v20,20,3,17,0,0.15,1.0,0.2608695652173913,-73.0,57.55130791664124
2026-03-03 01:22:35,LSTM_kswin,linear_abrupt_drift_14,,0.0315490974887459,0.0016835820704772,0.041031476581732,11,1.9091250896453853,0.1735568263313987,8,"['promoted', 'held', 'promoted', 'promoted', 'promoted', 'promoted', 'promoted', 'promoted', 'promoted', 'held', 'held']",8,3,v9,11,2,9,1,0.1818181818181818,0.6666666666666666,0.2857142857142857,130.5,22.29750609397888
2026-03-03 01:22:36,ELM_kswin,linear_abrupt_drift_14,,0.1065812796715176,0.0402095005559312,0.200523067391089,20,0.01544189453125,0.0007720947265625,16,"['promoted', 'held', 'promoted', 'promoted', 'promoted', 'promoted', 'promoted', 'promoted', 'held', 'promoted', 'promoted', 'promoted', 'promoted', 'held', 'promoted', 'promoted', 'promoted', 'promoted', 'held', 'promoted']",16,4,v20,20,3,17,0,0.15,1.0,0.2608695652173913,-80.33333333333333,0.6688096523284912
2026-03-03 01:28:35,PSO_LSTM_kswin,linear_abrupt_drift_15,,0.0436327037466482,0.0033206863607228,0.0576253968378775,16,98.70023369789124,6.168764606118202,1,"['held', 'held', 'promoted', 'held', 'held', 'held', 'held', 'held', 'held', 'held', 'held', 'held', 'held', 'held', 'held', 'held']",1,15,v2,16,3,13,0,0.1875,1.0,0.3157894736842105,98.0,123.67608594894408
2026-03-03 01:29:14,PSO_ELM_kswin,linear_abrupt_drift_15,,0.0996714214189697,0.0843065582649436,0.2903559165316657,14,38.0477466583252,2.717696189880371,11,"['held', 'promoted', 'promoted', 'promoted', 'promoted', 'promoted', 'promoted', 'promoted', 'held', 'promoted', 'promoted', 'held', 'promoted', 'promoted']",11,3,v11,14,3,11,0,0.2142857142857142,1.0,0.3529411764705882,26.33333333333333,39.41762518882752
2026-03-03 01:29:36,LSTM_kswin,linear_abrupt_drift_15,,0.049156243117079,0.004018150550438,0.0633888834925975,19,2.806077003479004,0.1476882633410002,13,"['promoted', 'promoted', 'promoted', 'promoted', 'held', 'held', 'promoted', 'held', 'promoted', 'promoted', 'promoted', 'held', 'promoted', 'promoted', 'promoted', 'promoted', 'held', 'promoted', 'held']",13,6,v18,19,3,16,0,0.1578947368421052,1.0,0.2727272727272727,11.666666666666666,22.2297432422638
2026-03-03 01:29:37,ELM_kswin,linear_abrupt_drift_15,,0.2282095741174143,0.5150817159054302,0.7176919366311915,18,0.0108163356781005,0.0006009075376722,16,"['promoted', 'promoted', 'promoted', 'promoted', 'promoted', 'promoted', 'promoted', 'promoted', 'promoted', 'held', 'promoted', 'promoted', 'promoted', 'promoted', 'promoted', 'promoted', 'held', 'promoted']",16,2,v17,18,3,15,0,0.1666666666666666,1.0,0.2857142857142857,65.0,0.7484638690948486
2026-03-03 01:38:44,PSO_LSTM_kswin,linear_abrupt_drift_16,,0.0345635629709506,0.0020465127101986,0.0452383986254893,14,145.6397886276245,10.402842044830322,6,"['held', 'held', 'held', 'promoted', 'held', 'promoted', 'held', 'promoted', 'promoted', 'promoted', 'promoted', 'held', 'held', 'held']",6,8,v10,14,3,11,0,0.2142857142857142,1.0,0.3529411764705882,-18.666666666666668,171.60053277015686
2026-03-03 01:39:24,PSO_ELM_kswin,linear_abrupt_drift_16,,0.0422804383204724,0.0039294310513033,0.0626851740948636,15,38.40814161300659,2.56054277420044,11,"['held', 'held', 'promoted', 'held', 'promoted', 'promoted', 'promoted', 'held', 'promoted', 'promoted', 'promoted', 'promoted', 'promoted', 'promoted', 'promoted']",11,4,v12,15,3,12,0,0.2,1.0,0.3333333333333333,-36.333333333333336,39.749849796295166
2026-03-03 01:39:46,LSTM_kswin,linear_abrupt_drift_16,,0.0331503257033245,0.0018086936107286,0.0425287386449292,16,2.7260866165161133,0.170380413532257,16,"['promoted', 'promoted', 'promoted', 'promoted', 'promoted', 'promoted', 'promoted', 'promoted', 'promoted', 'promoted', 'promoted', 'promoted', 'promoted', 'promoted', 'promoted', 'promoted']",16,0,v14,16,3,13,0,0.1875,1.0,0.3157894736842105,-80.66666666666667,21.290453672409058
2026-03-03 01:39:46,ELM_kswin,linear_abrupt_drift_16,,0.1857145351533212,0.5079234270142658,0.7126874679789633,20,0.0137414932250976,0.0006870746612548,15,"['promoted', 'promoted', 'promoted', 'held', 'held', 'promoted', 'held', 'promoted', 'promoted', 'promoted', 'promoted', 'held', 'promoted', 'promoted', 'promoted', 'promoted', 'promoted', 'held', 'promoted', 'promoted']",15,5,v20,20,3,17,0,0.15,1.0,0.2608695652173913,-93.0,0.5457973480224609
2026-03-03 01:46:43,PSO_LSTM_kswin,linear_abrupt_drift_17,,0.0449538884940374,0.004011510800212,0.0633364886950014,14,128.74853348731995,9.196323820522853,5,"['promoted', 'promoted', 'promoted', 'held', 'held', 'promoted', 'promoted', 'held', 'held', 'held', 'held', 'held', 'held', 'held']",5,9,v7,14,3,11,0,0.2142857142857142,1.0,0.3529411764705882,69.66666666666667,155.55040454864502
2026-03-03 01:47:52,PSO_ELM_kswin,linear_abrupt_drift_17,,0.0478338544115562,0.0121737326423299,0.1103346393583172,16,67.55496025085449,4.222185015678406,13,"['held', 'held', 'promoted', 'promoted', 'promoted', 'promoted', 'promoted', 'promoted', 'promoted', 'promoted', 'promoted', 'promoted', 'promoted', 'held', 'promoted', 'promoted']",13,3,v16,16,3,13,0,0.1875,1.0,0.3157894736842105,-0.3333333333333333,68.80403208732605
2026-03-03 01:48:12,LSTM_kswin,linear_abrupt_drift_17,,0.0602542472829676,0.0061253979789521,0.0782649217654508,18,2.291030168533325,0.1272794538074069,17,"['promoted', 'promoted', 'promoted', 'promoted', 'promoted', 'promoted', 'promoted', 'promoted', 'promoted', 'promoted', 'promoted', 'promoted', 'promoted', 'promoted', 'promoted', 'held', 'promoted', 'promoted']",17,1,v18,18,3,15,0,0.1666666666666666,1.0,0.2857142857142857,71.0,19.87111163139344
2026-03-03 01:48:13,ELM_kswin,linear_abrupt_drift_17,,0.3669458779073086,5.045817919068033,2.246289811904963,17,0.012068748474121,0.0007099263808306,16,"['promoted', 'promoted', 'promoted', 'held', 'promoted', 'promoted', 'promoted', 'promoted', 'promoted', 'promoted', 'promoted', 'promoted', 'promoted', 'promoted', 'promoted', 'promoted', 'promoted']",16,1,v17,17,3,14,0,0.1764705882352941,1.0,0.3,50.0,0.9926276206970216
2026-03-03 01:57:14,PSO_LSTM_kswin,linear_abrupt_drift_18,,0.0407502073561891,0.003176933891583,0.0563642962484497,13,189.80058932304385,14.600045332541832,8,"['held', 'promoted', 'held', 'promoted', 'promoted', 'held', 'promoted', 'promoted', 'promoted', 'promoted', 'promoted', 'held', 'held']",8,5,v0,13,3,10,0,0.2307692307692307,1.0,0.375,2.0,211.8325197696685
2026-03-03 01:58:10,PSO_ELM_kswin,linear_abrupt_drift_18,,0.1212556425660461,0.0586664261349646,0.2422115317959998,17,54.54746866226196,3.20867462719188,16,"['promoted', 'promoted', 'promoted', 'promoted', 'promoted', 'promoted', 'promoted', 'promoted', 'held', 'promoted', 'promoted', 'promoted', 'promoted', 'promoted', 'promoted', 'promoted', 'promoted']",16,1,v17,17,3,14,0,0.1764705882352941,1.0,0.3,-29.666666666666668,55.53993844985962
2026-03-03 01:58:30,LSTM_kswin,linear_abrupt_drift_18,,0.0353084042373424,0.0021686218220605,0.0465684638146951,14,2.056856870651245,0.1469183479036603,11,"['held', 'promoted', 'held', 'promoted', 'promoted', 'held', 'promoted', 'promoted', 'promoted', 'promoted', 'promoted', 'promoted', 'promoted', 'promoted']",11,3,v14,14,3,11,0,0.2142857142857142,1.0,0.3529411764705882,88.0,20.12018394470215
2026-03-03 01:58:31,ELM_kswin,linear_abrupt_drift_18,,0.3866066000586576,2.187923930048673,1.479163253345848,20,0.0169906616210937,0.0008495330810546,18,"['held', 'promoted', 'promoted', 'promoted', 'promoted', 'promoted', 'promoted', 'promoted', 'promoted', 'promoted', 'held', 'promoted', 'promoted', 'promoted', 'promoted', 'promoted', 'promoted', 'promoted', 'promoted', 'promoted']",18,2,v17,20,3,17,0,0.15,1.0,0.2608695652173913,-32.333333333333336,0.7105605602264404
2026-03-03 02:05:29,PSO_LSTM_kswin,linear_abrupt_drift_19,,0.0742097073567525,0.0080262452037362,0.0895893141157822,18,87.81388020515442,4.878548900286357,2,"['promoted', 'promoted', 'held', 'held', 'held', 'held', 'held', 'held', 'held', 'held', 'held', 'held', 'held', 'held', 'held', 'held', 'held', 'held']",2,16,v2,18,3,15,0,0.1666666666666666,1.0,0.2857142857142857,-23.33333333333333,114.71338152885436
2026-03-03 02:05:58,PSO_ELM_kswin,linear_abrupt_drift_19,,0.0577474519083009,0.0094956719854778,0.0974457386727495,19,28.09888601303101,1.4788887375279476,16,"['promoted', 'promoted', 'held', 'promoted', 'promoted', 'promoted', 'promoted', 'promoted', 'promoted', 'promoted', 'promoted', 'promoted', 'promoted', 'promoted', 'promoted', 'promoted', 'held', 'held', 'promoted']",16,3,v17,19,3,16,0,0.1578947368421052,1.0,0.2727272727272727,4.666666666666667,28.727091550827023
2026-03-03 02:06:19,LSTM_kswin,linear_abrupt_drift_19,,0.0373719328470033,0.0023409478686583,0.0483833428842859,17,2.9137542247772217,0.1713973073398365,12,"['promoted', 'promoted', 'promoted', 'promoted', 'promoted', 'promoted', 'held', 'promoted', 'held', 'promoted', 'promoted', 'held', 'promoted', 'held', 'held', 'promoted', 'promoted']",12,5,v11,17,2,15,1,0.1176470588235294,0.6666666666666666,0.2,1.0,21.41443705558777
2026-03-03 02:06:20,ELM_kswin,linear_abrupt_drift_19,,0.1137362997237805,0.0759205724102428,0.2755368803086855,19,0.0205609798431396,0.0010821568338494,14,"['promoted', 'promoted', 'promoted', 'promoted', 'held', 'promoted', 'promoted', 'promoted', 'held', 'promoted', 'promoted', 'promoted', 'held', 'promoted', 'held', 'promoted', 'held', 'promoted', 'promoted']",14,5,v19,19,3,16,0,0.1578947368421052,1.0,0.2727272727272727,-16.666666666666668,0.738727331161499
2026-03-03 02:17:02,PSO_LSTM_kswin,linear_abrupt_drift_20,,0.0308472217559441,0.0016628030906526,0.040777482642417,16,230.33875274658203,14.396172046661375,7,"['promoted', 'promoted', 'promoted', 'held', 'held', 'held', 'held', 'promoted', 'promoted', 'promoted', 'held', 'held', 'promoted', 'held', 'held', 'held']",7,9,v3,16,3,13,0,0.1875,1.0,0.3157894736842105,-85.33333333333333,253.52697658538816
2026-03-03 02:17:29,PSO_ELM_kswin,linear_abrupt_drift_20,,0.0549782107765484,0.0087903865632751,0.0937570614048623,16,25.56494688987732,1.5978091806173325,13,"['promoted', 'promoted', 'promoted', 'promoted', 'held', 'promoted', 'promoted', 'promoted', 'promoted', 'promoted', 'held', 'held', 'promoted', 'promoted', 'promoted', 'promoted']",13,3,v16,16,3,13,0,0.1875,1.0,0.3157894736842105,83.0,26.75290083885193
2026-03-03 02:17:52,LSTM_kswin,linear_abrupt_drift_20,,0.0292075216384401,0.001400728975207,0.0374263139409565,12,1.8754966259002688,0.156291385491689,10,"['promoted', 'promoted', 'promoted', 'promoted', 'promoted', 'promoted', 'promoted', 'held', 'held', 'promoted', 'promoted', 'promoted']",10,2,v12,12,3,9,0,0.25,1.0,0.4,-5.666666666666667,22.552959203720093
2026-03-03 02:17:53,ELM_kswin,linear_abrupt_drift_20,,0.093595784395127,0.036962552971623,0.192256477060262,19,0.0154249668121337,0.0008118403585333,13,"['promoted', 'promoted', 'promoted', 'held', 'promoted', 'promoted', 'promoted', 'held', 'held', 'promoted', 'held', 'held', 'promoted', 'promoted', 'promoted', 'promoted', 'promoted', 'held', 'promoted']",13,6,v19,19,3,16,0,0.1578947368421052,1.0,0.2727272727272727,15.333333333333334,0.7419664859771729
2026-03-03 02:26:49,PSO_LSTM_kswin,linear_abrupt_drift_21,,0.0703445782265317,0.0088292232524214,0.093963946556227,19,265.9587152004242,13.9978271158118,11,"['held', 'promoted', 'promoted', 'promoted', 'promoted', 'promoted', 'held', 'promoted', 'promoted', 'promoted', 'promoted', 'held', 'promoted', 'promoted', 'held', 'held', 'held', 'held', 'held']",11,8,v11,19,3,16,0,0.1578947368421052,1.0,0.2727272727272727,107.33333333333331,290.566823720932
2026-03-03 02:27:31,PSO_ELM_kswin,linear_abrupt_drift_21,,0.1078882756955426,0.1073567374836513,0.3276533800888545,16,40.979174852371216,2.561198428273201,15,"['held', 'promoted', 'promoted', 'promoted', 'promoted', 'promoted', 'promoted', 'promoted', 'promoted', 'promoted', 'promoted', 'promoted', 'promoted', 'promoted', 'promoted', 'promoted']",15,1,v14,16,3,13,0,0.1875,1.0,0.3157894736842105,-27.33333333333333,42.1977288722992
2026-03-03 02:27:53,LSTM_kswin,linear_abrupt_drift_21,,0.0401357359289134,0.0028880502600228,0.0537405829892351,15,2.522213935852051,0.16814759572347,13,"['promoted', 'promoted', 'promoted', 'promoted', 'promoted', 'promoted', 'held', 'promoted', 'promoted', 'promoted', 'promoted', 'promoted', 'held', 'promoted', 'promoted']",13,2,v8,15,3,12,0,0.2,1.0,0.3333333333333333,-40.333333333333336,22.15122485160828
2026-03-03 02:27:54,ELM_kswin,linear_abrupt_drift_21,,0.1737444189301676,0.1658170053016945,0.4072063424133942,19,0.0172123908996582,0.0009059153105083,14,"['held', 'held', 'promoted', 'promoted', 'promoted', 'promoted', 'promoted', 'promoted', 'promoted', 'promoted', 'held', 'held', 'promoted', 'promoted', 'promoted', 'promoted', 'promoted', 'promoted', 'held']",14,5,v16,19,3,16,0,0.1578947368421052,1.0,0.2727272727272727,20.666666666666668,0.8296456336975098
2026-03-03 02:34:15,PSO_LSTM_kswin,linear_abrupt_drift_22,,0.0607657387884149,0.0056994618966929,0.0754947805923887,16,91.14095306396484,5.696309566497803,2,"['promoted', 'held', 'held', 'held', 'held', 'held', 'held', 'held', 'held', 'held', 'held', 'held', 'held', 'held', 'held', 'promoted']",2,14,v15,16,3,13,0,0.1875,1.0,0.3157894736842105,-61.333333333333336,118.624587059021
2026-03-03 02:34:58,PSO_ELM_kswin,linear_abrupt_drift_22,,0.1263740439856972,0.4893740956321832,0.6995527825919808,17,42.316250801086426,2.48919122359332,13,"['promoted', 'promoted', 'promoted', 'promoted', 'held', 'held', 'promoted', 'promoted', 'promoted', 'held', 'held', 'promoted', 'promoted', 'promoted', 'promoted', 'promoted', 'promoted']",13,4,v17,17,3,14,0,0.1764705882352941,1.0,0.3,-3.333333333333333,43.3491313457489
2026-03-03 02:35:18,LSTM_kswin,linear_abrupt_drift_22,,0.0462628911272176,0.0035174348343732,0.0593079660279564,18,2.3389577865600586,0.1299420992533365,15,"['promoted', 'promoted', 'promoted', 'promoted', 'promoted', 'held', 'promoted', 'promoted', 'promoted', 'promoted', 'promoted', 'promoted', 'promoted', 'promoted', 'held', 'held', 'promoted', 'promoted']",15,3,v17,18,3,15,0,0.1666666666666666,1.0,0.2857142857142857,-42.0,20.20715379714965
2026-03-03 02:35:19,ELM_kswin,linear_abrupt_drift_22,,0.6248638411521691,25.37105091128363,5.036968424685987,18,0.0129916667938232,0.0007217592663235,15,"['promoted', 'promoted', 'promoted', 'promoted', 'promoted', 'promoted', 'promoted', 'held', 'promoted', 'promoted', 'promoted', 'held', 'promoted', 'promoted', 'promoted', 'promoted', 'held', 'promoted']",15,3,v17,18,3,15,0,0.1666666666666666,1.0,0.2857142857142857,-30.0,0.9132304191589355
2026-03-03 02:43:37,PSO_LSTM_kswin,linear_abrupt_drift_23,,0.0389872892778329,0.0039737126860773,0.0630373911744242,12,124.177104473114,10.348092039426168,6,"['promoted', 'promoted', 'held', 'held', 'held', 'promoted', 'promoted', 'held', 'promoted', 'held', 'promoted', 'held']",6,6,v5,12,3,9,0,0.25,1.0,0.4,43.333333333333336,147.88654923439026
2026-03-03 02:44:19,PSO_ELM_kswin,linear_abrupt_drift_23,,0.0377033200795405,0.0035178267329847,0.0593112698648812,17,40.45297074317932,2.379586514304666,16,"['promoted', 'promoted', 'promoted', 'held', 'promoted', 'promoted', 'promoted', 'promoted', 'promoted', 'promoted', 'promoted', 'promoted', 'promoted', 'promoted', 'promoted', 'promoted', 'promoted']",16,1,v17,17,3,14,0,0.1764705882352941,1.0,0.3,122.33333333333331,41.40654277801514
2026-03-03 02:44:38,LSTM_kswin,linear_abrupt_drift_23,,0.0307246669559962,0.0015413865091064,0.0392604955280294,12,1.916372299194336,0.1596976915995279,9,"['promoted', 'promoted', 'promoted', 'held', 'held', 'promoted', 'held', 'promoted', 'promoted', 'promoted', 'promoted', 'promoted']",9,3,v12,12,2,10,1,0.1666666666666666,0.6666666666666666,0.2666666666666666,-50.0,19.670843362808228
2026-03-03 02:44:39,ELM_kswin,linear_abrupt_drift_23,,0.2027522762469611,0.4246243594922802,0.6516320737135951,20,0.0147290229797363,0.0007364511489868,15,"['held', 'promoted', 'promoted', 'held', 'promoted', 'promoted', 'promoted', 'held', 'promoted', 'promoted', 'promoted', 'promoted', 'held', 'held', 'promoted', 'promoted', 'promoted', 'promoted', 'promoted', 'promoted']",15,5,v20,20,3,17,0,0.15,1.0,0.2608695652173913,-61.333333333333336,0.5644471645355225
2026-03-03 02:52:09,PSO_LSTM_kswin,linear_abrupt_drift_24,,0.0396268676907607,0.0028210916788773,0.0531139499461051,15,136.99798607826233,9.133199071884157,4,"['promoted', 'promoted', 'promoted', 'held', 'promoted', 'held', 'held', 'held', 'held', 'held', 'held', 'held', 'held', 'held', 'held']",4,11,v4,15,3,12,0,0.2,1.0,0.3333333333333333,-99.33333333333331,162.28991079330444
2026-03-03 02:52:37,PSO_ELM_kswin,linear_abrupt_drift_24,,313.7918755577166,15998485.026746172,3999.810623860357,18,27.383373260498047,1.5212985144721136,15,"['promoted', 'promoted', 'promoted', 'promoted', 'promoted', 'promoted', 'held', 'promoted', 'promoted', 'held', 'held', 'promoted', 'promoted', 'promoted', 'promoted', 'promoted', 'promoted', 'promoted']",15,3,v18,18,3,15,0,0.1666666666666666,1.0,0.2857142857142857,63.0,28.264328241348267
2026-03-03 02:52:57,LSTM_kswin,linear_abrupt_drift_24,,0.0541781765055634,0.0060575925904532,0.0778305376472063,17,2.237804651260376,0.1316355677211985,17,"['promoted', 'promoted', 'promoted', 'promoted', 'promoted', 'promoted', 'promoted', 'promoted', 'promoted', 'promoted', 'promoted', 'promoted', 'promoted', 'promoted', 'promoted', 'promoted', 'promoted']",17,0,v17,17,3,14,0,0.1764705882352941,1.0,0.3,-137.33333333333334,19.28855562210083
2026-03-03 02:52:57,ELM_kswin,linear_abrupt_drift_24,,744.1004512913918,154033705.12442437,12411.03158985684,20,0.0166218280792236,0.0008310914039611,19,"['promoted', 'promoted', 'held', 'promoted', 'promoted', 'promoted', 'promoted', 'promoted', 'promoted', 'promoted', 'promoted', 'promoted', 'promoted', 'promoted', 'promoted', 'promoted', 'promoted', 'promoted', 'promoted', 'promoted']",19,1,v20,20,3,17,0,0.15,1.0,0.2608695652173913,-48.333333333333336,0.5916526317596436
2026-03-03 03:02:21,PSO_LSTM_kswin,linear_abrupt_drift_25,,0.0389034850024218,0.0025894474190567,0.0508866133580997,18,191.4108955860138,10.633938643667433,10,"['promoted', 'promoted', 'promoted', 'promoted', 'held', 'held', 'held', 'held', 'promoted', 'promoted', 'promoted', 'promoted', 'promoted', 'held', 'promoted', 'held', 'held', 'held']",10,8,v12,18,3,15,0,0.1666666666666666,1.0,0.2857142857142857,90.66666666666669,215.8529999256134
2026-03-03 03:03:32,PSO_ELM_kswin,linear_abrupt_drift_25,,0.0348113184853432,0.0023085409747773,0.0480472785366386,15,69.28406190872192,4.618937460581462,13,"['promoted', 'promoted', 'promoted', 'promoted', 'held', 'promoted', 'promoted', 'promoted', 'promoted', 'held', 'promoted', 'promoted', 'promoted', 'promoted', 'promoted']",13,2,v15,15,3,12,0,0.2,1.0,0.3333333333333333,138.33333333333334,70.58159112930298
2026-03-03 03:03:52,LSTM_kswin,linear_abrupt_drift_25,,0.0309716819376042,0.0016349694331899,0.0404347552631388,14,2.0529110431671143,0.1466365030833653,12,"['promoted', 'promoted', 'held', 'promoted', 'promoted', 'promoted', 'held', 'promoted', 'promoted', 'promoted', 'promoted', 'promoted', 'promoted', 'promoted']",12,2,v14,14,3,11,0,0.2142857142857142,1.0,0.3529411764705882,60.66666666666666,20.31076645851136
2026-03-03 03:03:54,ELM_kswin,linear_abrupt_drift_25,,0.0479108042762667,0.0060798240561029,0.0779732265338745,16,0.0156435966491699,0.0009777247905731,12,"['promoted', 'held', 'promoted', 'promoted', 'promoted', 'promoted', 'promoted', 'promoted', 'held', 'held', 'held', 'promoted', 'promoted', 'promoted', 'promoted', 'promoted']",12,4,v16,16,2,14,1,0.125,0.6666666666666666,0.2105263157894736,-0.5,1.1951682567596436
2026-03-03 03:11:18,PSO_LSTM_kswin,linear_abrupt_drift_26,,0.0362548250301609,0.0021998017032554,0.0469020437001996,14,103.053795337677,7.360985381262643,5,"['promoted', 'promoted', 'promoted', 'held', 'held', 'held', 'held', 'held', 'held', 'promoted', 'held', 'promoted', 'held', 'held']",5,9,v0,14,3,11,0,0.2142857142857142,1.0,0.3529411764705882,-1.0,126.84453535079956
2026-03-03 03:12:27,PSO_ELM_kswin,linear_abrupt_drift_26,,0.0426841194163111,0.0051884502289049,0.0720308977377412,15,67.49256753921509,4.499504502614339,9,"['held', 'held', 'held', 'promoted', 'promoted', 'promoted', 'held', 'promoted', 'promoted', 'held', 'held', 'promoted', 'promoted', 'promoted', 'promoted']",9,6,v15,15,3,12,0,0.2,1.0,0.3333333333333333,-20.666666666666668,68.81241846084595
2026-03-03 03:12:48,LSTM_kswin,linear_abrupt_drift_26,,0.0330838322768186,0.0018818690691068,0.0433805148552532,13,1.806783676147461,0.1389833597036508,12,"['promoted', 'promoted', 'promoted', 'promoted', 'promoted', 'promoted', 'promoted', 'promoted', 'promoted', 'held', 'promoted', 'promoted', 'promoted']",12,1,v8,13,3,10,0,0.2307692307692307,1.0,0.375,11.333333333333334,20.47161316871643
2026-03-03 03:12:48,ELM_kswin,linear_abrupt_drift_26,,0.079993355115326,0.0169980263531815,0.1303764792943174,20,0.0205938816070556,0.0010296940803527,15,"['held', 'held', 'promoted', 'promoted', 'promoted', 'promoted', 'promoted', 'promoted', 'held', 'promoted', 'promoted', 'promoted', 'held', 'promoted', 'held', 'promoted', 'promoted', 'promoted', 'promoted', 'promoted']",15,5,v20,20,3,17,0,0.15,1.0,0.2608695652173913,-74.0,0.5363740921020508
2026-03-03 03:22:52,PSO_LSTM_kswin,linear_abrupt_drift_27,,0.0465474096918247,0.0040297316742965,0.0634801675667022,14,147.28122782707214,10.520087701933724,3,"['held', 'held', 'held', 'held', 'promoted', 'promoted', 'held', 'held', 'promoted', 'held', 'held', 'held', 'held', 'held']",3,11,v9,14,3,11,0,0.2142857142857142,1.0,0.3529411764705882,-45.0,171.0145583152771
2026-03-03 03:24:55,PSO_ELM_kswin,linear_abrupt_drift_27,,0.0765751576372811,0.072658749426415,0.2695528694457083,14,122.07171535491943,8.719408239637103,10,"['promoted', 'promoted', 'promoted', 'promoted', 'promoted', 'promoted', 'promoted', 'held', 'promoted', 'held', 'held', 'promoted', 'held', 'promoted']",10,4,v14,14,2,12,1,0.1428571428571428,0.6666666666666666,0.2352941176470588,-14.0,123.48145461082458
2026-03-03 03:25:17,LSTM_kswin,linear_abrupt_drift_27,,0.0257422862616037,0.0010474617841184,0.0323645142728643,13,2.04790472984314,0.1575311330648569,10,"['promoted', 'promoted', 'promoted', 'promoted', 'held', 'promoted', 'held', 'promoted', 'promoted', 'held', 'promoted', 'promoted', 'promoted']",10,3,v3,13,3,10,0,0.2307692307692307,1.0,0.375,116.66666666666669,22.032211780548096
2026-03-03 03:25:18,ELM_kswin,linear_abrupt_drift_27,,0.1091808894900932,0.069258441236098,0.2631699854392557,20,0.0154452323913574,0.0007722616195678,16,"['promoted', 'promoted', 'promoted', 'held', 'promoted', 'promoted', 'promoted', 'promoted', 'promoted', 'promoted', 'held', 'promoted', 'promoted', 'held', 'promoted', 'promoted', 'promoted', 'promoted', 'promoted', 'held']",16,4,v19,20,3,17,0,0.15,1.0,0.2608695652173913,-49.66666666666666,0.5640842914581299
2026-03-03 03:36:03,PSO_LSTM_kswin,linear_abrupt_drift_28,,0.0423674132034984,0.0031390592787953,0.0560273083308069,16,282.3104205131531,17.644401282072067,12,"['promoted', 'held', 'promoted', 'held', 'held', 'promoted', 'promoted', 'promoted', 'promoted', 'promoted', 'promoted', 'promoted', 'promoted', 'promoted', 'held', 'promoted']",12,4,v16,16,2,14,1,0.125,0.6666666666666666,0.2105263157894736,40.5,306.82608127593994
2026-03-03 03:36:29,PSO_ELM_kswin,linear_abrupt_drift_28,,0.04344806162761,0.0043397652781304,0.065876894873168,15,25.236449003219604,1.6824299335479735,14,"['promoted', 'promoted', 'promoted', 'promoted', 'promoted', 'held', 'promoted', 'promoted', 'promoted', 'promoted', 'promoted', 'promoted', 'promoted', 'promoted', 'promoted']",14,1,v14,15,3,12,0,0.2,1.0,0.3333333333333333,93.33333333333331,26.558191776275635
2026-03-03 03:36:49,LSTM_kswin,linear_abrupt_drift_28,,0.03056682750116,0.0015762114227575,0.0397015292244214,16,2.435628890991211,0.1522268056869506,12,"['promoted', 'promoted', 'promoted', 'promoted', 'held', 'promoted', 'held', 'promoted', 'held', 'promoted', 'promoted', 'held', 'promoted', 'promoted', 'promoted', 'promoted']",12,4,v16,16,3,13,0,0.1875,1.0,0.3157894736842105,-33.0,19.674983024597168
2026-03-03 03:36:50,ELM_kswin,linear_abrupt_drift_28,,0.0869791147575603,0.088815112541012,0.2980186446197821,15,0.0130853652954101,0.0008723576863606,11,"['held', 'promoted', 'promoted', 'promoted', 'promoted', 'held', 'promoted', 'held', 'promoted', 'held', 'promoted', 'promoted', 'promoted', 'promoted', 'promoted']",11,4,v15,15,3,12,0,0.2,1.0,0.3333333333333333,-13.666666666666666,1.3052058219909668
2026-03-03 03:45:50,PSO_LSTM_kswin,linear_abrupt_drift_29,,0.0365787508903777,0.0025822880599457,0.0508162184734923,15,235.0241520404816,15.668276802698772,6,"['held', 'held', 'held', 'held', 'held', 'held', 'promoted', 'promoted', 'held', 'promoted', 'promoted', 'held', 'held', 'promoted', 'promoted']",6,9,v0,15,2,13,1,0.1333333333333333,0.6666666666666666,0.2222222222222222,32.5,257.8582708835602
2026-03-03 03:46:46,PSO_ELM_kswin,linear_abrupt_drift_29,,0.5859798731236155,10.364566805427922,3.219404728428521,17,55.100024938583374,3.241177937563728,13,"['held', 'held', 'held', 'promoted', 'promoted', 'promoted', 'promoted', 'promoted', 'promoted', 'promoted', 'promoted', 'promoted', 'promoted', 'promoted', 'promoted', 'promoted', 'held']",13,4,v16,17,3,14,0,0.1764705882352941,1.0,0.3,-29.33333333333333,56.05206918716431
2026-03-03 03:47:06,LSTM_kswin,linear_abrupt_drift_29,,0.0372386775479084,0.0023390403552114,0.0483636263653943,16,2.091184616088867,0.1306990385055542,10,"['promoted', 'held', 'promoted', 'held', 'promoted', 'held', 'promoted', 'promoted', 'promoted', 'promoted', 'held', 'promoted', 'promoted', 'held', 'held', 'promoted']",10,6,v16,16,3,13,0,0.1875,1.0,0.3157894736842105,111.66666666666669,19.75825476646424
2026-03-03 03:47:07,ELM_kswin,linear_abrupt_drift_29,,0.2273513916496943,2.018039572207346,1.4205771968489942,19,0.0160579681396484,0.0008451562178762,16,"['promoted', 'promoted', 'promoted', 'promoted', 'promoted', 'held', 'promoted', 'promoted', 'held', 'promoted', 'promoted', 'promoted', 'held', 'promoted', 'promoted', 'promoted', 'promoted', 'promoted', 'promoted']",16,3,v19,19,3,16,0,0.1578947368421052,1.0,0.2727272727272727,6.666666666666667,0.6428964138031006
2026-03-03 03:55:45,PSO_LSTM_kswin,linear_abrupt_drift_30,,0.0322396293176559,0.0018898805354732,0.0434727562442648,11,179.85880589485168,16.35080053589561,4,"['held', 'held', 'held', 'promoted', 'promoted', 'held', 'promoted', 'held', 'held', 'promoted', 'held']",4,7,v5,11,3,8,0,0.2727272727272727,1.0,0.4285714285714285,1.3333333333333333,203.54900193214417
2026-03-03 03:56:40,PSO_ELM_kswin,linear_abrupt_drift_30,,0.0679804006638243,0.0149209438572412,0.1221513154134709,14,53.169193983078,3.7977995702198575,12,"['held', 'promoted', 'promoted', 'promoted', 'promoted', 'promoted', 'promoted', 'promoted', 'promoted', 'promoted', 'promoted', 'promoted', 'promoted', 'held']",12,2,v13,14,3,11,0,0.2142857142857142,1.0,0.3529411764705882,-82.66666666666667,54.70208287239075
2026-03-03 03:57:02,LSTM_kswin,linear_abrupt_drift_30,,0.0413034766734839,0.0027843998848353,0.052767413095919,11,1.6577305793762207,0.1507027799432928,10,"['promoted', 'promoted', 'promoted', 'held', 'promoted', 'promoted', 'promoted', 'promoted', 'promoted', 'promoted', 'promoted']",10,1,v11,11,3,8,0,0.2727272727272727,1.0,0.4285714285714285,-97.33333333333331,22.07239818572998
2026-03-03 03:57:03,ELM_kswin,linear_abrupt_drift_30,,0.1803972888372701,1.5449274031642464,1.24295108639248,14,0.0147900581359863,0.001056432723999,13,"['promoted', 'promoted', 'promoted', 'promoted', 'held', 'promoted', 'promoted', 'promoted', 'promoted', 'promoted', 'promoted', 'promoted', 'promoted', 'promoted']",13,1,v14,14,3,11,0,0.2142857142857142,1.0,0.3529411764705882,111.66666666666669,1.5307114124298096
2026-03-03 04:07:10,PSO_LSTM_kswin,nonlinear_gradual_drift_1,,0.0240091704985973,0.0010010900507063,0.0316400071224138,12,193.92701268196103,16.16058439016342,3,"['promoted', 'promoted', 'held', 'held', 'promoted', 'held', 'held', 'held', 'held', 'held', 'held', 'held']",3,9,v3,12,2,10,1,0.1666666666666666,0.6666666666666666,0.2666666666666666,-198.5,219.14895915985107
2026-03-03 04:08:15,PSO_ELM_kswin,nonlinear_gradual_drift_1,,0.0241905804432384,0.0012281614560752,0.035045134556386,9,62.29287147521973,6.921430163913303,6,"['held', 'promoted', 'promoted', 'promoted', 'held', 'promoted', 'held', 'promoted', 'promoted']",6,3,v9,9,1,8,2,0.1111111111111111,0.3333333333333333,0.1666666666666666,147.0,64.57209420204163
2026-03-03 04:08:36,LSTM_kswin,nonlinear_gradual_drift_1,,0.0182597197455966,0.0005250949484376,0.0229149503258817,7,1.1022231578826904,0.1574604511260986,3,"['held', 'held', 'held', 'promoted', 'promoted', 'held', 'promoted']",3,4,v7,7,3,4,0,0.4285714285714285,1.0,0.6,-6.333333333333333,20.70604395866394
2026-03-03 04:08:39,ELM_kswin,nonlinear_gradual_drift_1,,0.0176885091753988,0.0004982138384591,0.0223207042554465,5,0.0025184154510498,0.0005036830902099,3,"['held', 'promoted', 'promoted', 'held', 'promoted']",3,2,v5,5,1,4,2,0.2,0.3333333333333333,0.25,136.0,3.053950786590576
2026-03-03 04:18:31,PSO_LSTM_kswin,nonlinear_gradual_drift_2,,0.0173811398205977,0.0004733072037715,0.0217556246467792,4,140.19207668304443,35.04801917076111,0,"['held', 'held', 'held', 'held']",0,4,v0,4,1,3,2,0.25,0.3333333333333333,0.2857142857142857,37.0,167.87143754959106
2026-03-03 04:19:04,PSO_ELM_kswin,nonlinear_gradual_drift_2,,0.0174989655315783,0.0004902678102247,0.0221419920112167,4,30.44420552253723,7.611051380634308,2,"['held', 'held', 'promoted', 'promoted']",2,2,v0,4,2,2,1,0.5,0.6666666666666666,0.5714285714285715,28.0,33.35877203941345
2026-03-03 04:19:26,LSTM_kswin,nonlinear_gradual_drift_2,,0.0185543066916686,0.0005429851031025,0.0233020407497411,8,0.9673871994018556,0.1209233999252319,7,"['promoted', 'promoted', 'promoted', 'promoted', 'promoted', 'promoted', 'promoted', 'held']",7,1,v7,8,2,6,1,0.25,0.6666666666666666,0.3636363636363636,-4.5,21.74651861190796
2026-03-03 04:19:29,ELM_kswin,nonlinear_gradual_drift_2,,0.0177588529308433,0.0004957730398743,0.0222659614630573,5,0.0011353492736816,0.0002270698547363,2,"['held', 'held', 'promoted', 'held', 'promoted']",2,3,v5,5,2,3,1,0.4,0.6666666666666666,0.5,35.0,2.870789289474488
2026-03-03 04:27:56,PSO_LSTM_kswin,nonlinear_gradual_drift_3,,0.0174016765374564,0.0004746530686008,0.0217865341117145,8,132.56708145141602,16.570885181427002,2,"['held', 'held', 'promoted', 'promoted', 'held', 'held', 'held', 'held']",2,6,v0,8,1,7,2,0.125,0.3333333333333333,0.1818181818181818,2.0,159.21866416931152
2026-03-03 04:28:30,PSO_ELM_kswin,nonlinear_gradual_drift_3,,0.0174658909304772,0.0004814299168505,0.0219415112708899,3,30.8284592628479,10.276153087615969,0,"['held', 'held']",0,2,v0,3,1,2,2,0.3333333333333333,0.3333333333333333,0.3333333333333333,-201.0,34.18665933609009
2026-03-03 04:28:50,LSTM_kswin,nonlinear_gradual_drift_3,,0.0203234972671215,0.0006423185596982,0.0253440044132375,10,1.5764875411987305,0.157648754119873,7,"['promoted', 'held', 'promoted', 'promoted', 'held', 'promoted', 'held', 'promoted', 'promoted', 'promoted']",7,3,v10,10,2,8,1,0.2,0.6666666666666666,0.3076923076923076,36.5,20.2510724067688
2026-03-03 04:28:52,ELM_kswin,nonlinear_gradual_drift_3,,0.0208059887198785,0.0007337911520843,0.0270885797354596,10,0.0057184696197509,0.000571846961975,7,"['promoted', 'promoted', 'held', 'held', 'promoted', 'promoted', 'promoted', 'promoted', 'promoted', 'held']",7,3,v8,10,0,10,3,0.0,0.0,0.0,,2.010666608810425
2026-03-03 04:37:17,PSO_LSTM_kswin,nonlinear_gradual_drift_4,,0.0175065288305282,0.0004853516885072,0.0220306987748278,4,77.97632241249084,19.49408060312271,0,"['held', 'held', 'held', 'held']",0,4,v0,4,0,4,3,0.0,0.0,0.0,,105.39441752433775
2026-03-03 04:38:05,PSO_ELM_kswin,nonlinear_gradual_drift_4,,0.017472661078773,0.0004763109383339,0.0218245489835178,5,45.51751875877381,9.10350375175476,2,"['held', 'promoted', 'promoted', 'held', 'held']",2,3,v0,5,0,5,3,0.0,0.0,0.0,,48.325154542922974
2026-03-03 04:38:26,LSTM_kswin,nonlinear_gradual_drift_4,,0.0182093947897267,0.0005211374122272,0.0228284342920665,6,0.9106717109680176,0.1517786184946696,4,"['promoted', 'promoted', 'held', 'promoted', 'promoted', 'held']",4,2,v0,6,1,5,2,0.1666666666666666,0.3333333333333333,0.2222222222222222,-205.0,21.032856225967407
2026-03-03 04:38:28,ELM_kswin,nonlinear_gradual_drift_4,,0.0227161820877602,0.0009525943039706,0.0308641264896752,9,0.0060055255889892,0.0006672806209988,7,"['promoted', 'promoted', 'promoted', 'promoted', 'promoted', 'held', 'promoted', 'promoted', 'held']",7,2,v8,9,1,8,2,0.1111111111111111,0.3333333333333333,0.1666666666666666,-150.0,2.209730386734009
2026-03-03 04:47:01,PSO_LSTM_kswin,nonlinear_gradual_drift_5,,0.017712194578191,0.0005046209010824,0.0224637686304507,6,97.933420419693,16.322236736615498,3,"['held', 'promoted', 'held', 'promoted', 'held', 'promoted']",3,3,v6,6,1,5,2,0.1666666666666666,0.3333333333333333,0.2222222222222222,149.0,122.02673196792604
2026-03-03 04:48:33,PSO_ELM_kswin,nonlinear_gradual_drift_5,,0.0185628462486985,0.000571906437654,0.0239145653871027,8,89.33299446105957,11.166624307632446,4,"['held', 'held', 'promoted', 'promoted', 'promoted', 'held', 'held', 'promoted']",4,4,v0,8,2,6,1,0.25,0.6666666666666666,0.3636363636363636,37.5,91.64546394348145
2026-03-03 04:48:53,LSTM_kswin,nonlinear_gradual_drift_5,,0.0195946977869291,0.0005995464468399,0.0244856375624555,9,1.0385236740112305,0.1153915193345811,6,"['promoted', 'promoted', 'promoted', 'promoted', 'promoted', 'held', 'held', 'held', 'promoted']",6,3,v8,9,2,7,1,0.2222222222222222,0.6666666666666666,0.3333333333333333,7.5,19.57315492630005
2026-03-03 04:48:55,ELM_kswin,nonlinear_gradual_drift_5,,0.0193380220885262,0.0005974950727154,0.0244437123349849,10,0.007495641708374,0.0007495641708374,6,"['held', 'promoted', 'held', 'promoted', 'promoted', 'promoted', 'promoted', 'held', 'promoted', 'held']",6,4,v9,10,2,8,1,0.2,0.6666666666666666,0.3076923076923076,-54.0,2.053560256958008
2026-03-03 04:56:10,PSO_LSTM_kswin,nonlinear_gradual_drift_6,,0.0239207759531627,0.0009126091016596,0.0302094207435297,11,61.2814884185791,5.571044401689009,3,"['held', 'promoted', 'promoted', 'promoted', 'held', 'held', 'held', 'held', 'held', 'held', 'held']",3,8,v2,11,2,9,1,0.1818181818181818,0.6666666666666666,0.2857142857142857,112.0,84.26494288444519
2026-03-03 04:57:12,PSO_ELM_kswin,nonlinear_gradual_drift_6,,0.0189467276719847,0.0005886281626192,0.0242616603434148,8,58.841779470443726,7.355222433805466,4,"['held', 'held', 'held', 'held', 'promoted', 'promoted', 'promoted', 'promoted']",4,4,v8,8,2,6,1,0.25,0.6666666666666666,0.3636363636363636,132.5,61.23235964775085
2026-03-03 04:57:35,LSTM_kswin,nonlinear_gradual_drift_6,,0.0217524567593919,0.0007186291990562,0.0268072601930201,11,1.523094892501831,0.138463172045621,9,"['promoted', 'promoted', 'promoted', 'promoted', 'promoted', 'held', 'held', 'promoted', 'promoted', 'promoted', 'promoted']",9,2,v7,11,2,9,1,0.1818181818181818,0.6666666666666666,0.2857142857142857,84.5,23.034814834594727
2026-03-03 04:57:36,ELM_kswin,nonlinear_gradual_drift_6,,0.0216893817516143,0.0008091846145723,0.0284461704728841,13,0.0112946033477783,0.0008688156421367,10,"['promoted', 'held', 'promoted', 'promoted', 'promoted', 'promoted', 'promoted', 'promoted', 'promoted', 'promoted', 'held', 'promoted']",10,2,v9,13,3,10,0,0.2307692307692307,1.0,0.375,127.0,1.7825021743774414
2026-03-03 05:05:44,PSO_LSTM_kswin,nonlinear_gradual_drift_7,,0.0191831834838447,0.000584817795682,0.0241830063408589,7,75.03738594055176,10.719626562935966,4,"['held', 'held', 'promoted', 'promoted', 'held', 'promoted', 'promoted']",4,3,v0,7,3,4,0,0.4285714285714285,1.0,0.6,-79.33333333333333,101.97313594818117
2026-03-03 05:06:49,PSO_ELM_kswin,nonlinear_gradual_drift_7,,0.0197207450823106,0.0006629628752221,0.0257480654656259,9,62.03450322151184,6.892722580167982,7,"['promoted', 'promoted', 'promoted', 'promoted', 'promoted', 'promoted', 'promoted', 'held', 'held']",7,2,v0,9,2,7,1,0.2222222222222222,0.6666666666666666,0.3333333333333333,14.5,64.2274112701416
2026-03-03 05:07:10,LSTM_kswin,nonlinear_gradual_drift_7,,0.0192089674345095,0.0005794357702929,0.0240714721255873,11,1.4180519580841064,0.1289138143712824,8,"['promoted', 'held', 'promoted', 'promoted', 'promoted', 'promoted', 'promoted', 'promoted', 'held', 'promoted']",8,2,v9,11,2,9,1,0.1818181818181818,0.6666666666666666,0.2857142857142857,47.0,20.87870407104492
2026-03-03 05:07:12,ELM_kswin,nonlinear_gradual_drift_7,,0.0229184914981255,0.0008872039647701,0.0297859692602095,10,0.0075840950012207,0.000758409500122,10,"['promoted', 'promoted', 'promoted', 'promoted', 'promoted', 'promoted', 'promoted', 'promoted', 'promoted', 'promoted']",10,0,v10,10,3,7,0,0.3,1.0,0.4615384615384615,64.66666666666667,2.168676376342773
2026-03-03 05:15:54,PSO_LSTM_kswin,nonlinear_gradual_drift_8,,0.0211030995244824,0.0009111401743361,0.0301850985477299,7,113.57096147537231,16.22442306791033,4,"['held', 'held', 'held', 'promoted', 'promoted', 'promoted', 'promoted']",4,3,v0,7,1,6,2,0.1428571428571428,0.3333333333333333,0.2,-87.0,134.8861608505249
2026-03-03 05:16:14,PSO_ELM_kswin,nonlinear_gradual_drift_8,,0.0181101891724086,0.0005290066541614,0.0230001446552285,4,17.197070360183716,4.299267590045929,3,"['promoted', 'promoted', 'promoted', 'held']",3,1,v0,4,0,4,3,0.0,0.0,0.0,,20.21218419075012
2026-03-03 05:16:37,LSTM_kswin,nonlinear_gradual_drift_8,,0.0184933294925582,0.0005383040215335,0.0232013797334034,9,1.2218878269195557,0.1357653141021728,6,"['promoted', 'promoted', 'promoted', 'held', 'promoted', 'held', 'held', 'promoted', 'promoted']",6,3,v9,9,2,7,1,0.2222222222222222,0.6666666666666666,0.3333333333333333,73.5,22.611389875411987
2026-03-03 05:16:39,ELM_kswin,nonlinear_gradual_drift_8,,0.0192510631255267,0.0005880825682488,0.0242504137747975,7,0.0069515705108642,0.000993081501552,4,"['held', 'promoted', 'promoted', 'held', 'promoted', 'held', 'promoted']",4,3,v0,7,2,5,1,0.2857142857142857,0.6666666666666666,0.4,63.5,2.5738396644592285
2026-03-03 05:24:56,PSO_LSTM_kswin,nonlinear_gradual_drift_9,,0.0198272402763665,0.000669391152009,0.0258725946130083,7,87.90081000328064,12.557258571897234,4,"['promoted', 'held', 'promoted', 'held', 'promoted', 'promoted', 'held']",4,3,v0,7,2,5,1,0.2857142857142857,0.6666666666666666,0.4,-6.5,108.6283586025238
2026-03-03 05:25:34,PSO_ELM_kswin,nonlinear_gradual_drift_9,,0.0187080159395404,0.0005743100083914,0.023964765978232,10,35.81361699104309,3.581361699104309,7,"['held', 'promoted', 'promoted', 'held', 'promoted', 'promoted', 'promoted', 'held', 'promoted', 'promoted']",7,3,v3,10,2,8,1,0.2,0.6666666666666666,0.3076923076923076,151.0,37.8148844242096
2026-03-03 05:25:56,LSTM_kswin,nonlinear_gradual_drift_9,,0.0194197565010701,0.0005938031928334,0.0243680773314885,8,1.0122902393341064,0.1265362799167633,6,"['promoted', 'held', 'promoted', 'promoted', 'promoted', 'promoted', 'promoted', 'held']",6,2,v7,8,2,6,1,0.25,0.6666666666666666,0.3636363636363636,-127.0,21.821149110794067
2026-03-03 05:25:58,ELM_kswin,nonlinear_gradual_drift_9,,0.0192617972110502,0.0005935792573335,0.0243634820445177,7,0.0051901340484619,0.0007414477212088,3,"['held', 'held', 'held', 'promoted', 'held', 'promoted', 'promoted']",3,4,v7,7,1,6,2,0.1428571428571428,0.3333333333333333,0.2,113.0,2.524603843688965
2026-03-03 05:35:41,PSO_LSTM_kswin,nonlinear_gradual_drift_10,,0.0230935533166677,0.0008629458834551,0.0293759405543919,15,152.11541104316711,10.141027402877809,7,"['promoted', 'promoted', 'promoted', 'promoted', 'promoted', 'promoted', 'promoted', 'held', 'held', 'held', 'held', 'held', 'held', 'held']",7,7,v1,15,3,12,0,0.2,1.0,0.3333333333333333,145.0,176.97113752365112
2026-03-03 05:36:44,PSO_ELM_kswin,nonlinear_gradual_drift_10,,0.0177049991396526,0.0004972663862299,0.0222994705369872,6,60.74864625930786,10.12477437655131,4,"['held', 'held', 'promoted', 'promoted', 'promoted', 'promoted']",4,2,v0,6,1,5,2,0.1666666666666666,0.3333333333333333,0.2222222222222222,-2.0,63.42614364624024
2026-03-03 05:37:06,LSTM_kswin,nonlinear_gradual_drift_10,,0.0186014536098485,0.0005407810912209,0.0232547004113341,9,1.0459251403808594,0.1162139044867621,7,"['promoted', 'promoted', 'held', 'promoted', 'held', 'promoted', 'promoted', 'promoted', 'promoted']",7,2,v9,9,2,7,1,0.2222222222222222,0.6666666666666666,0.3333333333333333,-5.5,21.49594020843506
2026-03-03 05:37:08,ELM_kswin,nonlinear_gradual_drift_10,,0.0183363395971599,0.0005385248847414,0.0232061389451466,9,0.0060184001922607,0.0006687111324734,6,"['promoted', 'promoted', 'promoted', 'promoted', 'promoted', 'held', 'held', 'promoted', 'held']",6,3,v0,9,3,6,0,0.3333333333333333,1.0,0.5,-103.0,2.426669120788574
2026-03-03 05:47:01,PSO_LSTM_kswin,nonlinear_gradual_drift_11,,0.0178767908656701,0.0005116142218384,0.0226188908180413,6,172.29696607589722,28.716161012649536,0,"['held', 'held', 'held', 'held', 'held', 'held']",0,6,v0,6,2,4,1,0.3333333333333333,0.6666666666666666,0.4444444444444444,49.5,198.293774843216
2026-03-03 05:47:38,PSO_ELM_kswin,nonlinear_gradual_drift_11,,0.0188781893917598,0.0005983378735735,0.0244609458846861,9,34.58612322807312,3.842902580897013,6,"['held', 'promoted', 'held', 'held', 'promoted', 'promoted', 'promoted', 'promoted', 'promoted']",6,3,v9,9,2,7,1,0.2222222222222222,0.6666666666666666,0.3333333333333333,58.5,36.92561054229736
2026-03-03 05:48:00,LSTM_kswin,nonlinear_gradual_drift_11,,0.0190102282702848,0.0005770134384894,0.0240211040231178,10,1.206770896911621,0.1206770896911621,9,"['promoted', 'promoted', 'promoted', 'promoted', 'held', 'promoted', 'promoted', 'promoted', 'promoted', 'promoted']",9,1,v10,10,2,8,1,0.2,0.6666666666666666,0.3076923076923076,50.0,21.92466902732849
2026-03-03 05:48:02,ELM_kswin,nonlinear_gradual_drift_11,,0.018762297235568,0.0005661600697544,0.0237941183857357,8,0.0040912628173828,0.0005114078521728,6,"['held', 'promoted', 'held', 'promoted', 'promoted', 'promoted', 'promoted', 'promoted']",6,2,v6,8,2,6,1,0.25,0.6666666666666666,0.3636363636363636,105.5,2.33572006225586
2026-03-03 05:56:40,PSO_LSTM_kswin,nonlinear_gradual_drift_12,,0.0184539501567358,0.0005759511592217,0.023998982462215,6,109.79348063468932,18.298913439114887,2,"['held', 'held', 'promoted', 'promoted', 'held', 'held']",2,4,v0,6,0,6,3,0.0,0.0,0.0,,132.1846899986267
2026-03-03 05:57:26,PSO_ELM_kswin,nonlinear_gradual_drift_12,,0.0171801442350876,0.0004693867185431,0.0216653344895286,5,43.000067472457886,8.600013494491577,0,"['held', 'held', 'held', 'held', 'held']",0,5,v0,5,0,5,3,0.0,0.0,0.0,,45.86510944366455
2026-03-03 05:57:48,LSTM_kswin,nonlinear_gradual_drift_12,,0.0195742309834094,0.0006035165813691,0.0245665744736457,11,1.1981942653656006,0.1089267513968727,11,"['promoted', 'promoted', 'promoted', 'promoted', 'promoted', 'promoted', 'promoted', 'promoted', 'promoted', 'promoted', 'promoted']",11,0,v11,11,3,8,0,0.2727272727272727,1.0,0.4285714285714285,63.333333333333336,22.16641116142273
2026-03-03 05:57:51,ELM_kswin,nonlinear_gradual_drift_12,,0.0191055685087411,0.0005984449043504,0.0244631335758626,9,0.0078258514404296,0.0008695390489366,4,"['held', 'promoted', 'held', 'held', 'held', 'promoted', 'promoted', 'held', 'promoted']",4,5,v8,9,3,6,0,0.3333333333333333,1.0,0.5,-38.66666666666666,2.173456907272339
2026-03-03 06:05:10,PSO_LSTM_kswin,nonlinear_gradual_drift_13,,0.0174712212445589,0.0004862745061173,0.0220516327313264,4,13.483575582504272,3.370893895626068,3,"['promoted', 'promoted', 'held', 'promoted']",3,1,v3,4,1,3,2,0.25,0.3333333333333333,0.2857142857142857,51.0,37.73022794723511
2026-03-03 06:06:01,PSO_ELM_kswin,nonlinear_gradual_drift_13,,0.0198508395936969,0.0006538310417124,0.0255701200957768,8,47.813677072525024,5.976709634065628,6,"['held', 'promoted', 'promoted', 'promoted', 'promoted', 'held', 'promoted', 'promoted']",6,2,v0,8,2,6,1,0.25,0.6666666666666666,0.3636363636363636,66.5,50.08490300178528
2026-03-03 06:06:22,LSTM_kswin,nonlinear_gradual_drift_13,,0.0206928727092074,0.0006704660606914,0.0258933593937034,14,1.9553165435791016,0.1396654673985072,12,"['promoted', 'held', 'promoted', 'promoted', 'promoted', 'promoted', 'promoted', 'promoted', 'promoted', 'promoted', 'held', 'promoted', 'promoted', 'promoted']",12,2,v14,14,2,12,1,0.1428571428571428,0.6666666666666666,0.2352941176470588,1.5,21.11230158805847
2026-03-03 06:06:24,ELM_kswin,nonlinear_gradual_drift_13,,0.0184229197786945,0.0005376346011679,0.0231869489404692,7,0.0056500434875488,0.0008071490696498,6,"['promoted', 'held', 'promoted', 'promoted', 'promoted', 'promoted', 'promoted']",6,1,v0,7,0,7,3,0.0,0.0,0.0,,2.611993789672852
2026-03-03 06:14:25,PSO_LSTM_kswin,nonlinear_gradual_drift_14,,0.0177899494438505,0.0005030612840876,0.0224290277115974,4,49.22403812408447,12.306009531021118,0,"['held', 'held', 'held', 'held']",0,4,v0,4,1,3,2,0.25,0.3333333333333333,0.2857142857142857,38.0,70.10758757591248
2026-03-03 06:15:02,PSO_ELM_kswin,nonlinear_gradual_drift_14,,0.0219337267259864,0.0009030522050878,0.0300508270283506,9,34.32212162017822,3.8135690689086914,6,"['held', 'held', 'promoted', 'promoted', 'promoted', 'promoted', 'promoted', 'promoted']",6,2,v8,9,2,7,1,0.2222222222222222,0.6666666666666666,0.3333333333333333,71.0,36.60353350639343
2026-03-03 06:15:23,LSTM_kswin,nonlinear_gradual_drift_14,,0.0193438838470862,0.0005887499535067,0.0242641701590383,12,1.5851647853851318,0.132097065448761,8,"['promoted', 'promoted', 'promoted', 'promoted', 'promoted', 'promoted', 'promoted', 'held', 'held', 'promoted', 'held', 'held']",8,4,v10,12,3,9,0,0.25,1.0,0.4,74.33333333333333,21.153645038604736
2026-03-03 06:15:25,ELM_kswin,nonlinear_gradual_drift_14,,0.0211519985123107,0.0009484463024842,0.0307968553992812,11,0.004058837890625,0.000368985262784,6,"['held', 'held', 'held', 'promoted', 'promoted', 'promoted', 'promoted', 'held', 'promoted', 'promoted', 'held']",6,5,v0,11,0,11,3,0.0,0.0,0.0,,2.0653624534606934
2026-03-03 06:20:50,PSO_LSTM_kswin,nonlinear_gradual_drift_15,,0.0175229127276078,0.000487646557312,0.022082720785992,5,67.57212376594543,13.514424753189086,0,"['held', 'held', 'held', 'held', 'held']",0,5,v0,5,1,4,2,0.2,0.3333333333333333,0.25,113.0,89.18038368225098
2026-03-03 06:21:12,PSO_ELM_kswin,nonlinear_gradual_drift_15,,0.0192849359844541,0.0006227700599102,0.0249553613460171,7,19.11740016937256,2.7310571670532227,5,"['promoted', 'promoted', 'held', 'promoted', 'held', 'promoted', 'promoted']",5,2,v0,7,0,7,3,0.0,0.0,0.0,,21.57678604125977
2026-03-03 06:21:33,LSTM_kswin,nonlinear_gradual_drift_15,,0.0335816679316259,0.001805764961225,0.0424942932783341,19,2.0984702110290527,0.1104458005804764,13,"['promoted', 'held', 'held', 'promoted', 'promoted', 'promoted', 'promoted', 'promoted', 'held', 'promoted', 'held', 'promoted', 'promoted', 'promoted', 'promoted', 'held', 'promoted', 'promoted', 'held']",13,6,v18,19,3,16,0,0.1578947368421052,1.0,0.2727272727272727,-9.666666666666666,21.3411557674408
2026-03-03 06:21:36,ELM_kswin,nonlinear_gradual_drift_15,,0.0198909703818825,0.00065261416035,0.0255463140266854,7,0.0038564205169677,0.0005509172167096,5,"['promoted', 'promoted', 'promoted', 'held', 'held', 'promoted', 'promoted']",5,2,v7,7,1,6,2,0.1428571428571428,0.3333333333333333,0.2,98.0,2.507730960845948
2026-03-03 06:29:40,PSO_LSTM_kswin,nonlinear_gradual_drift_16,,0.0177322178716504,0.0004925793784795,0.0221941293697132,8,70.49232697486877,8.811540871858597,2,"['held', 'held', 'held', 'held', 'held', 'promoted', 'held', 'promoted']",2,6,v0,8,2,6,1,0.25,0.6666666666666666,0.3636363636363636,30.5,92.0714032649994
2026-03-03 06:30:30,PSO_ELM_kswin,nonlinear_gradual_drift_16,,0.0193464377755835,0.0006092083174367,0.0246821457218931,9,47.65154886245728,5.29461654027303,7,"['held', 'promoted', 'promoted', 'promoted', 'held', 'promoted', 'promoted', 'promoted', 'promoted']",7,2,v7,9,2,7,1,0.2222222222222222,0.6666666666666666,0.3333333333333333,73.0,49.90919542312622
2026-03-03 06:30:53,LSTM_kswin,nonlinear_gradual_drift_16,,0.018808664661713,0.0005516012565001,0.0234861928907211,10,1.347492218017578,0.1347492218017578,6,"['promoted', 'promoted', 'promoted', 'promoted', 'held', 'promoted', 'held', 'promoted', 'held', 'held']",6,4,v8,10,2,8,1,0.2,0.6666666666666666,0.3076923076923076,68.5,23.686520099639893
2026-03-03 06:30:56,ELM_kswin,nonlinear_gradual_drift_16,,0.019869628027058,0.0007460638390821,0.0273141691999244,8,0.0034778118133544,0.0004347264766693,4,"['held', 'promoted', 'held', 'held', 'promoted', 'promoted', 'held', 'promoted']",4,4,v7,8,2,6,1,0.25,0.6666666666666666,0.3636363636363636,-32.0,2.3164966106414795
2026-03-03 06:38:53,PSO_LSTM_kswin,nonlinear_gradual_drift_17,,0.0182300337409495,0.0005268884348388,0.0229540505105061,7,58.26506185531616,8.323580265045166,2,"['held', 'held', 'held', 'promoted', 'held', 'held', 'promoted']",2,5,v0,7,1,6,2,0.1428571428571428,0.3333333333333333,0.2,-89.0,83.11829280853271
2026-03-03 06:40:07,PSO_ELM_kswin,nonlinear_gradual_drift_17,,0.0211450216178265,0.0007423221403339,0.0272455893739504,11,71.46778893470764,6.497071721337059,9,"['promoted', 'promoted', 'held', 'held', 'promoted', 'promoted', 'promoted', 'promoted', 'promoted', 'promoted', 'promoted']",9,2,v11,11,3,8,0,0.2727272727272727,1.0,0.4285714285714285,-67.33333333333333,73.33475589752197
2026-03-03 06:40:27,LSTM_kswin,nonlinear_gradual_drift_17,,0.0193390598327854,0.0005864148153861,0.0242160032909252,11,1.3349616527557373,0.1213601502505215,9,"['promoted', 'held', 'promoted', 'promoted', 'promoted', 'promoted', 'promoted', 'held', 'promoted', 'promoted', 'promoted']",9,2,v8,11,1,10,2,0.0909090909090909,0.3333333333333333,0.1428571428571428,107.0,20.484370470047
2026-03-03 06:40:30,ELM_kswin,nonlinear_gradual_drift_17,,0.0222803934603451,0.0009181776977565,0.0303014471231424,6,0.0037052631378173,0.0006175438563028,5,"['held', 'promoted', 'promoted', 'promoted', 'promoted', 'promoted']",5,1,v4,6,1,5,2,0.1666666666666666,0.3333333333333333,0.2222222222222222,-105.0,2.754516124725342
2026-03-03 06:49:53,PSO_LSTM_kswin,nonlinear_gradual_drift_18,,0.0189266103712876,0.000614312021787,0.0247853186743082,5,147.443745136261,29.4887490272522,2,"['promoted', 'promoted', 'held', 'held', 'held']",2,3,v0,5,1,4,2,0.2,0.3333333333333333,0.25,183.0,172.40168476104736
2026-03-03 06:51:24,PSO_ELM_kswin,nonlinear_gradual_drift_18,,0.017085477049941,0.0004591718965911,0.021428296632985,6,88.98137640953064,14.83022940158844,0,"['held', 'held', 'held', 'held', 'held', 'held']",0,6,v0,6,1,5,2,0.1666666666666666,0.3333333333333333,0.2222222222222222,10.0,91.6709189414978
2026-03-03 06:51:46,LSTM_kswin,nonlinear_gradual_drift_18,,0.0203494555156132,0.0006460231672944,0.0254169858026965,11,1.577023983001709,0.143365816636519,11,"['promoted', 'promoted', 'promoted', 'promoted', 'promoted', 'promoted', 'promoted', 'promoted', 'promoted', 'promoted', 'promoted']",11,0,v11,11,3,8,0,0.2727272727272727,1.0,0.4285714285714285,-13.666666666666666,21.725472688674927
2026-03-03 06:51:49,ELM_kswin,nonlinear_gradual_drift_18,,0.0254273581899712,0.0016831452630857,0.0410261534034781,8,0.0059669017791748,0.0007458627223968,6,"['held', 'promoted', 'promoted', 'promoted', 'held', 'promoted', 'promoted', 'promoted']",6,2,v8,8,2,6,1,0.25,0.6666666666666666,0.3636363636363636,-103.0,2.663669347763061
2026-03-03 07:01:09,PSO_LSTM_kswin,nonlinear_gradual_drift_19,,0.017889368399034,0.0005024909620438,0.0224163101790612,8,143.64030027389526,17.955037534236908,5,"['held', 'held', 'promoted', 'promoted', 'promoted', 'held', 'promoted', 'promoted']",5,3,v5,8,2,6,1,0.25,0.6666666666666666,0.3636363636363636,4.0,169.19174766540527
2026-03-03 07:02:43,PSO_ELM_kswin,nonlinear_gradual_drift_19,,0.0175980416311535,0.0004945257954115,0.0222379359521424,7,91.25865817070007,13.036951167242869,2,"['held', 'promoted', 'promoted', 'held', 'held', 'held', 'held']",2,5,v0,7,1,6,2,0.1428571428571428,0.3333333333333333,0.2,-250.0,93.77556085586548
2026-03-03 07:03:04,LSTM_kswin,nonlinear_gradual_drift_19,,0.0182180820067624,0.0005222780216232,0.0228534028456,11,1.562652587890625,0.142059326171875,7,"['promoted', 'promoted', 'promoted', 'held', 'promoted', 'promoted', 'held', 'promoted', 'held', 'promoted', 'held']",7,4,v10,11,2,9,1,0.1818181818181818,0.6666666666666666,0.2857142857142857,-95.0,21.145708322525024
2026-03-03 07:03:07,ELM_kswin,nonlinear_gradual_drift_19,,0.0188802052393671,0.0005537729507106,0.0235323808976205,5,0.0053515434265136,0.0010703086853027,2,"['held', 'held', 'held', 'promoted', 'promoted']",2,3,v5,5,1,4,2,0.2,0.3333333333333333,0.25,208.0,2.96768569946289
2026-03-03 07:12:38,PSO_LSTM_kswin,nonlinear_gradual_drift_20,,0.0183217301038985,0.0005398488339763,0.0232346472746283,6,164.22970414161682,27.37161735693613,3,"['held', 'held', 'promoted', 'promoted', 'promoted', 'held']",3,3,v3,6,1,5,2,0.1666666666666666,0.3333333333333333,0.2222222222222222,160.0,190.9681041240692
2026-03-03 07:13:00,PSO_ELM_kswin,nonlinear_gradual_drift_20,,0.0180900742372116,0.000516776563777,0.022732720113904,9,20.453182458877563,2.272575828764173,8,"['held', 'promoted', 'promoted', 'promoted', 'promoted', 'promoted', 'promoted', 'promoted', 'promoted']",8,1,v9,9,1,8,2,0.1111111111111111,0.3333333333333333,0.1666666666666666,246.0,22.600749492645264
2026-03-03 07:13:24,LSTM_kswin,nonlinear_gradual_drift_20,,0.0185402107131645,0.0005442951108181,0.0233301331075952,9,1.288646936416626,0.1431829929351806,6,"['promoted', 'held', 'promoted', 'promoted', 'promoted', 'promoted', 'promoted', 'held', 'held']",6,3,v7,9,2,7,1,0.2222222222222222,0.6666666666666666,0.3333333333333333,44.5,23.517836809158325
2026-03-03 07:13:25,ELM_kswin,nonlinear_gradual_drift_20,,0.0194486636332665,0.000617129891619,0.0248420991789956,14,0.0123617649078369,0.0008829832077026,10,"['promoted', 'promoted', 'held', 'held', 'held', 'promoted', 'promoted', 'promoted', 'promoted', 'held', 'promoted', 'promoted', 'promoted', 'promoted']",10,4,v12,14,3,11,0,0.2142857142857142,1.0,0.3529411764705882,-21.666666666666668,1.6972570419311523
2026-03-03 07:22:26,PSO_LSTM_kswin,nonlinear_gradual_drift_21,,0.0171824278633645,0.0004685116885655,0.0216451308281007,6,135.44010472297668,22.57335078716278,0,"['held', 'held', 'held', 'held', 'held', 'held']",0,6,v0,6,0,6,3,0.0,0.0,0.0,,159.4451026916504
2026-03-03 07:23:04,PSO_ELM_kswin,nonlinear_gradual_drift_21,,0.0204886403922531,0.0007033357964656,0.0265204788129036,11,35.92568802833557,3.265971638939597,8,"['held', 'held', 'promoted', 'promoted', 'promoted', 'held', 'promoted', 'promoted', 'promoted', 'promoted', 'promoted']",8,3,v4,11,2,9,1,0.1818181818181818,0.6666666666666666,0.2857142857142857,102.0,37.83389639854431
2026-03-03 07:23:26,LSTM_kswin,nonlinear_gradual_drift_21,,0.0189725103398288,0.0005730116329697,0.0239376613930801,10,1.3729078769683838,0.1372907876968384,8,"['promoted', 'promoted', 'promoted', 'held', 'promoted', 'held', 'promoted', 'promoted', 'promoted', 'promoted']",8,2,v10,10,2,8,1,0.2,0.6666666666666666,0.3076923076923076,42.0,22.208489418029785
2026-03-03 07:23:28,ELM_kswin,nonlinear_gradual_drift_21,,0.0195078384837113,0.0006578932210913,0.0256494292546909,8,0.0043373107910156,0.0005421638488769,7,"['promoted', 'promoted', 'promoted', 'promoted', 'promoted', 'promoted', 'promoted', 'held']",7,1,v7,8,0,8,3,0.0,0.0,0.0,,2.468234062194824
2026-03-03 07:31:00,PSO_LSTM_kswin,nonlinear_gradual_drift_22,,0.0176978210717178,0.0004950507555888,0.0222497360790821,3,50.162723779678345,16.72090792655945,0,"['held', 'held', 'held']",0,3,v0,3,1,2,2,0.3333333333333333,0.3333333333333333,0.3333333333333333,244.0,73.74925756454468
2026-03-03 07:32:28,PSO_ELM_kswin,nonlinear_gradual_drift_22,,0.0181325480609747,0.0005168892313339,0.0227351980711385,7,85.82667636871338,12.260953766959052,4,"['held', 'held', 'promoted', 'promoted', 'held', 'promoted', 'promoted']",4,3,v0,7,2,5,1,0.2857142857142857,0.6666666666666666,0.4,45.5,88.44036173820496
2026-03-03 07:32:50,LSTM_kswin,nonlinear_gradual_drift_22,,0.0188730883434806,0.0005573414801592,0.0236080808232962,9,1.4434475898742676,0.1603830655415853,6,"['promoted', 'promoted', 'held', 'promoted', 'promoted', 'held', 'promoted', 'held', 'promoted']",6,3,v9,9,0,9,3,0.0,0.0,0.0,,21.953543424606323
2026-03-03 07:32:53,ELM_kswin,nonlinear_gradual_drift_22,,0.0170231384527513,0.000454907997629,0.021328572329837,5,0.0030255317687988,0.0006051063537597,0,"['held', 'held', 'held', 'held', 'held']",0,5,v0,5,0,5,3,0.0,0.0,0.0,,2.90196180343628
2026-03-03 07:39:29,PSO_LSTM_kswin,nonlinear_gradual_drift_23,,0.0180626856018216,0.0005131170939617,0.022652088070678,2,7.145177125930786,3.572588562965393,1,"['promoted', 'held']",1,1,v1,2,1,1,2,0.5,0.3333333333333333,0.4,59.0,27.42472743988037
2026-03-03 07:40:48,PSO_ELM_kswin,nonlinear_gradual_drift_23,,0.0185944862098635,0.000595196932508,0.0243966582241929,8,76.70913410186768,9.58864176273346,4,"['held', 'held', 'promoted', 'held', 'promoted', 'promoted', 'promoted', 'held']",4,4,v0,8,2,6,1,0.25,0.6666666666666666,0.3636363636363636,48.5,79.05539298057556
2026-03-03 07:41:09,LSTM_kswin,nonlinear_gradual_drift_23,,0.0205275505023545,0.0006833030925173,0.0261400668039955,14,1.7116496562957764,0.1222606897354126,13,"['held', 'promoted', 'promoted', 'promoted', 'promoted', 'promoted', 'promoted', 'promoted', 'promoted', 'promoted', 'promoted', 'promoted', 'promoted', 'promoted']",13,1,v14,14,3,11,0,0.2142857142857142,1.0,0.3529411764705882,41.333333333333336,20.89955711364746
2026-03-03 07:41:12,ELM_kswin,nonlinear_gradual_drift_23,,0.0180342693764741,0.0005147617422455,0.0226883613829993,8,0.005366563796997,0.0006708204746246,5,"['held', 'promoted', 'promoted', 'promoted', 'held', 'promoted', 'held', 'promoted']",5,3,v6,8,1,7,2,0.125,0.3333333333333333,0.1818181818181818,223.0,2.411395072937012
2026-03-03 07:49:06,PSO_LSTM_kswin,nonlinear_gradual_drift_24,,0.0198216982963237,0.0006450864070106,0.025398551277792,8,79.93165159225464,9.99145644903183,6,"['promoted', 'promoted', 'promoted', 'promoted', 'promoted', 'held', 'promoted', 'held']",6,2,v0,8,2,6,1,0.25,0.6666666666666666,0.3636363636363636,75.5,105.73984050750732
2026-03-03 07:49:56,PSO_ELM_kswin,nonlinear_gradual_drift_24,,0.0177683977117741,0.0005026382146296,0.0224195944349945,5,46.72482872009277,9.344965744018555,0,"['held', 'held', 'held', 'held', 'held']",0,5,v0,5,3,2,0,0.6,1.0,0.7499999999999999,-36.0,49.64050650596619
2026-03-03 07:50:17,LSTM_kswin,nonlinear_gradual_drift_24,,0.0202525333911516,0.000653819127066,0.0255698871148467,8,1.135185956954956,0.1418982446193695,7,"['promoted', 'promoted', 'promoted', 'promoted', 'promoted', 'promoted', 'held', 'promoted']",7,1,v8,8,3,5,0,0.375,1.0,0.5454545454545454,-47.333333333333336,21.38953328132629
2026-03-03 07:50:20,ELM_kswin,nonlinear_gradual_drift_24,,0.0198084593751961,0.0007147667771953,0.0267351225393745,8,0.0065312385559082,0.0008164048194885,6,"['promoted', 'promoted', 'promoted', 'held', 'promoted', 'promoted', 'promoted', 'held']",6,2,v0,8,3,5,0,0.375,1.0,0.5454545454545454,-75.0,2.4901657104492188
2026-03-03 07:59:32,PSO_LSTM_kswin,nonlinear_gradual_drift_25,,0.0203619894178698,0.0007797947379468,0.0279248050655113,11,137.71392130851746,12.519447391683403,6,"['held', 'promoted', 'promoted', 'held', 'held', 'held', 'held', 'promoted', 'promoted', 'promoted', 'promoted']",6,5,v0,11,3,8,0,0.2727272727272727,1.0,0.4285714285714285,102.33333333333331,161.74501419067383
2026-03-03 08:00:36,PSO_ELM_kswin,nonlinear_gradual_drift_25,,0.0185985127255717,0.0005492213670094,0.0234354724084983,8,61.40372371673584,7.67546546459198,5,"['held', 'held', 'promoted', 'promoted', 'promoted', 'promoted', 'held', 'promoted']",5,3,v8,8,1,7,2,0.125,0.3333333333333333,0.1818181818181818,10.0,63.90141558647156
2026-03-03 08:00:57,LSTM_kswin,nonlinear_gradual_drift_25,,0.0180853868433769,0.0005134699761824,0.0226598759083636,9,1.0940871238708496,0.1215652359856499,6,"['held', 'promoted', 'held', 'promoted', 'held', 'promoted', 'promoted', 'promoted', 'promoted']",6,3,v7,9,2,7,1,0.2222222222222222,0.6666666666666666,0.3333333333333333,-80.5,21.28137588500977
2026-03-03 08:01:00,ELM_kswin,nonlinear_gradual_drift_25,,0.0173335746793487,0.0004733976228322,0.0217577026092417,6,0.0023579597473144,0.000392993291219,2,"['held', 'held', 'held', 'promoted', 'promoted', 'held']",2,4,v0,6,2,4,1,0.3333333333333333,0.6666666666666666,0.4444444444444444,20.0,2.6988911628723145
2026-03-03 08:10:18,PSO_LSTM_kswin,nonlinear_gradual_drift_26,,0.0185703163759281,0.0005619581529282,0.0237056565597389,7,106.97085428237916,15.28155061176845,3,"['promoted', 'promoted', 'promoted', 'held', 'held', 'held', 'held']",3,4,v0,7,2,5,1,0.2857142857142857,0.6666666666666666,0.4,-62.0,126.5056402683258
2026-03-03 08:10:57,PSO_ELM_kswin,nonlinear_gradual_drift_26,,0.0173546846026448,0.0004803550047404,0.0219170026404267,4,36.620885372161865,9.155221343040466,0,"['held', 'held', 'held', 'held']",0,4,v0,4,1,3,2,0.25,0.3333333333333333,0.2857142857142857,90.0,39.57854509353638
2026-03-03 08:11:18,LSTM_kswin,nonlinear_gradual_drift_26,,0.0193405676295372,0.00059508926057,0.0243944514299887,14,1.960169076919556,0.1400120769228254,9,"['held', 'held', 'promoted', 'promoted', 'held', 'promoted', 'promoted', 'promoted', 'held', 'promoted', 'held', 'promoted', 'promoted', 'promoted']",9,5,v14,14,3,11,0,0.2142857142857142,1.0,0.3529411764705882,-63.333333333333336,20.79503893852234
2026-03-03 08:11:20,ELM_kswin,nonlinear_gradual_drift_26,,0.0210366476919944,0.0007648425739492,0.0276557873500142,10,0.0056085586547851,0.0005608558654785,6,"['held', 'held', 'held', 'held', 'promoted', 'promoted', 'promoted', 'promoted', 'promoted', 'promoted']",6,4,v10,10,2,8,1,0.2,0.6666666666666666,0.3076923076923076,-40.5,1.979489088058472
2026-03-03 08:20:19,PSO_LSTM_kswin,nonlinear_gradual_drift_27,,0.0182833402896255,0.0005328455373392,0.0230834472585721,9,121.2084412574768,13.46760458416409,2,"['promoted', 'promoted', 'held', 'held', 'held', 'held', 'held', 'held', 'held']",2,7,v0,9,2,7,1,0.2222222222222222,0.6666666666666666,0.3333333333333333,85.0,148.0680902004242
2026-03-03 08:21:38,PSO_ELM_kswin,nonlinear_gradual_drift_27,,0.0216435647394712,0.0011002282224618,0.0331696883081811,8,77.12785267829895,9.640981584787369,3,"['held', 'held', 'held', 'held', 'promoted', 'promoted', 'promoted', 'held']",3,5,v0,8,1,7,2,0.125,0.3333333333333333,0.1818181818181818,113.0,79.47176456451416
2026-03-03 08:22:01,LSTM_kswin,nonlinear_gradual_drift_27,,0.0192255968058661,0.000594143883806,0.0243750668472115,7,0.8634486198425293,0.123349802834647,5,"['held', 'promoted', 'promoted', 'held', 'promoted', 'promoted', 'promoted']",5,2,v5,7,3,4,0,0.4285714285714285,1.0,0.6,-24.33333333333333,22.467352390289307
2026-03-03 08:22:03,ELM_kswin,nonlinear_gradual_drift_27,,0.0212664964857908,0.0008006181683178,0.0282951969125117,12,0.0056343078613281,0.0004695256551106,8,"['held', 'promoted', 'promoted', 'promoted', 'held', 'held', 'promoted', 'promoted', 'promoted', 'promoted', 'held', 'promoted']",8,4,v6,12,2,10,1,0.1666666666666666,0.6666666666666666,0.2666666666666666,-112.5,1.8685383796691888
2026-03-03 08:31:41,PSO_LSTM_kswin,nonlinear_gradual_drift_28,,0.0175003274254267,0.0004834450504597,0.0219873838930368,6,157.54305124282837,26.25717520713806,0,"['held', 'held', 'held', 'held', 'held', 'held']",0,6,v0,6,1,5,2,0.1666666666666666,0.3333333333333333,0.2222222222222222,220.0,185.1771810054779
2026-03-03 08:32:18,PSO_ELM_kswin,nonlinear_gradual_drift_28,,0.0191799813281343,0.0005890249030208,0.0242698352491498,10,35.40127658843994,3.540127658843994,8,"['held', 'promoted', 'promoted', 'held', 'promoted', 'promoted', 'promoted', 'promoted', 'promoted', 'promoted']",8,2,v5,10,3,7,0,0.3,1.0,0.4615384615384615,-84.66666666666667,37.41410326957703
2026-03-03 08:32:40,LSTM_kswin,nonlinear_gradual_drift_28,,0.017902332836009,0.0005075684366875,0.0225292795421327,8,1.1053547859191897,0.1381693482398986,6,"['promoted', 'promoted', 'promoted', 'held', 'held', 'promoted', 'promoted', 'promoted']",6,2,v8,8,1,7,2,0.125,0.3333333333333333,0.1818181818181818,-135.0,21.803870916366577
2026-03-03 08:32:43,ELM_kswin,nonlinear_gradual_drift_28,,0.0178408084437384,0.0004994986893666,0.0223494673172916,7,0.0050113201141357,0.0007159028734479,3,"['held', 'held', 'promoted', 'promoted', 'held', 'held', 'promoted']",3,4,v7,7,1,6,2,0.1428571428571428,0.3333333333333333,0.2,144.0,2.887688159942627
2026-03-03 08:42:55,PSO_LSTM_kswin,nonlinear_gradual_drift_29,,0.0207238732429857,0.0007396309611608,0.0271961571028116,10,187.87453818321228,18.78745381832123,4,"['held', 'held', 'held', 'promoted', 'promoted', 'held', 'held', 'held', 'promoted', 'promoted']",4,6,v3,10,2,8,1,0.2,0.6666666666666666,0.3076923076923076,42.5,214.53397822380063
2026-03-03 08:44:14,PSO_ELM_kswin,nonlinear_gradual_drift_29,,0.0179507064792339,0.0005126353625426,0.0226414523063925,7,76.09875750541687,10.87125107220241,2,"['held', 'held', 'held', 'promoted', 'held', 'promoted', 'held']",2,5,v0,7,1,6,2,0.1428571428571428,0.3333333333333333,0.2,-97.0,78.78840899467468
2026-03-03 08:44:36,LSTM_kswin,nonlinear_gradual_drift_29,,0.0188166005648122,0.0005545769007556,0.0235494564853548,11,1.3700520992279053,0.1245501908389004,5,"['held', 'held', 'held', 'promoted', 'held', 'promoted', 'held', 'promoted', 'promoted', 'promoted', 'held']",5,6,v10,11,2,9,1,0.1818181818181818,0.6666666666666666,0.2857142857142857,78.0,21.875088453292847
2026-03-03 08:44:38,ELM_kswin,nonlinear_gradual_drift_29,,0.0188711316586778,0.0005670055521057,0.0238118783825575,13,0.0106782913208007,0.0008214070246769,9,"['held', 'promoted', 'promoted', 'promoted', 'held', 'held', 'promoted', 'promoted', 'held', 'promoted', 'promoted', 'promoted', 'promoted']",9,4,v13,13,2,11,1,0.1538461538461538,0.6666666666666666,0.25,78.0,1.7718091011047363
2026-03-03 08:53:55,PSO_LSTM_kswin,nonlinear_gradual_drift_30,,0.0197548614368271,0.0006746671699963,0.0259743560073462,7,117.20111155509947,16.743015936442784,6,"['promoted', 'promoted', 'promoted', 'promoted', 'held', 'promoted', 'promoted']",6,1,v0,7,1,6,2,0.1428571428571428,0.3333333333333333,0.2,-32.0,144.39090371131897
2026-03-03 08:55:16,PSO_ELM_kswin,nonlinear_gradual_drift_30,,0.0183297963086718,0.0005477470109632,0.0234039956196208,7,78.43304634094238,11.204720905848912,3,"['held', 'held', 'held', 'promoted', 'promoted', 'held', 'promoted']",3,4,v6,7,2,5,1,0.2857142857142857,0.6666666666666666,0.4,-128.0,81.23132181167603
2026-03-03 08:55:37,LSTM_kswin,nonlinear_gradual_drift_30,,0.0194362780705859,0.0005948812521386,0.0243901876199965,11,1.3208072185516355,0.1200733835046941,9,"['promoted', 'held', 'promoted', 'promoted', 'promoted', 'promoted', 'promoted', 'promoted', 'held', 'promoted', 'promoted']",9,2,v11,11,2,9,1,0.1818181818181818,0.6666666666666666,0.2857142857142857,41.5,20.847710609436035
2026-03-03 08:55:40,ELM_kswin,nonlinear_gradual_drift_30,,0.0188679827564258,0.0005628978024576,0.0237254673812273,7,0.0095002651214599,0.0013571807316371,5,"['held', 'promoted', 'promoted', 'promoted', 'promoted', 'held', 'promoted']",5,2,v7,7,1,6,2,0.1428571428571428,0.3333333333333333,0.2,61.0,2.57169246673584
2026-03-03 09:05:38,PSO_LSTM_kswin,nonlinear_abrupt_drift_1,,0.047421006352791,0.0048370643134395,0.0695490065596884,16,171.21347403526306,10.70084212720394,7,"['held', 'held', 'held', 'held', 'held', 'held', 'held', 'held', 'promoted', 'promoted', 'promoted', 'held', 'promoted', 'promoted', 'promoted', 'promoted']",7,9,v14,16,3,13,0,0.1875,1.0,0.3157894736842105,-80.33333333333333,196.0179092884064
2026-03-03 09:06:06,PSO_ELM_kswin,nonlinear_abrupt_drift_1,,0.0915953711312318,0.0555995402832532,0.2357955476323783,18,27.39109945297241,1.5217277473873565,14,"['promoted', 'promoted', 'promoted', 'promoted', 'promoted', 'promoted', 'promoted', 'promoted', 'promoted', 'held', 'promoted', 'promoted', 'promoted', 'promoted', 'held', 'held', 'held', 'promoted']",14,4,v18,18,3,15,0,0.1666666666666666,1.0,0.2857142857142857,132.33333333333334,28.30214738845825
2026-03-03 09:06:25,LSTM_kswin,nonlinear_abrupt_drift_1,,0.0310353151290377,0.0016377434191409,0.0404690427257797,16,2.1451125144958496,0.1340695321559906,15,"['promoted', 'promoted', 'promoted', 'promoted', 'promoted', 'promoted', 'promoted', 'promoted', 'promoted', 'promoted', 'promoted', 'promoted', 'held', 'promoted', 'promoted', 'promoted']",15,1,v16,16,3,13,0,0.1875,1.0,0.3157894736842105,91.33333333333331,19.595391511917114
2026-03-03 09:06:27,ELM_kswin,nonlinear_abrupt_drift_1,,0.089281093472682,0.0603326913503254,0.2456271388717572,15,0.0133101940155029,0.0008873462677001,13,"['promoted', 'promoted', 'promoted', 'promoted', 'promoted', 'promoted', 'held', 'promoted', 'promoted', 'held', 'promoted', 'promoted', 'promoted', 'promoted', 'promoted']",13,2,v15,15,3,12,0,0.2,1.0,0.3333333333333333,76.33333333333333,1.4593300819396973
2026-03-03 09:13:45,PSO_LSTM_kswin,nonlinear_abrupt_drift_2,,0.0328204877607216,0.0021799485667284,0.046689919326643,9,30.03138780593872,3.3368208673265247,0,"['held', 'held', 'held', 'held', 'held', 'held', 'held', 'held', 'held']",0,9,v0,9,3,6,0,0.3333333333333333,1.0,0.5,-67.0,56.719462633132935
2026-03-03 09:14:27,PSO_ELM_kswin,nonlinear_abrupt_drift_2,,0.0451634008748369,0.0058666292085921,0.076593924097099,16,40.67631816864014,2.5422698855400085,15,"['promoted', 'promoted', 'promoted', 'promoted', 'promoted', 'promoted', 'promoted', 'promoted', 'promoted', 'promoted', 'promoted', 'promoted', 'held', 'promoted', 'promoted', 'promoted']",15,1,v16,16,3,13,0,0.1875,1.0,0.3157894736842105,99.66666666666669,41.76643776893616
2026-03-03 09:14:50,LSTM_kswin,nonlinear_abrupt_drift_2,,0.0235806750755584,0.0008747618141887,0.0295763725664385,13,1.938269853591919,0.1490976810455322,11,"['held', 'promoted', 'held', 'promoted', 'promoted', 'promoted', 'promoted', 'promoted', 'promoted', 'promoted', 'promoted', 'promoted', 'promoted']",11,2,v9,13,3,10,0,0.2307692307692307,1.0,0.375,98.66666666666669,23.54519104957581
2026-03-03 09:14:51,ELM_kswin,nonlinear_abrupt_drift_2,,0.5184990422828379,9.97594890159714,3.158472558309972,17,0.0073456764221191,0.0004320986130658,16,"['promoted', 'promoted', 'promoted', 'promoted', 'promoted', 'promoted', 'promoted', 'promoted', 'promoted', 'held', 'promoted', 'promoted', 'promoted', 'promoted', 'promoted', 'promoted', 'promoted']",16,1,v14,17,3,14,0,0.1764705882352941,1.0,0.3,54.0,0.99219012260437
2026-03-03 09:20:30,PSO_LSTM_kswin,nonlinear_abrupt_drift_3,,0.035667752352107,0.0024944604813497,0.0499445740931856,15,88.3023989200592,5.886826594670613,1,"['held', 'held', 'held', 'held', 'held', 'held', 'held', 'held', 'held', 'held', 'held', 'held', 'held', 'held', 'promoted']",1,14,v15,15,3,12,0,0.2,1.0,0.3333333333333333,-34.666666666666664,114.3880660533905
2026-03-03 09:21:13,PSO_ELM_kswin,nonlinear_abrupt_drift_3,,0.1037611495298826,0.0501692869088628,0.2239850149203353,19,42.757577419281006,2.250398811541105,17,"['promoted', 'promoted', 'promoted', 'promoted', 'promoted', 'promoted', 'promoted', 'promoted', 'held', 'promoted', 'promoted', 'promoted', 'promoted', 'promoted', 'promoted', 'promoted', 'held', 'promoted', 'promoted']",17,2,v19,19,3,16,0,0.1578947368421052,1.0,0.2727272727272727,-33.666666666666664,43.45677208900452
2026-03-03 09:21:33,LSTM_kswin,nonlinear_abrupt_drift_3,,0.0844251445098573,0.0116221270049754,0.1078059692455637,21,2.6051506996154785,0.1240547952197846,17,"['promoted', 'promoted', 'promoted', 'promoted', 'promoted', 'promoted', 'held', 'promoted', 'promoted', 'held', 'promoted', 'held', 'promoted', 'held', 'promoted', 'promoted', 'promoted', 'promoted', 'promoted', 'promoted', 'promoted']",17,4,v21,21,3,18,0,0.1428571428571428,1.0,0.25,-27.0,19.421172857284542
2026-03-03 09:21:34,ELM_kswin,nonlinear_abrupt_drift_3,,0.0792794751714376,0.0505006147663499,0.2247234183754552,17,0.0129508972167968,0.0007618174833409,16,"['promoted', 'promoted', 'promoted', 'promoted', 'promoted', 'held', 'promoted', 'promoted', 'promoted', 'promoted', 'promoted', 'promoted', 'promoted', 'promoted', 'promoted', 'promoted', 'promoted']",16,1,v17,17,2,15,1,0.1176470588235294,0.6666666666666666,0.2,115.5,0.9593920707702636
2026-03-03 09:29:58,PSO_LSTM_kswin,nonlinear_abrupt_drift_4,,0.037873462179098,0.0032623810568581,0.0571172570845111,12,105.32662725448608,8.77721893787384,5,"['held', 'held', 'held', 'held', 'held', 'promoted', 'promoted', 'held', 'held', 'promoted', 'promoted', 'promoted']",5,7,v12,12,3,9,0,0.25,1.0,0.4,-80.0,130.94707775115967
2026-03-03 09:30:51,PSO_ELM_kswin,nonlinear_abrupt_drift_4,,0.0642687343014839,0.0182032065794384,0.1349192594829901,13,51.327863693237305,3.948297207172101,11,"['promoted', 'promoted', 'promoted', 'promoted', 'promoted', 'promoted', 'promoted', 'held', 'promoted', 'promoted', 'held', 'promoted', 'promoted']",11,2,v13,13,3,10,0,0.2307692307692307,1.0,0.375,60.333333333333336,52.93627858161926
2026-03-03 09:31:11,LSTM_kswin,nonlinear_abrupt_drift_4,,0.0370453675003911,0.00242673789551,0.049261931504053,15,1.9415311813354488,0.1294354120890299,13,"['promoted', 'promoted', 'promoted', 'promoted', 'promoted', 'promoted', 'promoted', 'promoted', 'held', 'promoted', 'promoted', 'promoted', 'held', 'promoted', 'promoted']",13,2,v15,15,3,12,0,0.2,1.0,0.3333333333333333,-54.333333333333336,20.15066719055176
2026-03-03 09:31:12,ELM_kswin,nonlinear_abrupt_drift_4,,0.0448994240511353,0.0075851324690987,0.0870926659891563,16,0.0177841186523437,0.0011115074157714,11,"['promoted', 'held', 'promoted', 'promoted', 'held', 'held', 'promoted', 'promoted', 'promoted', 'promoted', 'held', 'promoted', 'promoted', 'promoted', 'promoted', 'held']",11,5,v15,16,3,13,0,0.1875,1.0,0.3157894736842105,-69.0,1.2410492897033691
2026-03-03 09:40:21,PSO_LSTM_kswin,nonlinear_abrupt_drift_5,,0.0531627256249008,0.0187920389227119,0.137084057872212,15,228.8848466873169,15.25898977915446,9,"['held', 'promoted', 'promoted', 'held', 'held', 'promoted', 'promoted', 'promoted', 'promoted', 'promoted', 'promoted', 'held', 'held', 'promoted', 'held']",9,6,v14,15,3,12,0,0.2,1.0,0.3333333333333333,-6.333333333333333,254.202831029892
2026-03-03 09:41:51,PSO_ELM_kswin,nonlinear_abrupt_drift_5,,0.0292449978470439,0.0096309845326735,0.0981375796149135,10,87.62534546852112,8.762534546852113,4,"['held', 'held', 'held', 'held', 'held', 'promoted', 'promoted', 'held', 'promoted', 'promoted']",4,6,v0,10,1,9,2,0.1,0.3333333333333333,0.1538461538461538,147.0,89.63525342941284
2026-03-03 09:42:13,LSTM_kswin,nonlinear_abrupt_drift_5,,0.1006249271709197,0.0217949831419119,0.1476312403995575,21,3.010190963745117,0.1433424268450056,19,"['promoted', 'promoted', 'promoted', 'promoted', 'promoted', 'promoted', 'promoted', 'held', 'promoted', 'promoted', 'promoted', 'promoted', 'promoted', 'promoted', 'promoted', 'held', 'promoted', 'promoted', 'promoted', 'promoted', 'promoted']",19,2,v21,21,3,18,0,0.1428571428571428,1.0,0.25,74.0,22.088086128234863
2026-03-03 09:42:14,ELM_kswin,nonlinear_abrupt_drift_5,,1.330807703250773,30.72417777962335,5.5429394529999465,20,0.0144758224487304,0.0007237911224365,20,"['promoted', 'promoted', 'promoted', 'promoted', 'promoted', 'promoted', 'promoted', 'promoted', 'promoted', 'promoted', 'promoted', 'promoted', 'promoted', 'promoted', 'promoted', 'promoted', 'promoted', 'promoted', 'promoted', 'promoted']",20,0,v20,20,3,17,0,0.15,1.0,0.2608695652173913,73.33333333333333,0.5116980075836182
2026-03-03 09:49:35,PSO_LSTM_kswin,nonlinear_abrupt_drift_6,,0.0346378543681286,0.0024068410140818,0.0490595659793467,14,161.31649041175842,11.522606457982745,4,"['promoted', 'promoted', 'held', 'held', 'held', 'promoted', 'held', 'promoted', 'held', 'held', 'held', 'held', 'held', 'held']",4,10,v0,14,3,11,0,0.2142857142857142,1.0,0.3529411764705882,-22.666666666666668,186.13509798049927
2026-03-03 09:50:44,PSO_ELM_kswin,nonlinear_abrupt_drift_6,,0.0887625458564556,0.0730607378779156,0.2702974988376986,16,68.05429291725159,4.253393307328224,14,"['promoted', 'promoted', 'promoted', 'held', 'promoted', 'promoted', 'promoted', 'promoted', 'promoted', 'promoted', 'held', 'promoted', 'promoted', 'promoted', 'promoted', 'promoted']",14,2,v16,16,3,13,0,0.1875,1.0,0.3157894736842105,0.6666666666666666,69.1727352142334
2026-03-03 09:51:05,LSTM_kswin,nonlinear_abrupt_drift_6,,0.0886691382681473,0.0154837877843246,0.124433869120608,21,2.942233800888061,0.14010637147086,18,"['promoted', 'promoted', 'promoted', 'promoted', 'promoted', 'promoted', 'promoted', 'held', 'held', 'promoted', 'promoted', 'promoted', 'promoted', 'promoted', 'promoted', 'held', 'promoted', 'promoted', 'promoted', 'promoted', 'promoted']",18,3,v18,21,3,18,0,0.1428571428571428,1.0,0.25,119.33333333333331,20.84700584411621
2026-03-03 09:51:06,ELM_kswin,nonlinear_abrupt_drift_6,,0.1239168453042764,0.1818503162767918,0.4264391120392122,16,0.0112812519073486,0.0007050782442092,16,"['promoted', 'promoted', 'promoted', 'promoted', 'promoted', 'promoted', 'promoted', 'promoted', 'promoted', 'promoted', 'promoted', 'promoted', 'promoted', 'promoted', 'promoted', 'promoted']",16,0,v16,16,2,14,1,0.125,0.6666666666666666,0.2105263157894736,-48.0,1.114454746246338
2026-03-03 09:59:02,PSO_LSTM_kswin,nonlinear_abrupt_drift_7,,0.0330783754800825,0.0020889411750193,0.0457049360027923,11,80.20500016212463,7.291363651102239,4,"['held', 'held', 'held', 'held', 'held', 'promoted', 'promoted', 'held', 'held', 'promoted', 'promoted']",4,7,v11,11,2,9,1,0.1818181818181818,0.6666666666666666,0.2857142857142857,-79.5,106.42712664604188
2026-03-03 09:59:28,PSO_ELM_kswin,nonlinear_abrupt_drift_7,,0.0287868605307057,0.001523406510724,0.039030840507528,12,24.580151796340942,2.048345983028412,10,"['promoted', 'held', 'promoted', 'promoted', 'promoted', 'promoted', 'promoted', 'promoted', 'promoted', 'promoted', 'held', 'promoted']",10,2,v9,12,3,9,0,0.25,1.0,0.4,100.0,26.376595973968502
2026-03-03 09:59:50,LSTM_kswin,nonlinear_abrupt_drift_7,,0.0267323323380216,0.0011166946724897,0.0334169817980285,14,1.973817586898804,0.1409869704927717,12,"['promoted', 'promoted', 'promoted', 'promoted', 'promoted', 'promoted', 'promoted', 'promoted', 'promoted', 'promoted', 'promoted', 'held', 'promoted', 'held']",12,2,v13,14,3,11,0,0.2142857142857142,1.0,0.3529411764705882,17.666666666666668,21.25750422477722
2026-03-03 09:59:51,ELM_kswin,nonlinear_abrupt_drift_7,,0.720595228470522,14.612842690413276,3.82267480835256,17,0.012007713317871,0.0007063360775218,14,"['promoted', 'held', 'held', 'held', 'promoted', 'promoted', 'promoted', 'promoted', 'promoted', 'promoted', 'promoted', 'promoted', 'promoted', 'promoted', 'promoted', 'promoted', 'promoted']",14,3,v17,17,3,14,0,0.1764705882352941,1.0,0.3,53.0,1.0975346565246582
2026-03-03 10:06:38,PSO_LSTM_kswin,nonlinear_abrupt_drift_8,,0.0349421202910856,0.0024443880754072,0.049440753184061,12,125.37824726104736,10.448187271753946,0,"['held', 'held', 'held', 'held', 'held', 'held', 'held', 'held', 'held', 'held', 'held', 'held']",0,12,v0,12,3,9,0,0.25,1.0,0.4,-130.66666666666666,150.2142550945282
2026-03-03 10:07:48,PSO_ELM_kswin,nonlinear_abrupt_drift_8,,0.046053963043955,0.0145448670283281,0.1206021020891766,17,68.89791822433472,4.0528187190785125,13,"['held', 'held', 'promoted', 'promoted', 'held', 'promoted', 'promoted', 'held', 'promoted', 'promoted', 'promoted', 'promoted', 'promoted', 'promoted', 'promoted', 'promoted', 'promoted']",13,4,v17,17,2,15,1,0.1176470588235294,0.6666666666666666,0.2,64.0,69.96350169181824
2026-03-03 10:08:09,LSTM_kswin,nonlinear_abrupt_drift_8,,0.0797868400152096,0.0108840910773543,0.1043268473469525,20,2.7742085456848145,0.1387104272842407,16,"['promoted', 'promoted', 'held', 'promoted', 'promoted', 'promoted', 'promoted', 'held', 'promoted', 'held', 'held', 'promoted', 'promoted', 'promoted', 'promoted', 'promoted', 'promoted', 'promoted', 'promoted', 'promoted']",16,4,v20,20,3,17,0,0.15,1.0,0.2608695652173913,-48.333333333333336,20.247397661209103
2026-03-03 10:08:09,ELM_kswin,nonlinear_abrupt_drift_8,,0.094234137158025,0.0993140267086413,0.3151412805530899,19,0.014930248260498,0.0007858025400262,17,"['promoted', 'promoted', 'promoted', 'promoted', 'promoted', 'promoted', 'held', 'promoted', 'held', 'promoted', 'promoted', 'promoted', 'promoted', 'promoted', 'promoted', 'promoted', 'promoted', 'promoted', 'promoted']",17,2,v17,19,3,16,0,0.1578947368421052,1.0,0.2727272727272727,-42.0,0.6616203784942627
2026-03-03 10:16:13,PSO_LSTM_kswin,nonlinear_abrupt_drift_9,,0.0302613203556576,0.0017093194329788,0.0413439165171712,11,85.93799638748169,7.812545126134699,2,"['promoted', 'held', 'promoted', 'held', 'held', 'held', 'held', 'held', 'held', 'held', 'held']",2,9,v0,11,2,9,1,0.1818181818181818,0.6666666666666666,0.2857142857142857,-33.5,112.47093462944032
2026-03-03 10:16:41,PSO_ELM_kswin,nonlinear_abrupt_drift_9,,0.0458167758583587,0.006279574608281,0.0792437669995633,18,27.33442640304565,1.5185792446136477,15,"['held', 'promoted', 'held', 'promoted', 'held', 'promoted', 'promoted', 'promoted', 'promoted', 'promoted', 'promoted', 'promoted', 'promoted', 'promoted', 'promoted', 'promoted', 'promoted', 'promoted']",15,3,v18,18,3,15,0,0.1666666666666666,1.0,0.2857142857142857,53.0,28.184287071228027
2026-03-03 10:17:01,LSTM_kswin,nonlinear_abrupt_drift_9,,0.0286216176181621,0.0012828991579254,0.0358175816872866,16,2.044893980026245,0.1278058737516403,14,"['promoted', 'promoted', 'promoted', 'promoted', 'promoted', 'promoted', 'promoted', 'held', 'promoted', 'promoted', 'promoted', 'promoted', 'promoted', 'held', 'promoted', 'promoted']",14,2,v16,16,3,13,0,0.1875,1.0,0.3157894736842105,-88.66666666666667,20.065598249435425
2026-03-03 10:17:02,ELM_kswin,nonlinear_abrupt_drift_9,,0.2305377382651572,1.5459627148162782,1.243367489850156,18,0.011592149734497,0.0006440083185831,15,"['promoted', 'held', 'promoted', 'promoted', 'promoted', 'promoted', 'held', 'held', 'promoted', 'promoted', 'promoted', 'promoted', 'promoted', 'promoted', 'promoted', 'promoted', 'promoted', 'promoted']",15,3,v18,18,3,15,0,0.1666666666666666,1.0,0.2857142857142857,-10.333333333333334,0.9175963401794434
2026-03-03 10:23:31,PSO_LSTM_kswin,nonlinear_abrupt_drift_10,,0.0393947874501291,0.0029206472103217,0.0540430125948001,15,151.06688356399536,10.071125570933024,6,"['held', 'held', 'held', 'held', 'held', 'held', 'held', 'promoted', 'promoted', 'held', 'promoted', 'held', 'promoted', 'promoted', 'promoted']",6,9,v15,15,3,12,0,0.2,1.0,0.3333333333333333,22.666666666666668,178.04721784591675
2026-03-03 10:24:28,PSO_ELM_kswin,nonlinear_abrupt_drift_10,,0.0535918760202557,0.0104117626548658,0.1020380451344782,18,55.61247777938843,3.0895820988549128,16,"['promoted', 'held', 'promoted', 'promoted', 'promoted', 'promoted', 'promoted', 'promoted', 'promoted', 'promoted', 'promoted', 'held', 'promoted', 'promoted', 'promoted', 'promoted', 'promoted', 'promoted']",16,2,v18,18,3,15,0,0.1666666666666666,1.0,0.2857142857142857,108.33333333333331,56.43455934524536
2026-03-03 10:24:47,LSTM_kswin,nonlinear_abrupt_drift_10,,0.0930200466405465,0.015326895895529,0.1238018412445025,20,2.5416948795318604,0.127084743976593,18,"['promoted', 'promoted', 'promoted', 'promoted', 'promoted', 'promoted', 'promoted', 'held', 'promoted', 'promoted', 'promoted', 'held', 'promoted', 'promoted', 'promoted', 'promoted', 'promoted', 'promoted', 'promoted', 'promoted']",18,2,v20,20,3,17,0,0.15,1.0,0.2608695652173913,34.666666666666664,19.02472805976868
2026-03-03 10:24:48,ELM_kswin,nonlinear_abrupt_drift_10,,0.1932601045851318,2.381068665369201,1.5430711796184908,17,0.0125422477722167,0.0007377792807186,13,"['promoted', 'promoted', 'held', 'promoted', 'promoted', 'promoted', 'held', 'held', 'promoted', 'promoted', 'promoted', 'promoted', 'held', 'promoted', 'promoted', 'promoted', 'promoted']",13,4,v17,17,3,14,0,0.1764705882352941,1.0,0.3,-15.0,1.0000662803649902
2026-03-03 10:33:11,PSO_LSTM_kswin,nonlinear_abrupt_drift_11,,0.0694249371791214,0.006419455099697,0.0801215021058459,18,98.07931542396544,5.44885085688697,4,"['promoted', 'promoted', 'held', 'held', 'held', 'held', 'held', 'held', 'promoted', 'promoted', 'held', 'held', 'held', 'held', 'held', 'held', 'held', 'held']",4,14,v2,18,3,15,0,0.1666666666666666,1.0,0.2857142857142857,28.0,123.31868958473206
2026-03-03 10:34:38,PSO_ELM_kswin,nonlinear_abrupt_drift_11,,0.1223109033140322,0.6148102033980161,0.7840983378365344,18,85.436851978302,4.746491776572333,17,"['promoted', 'promoted', 'promoted', 'promoted', 'promoted', 'held', 'promoted', 'promoted', 'promoted', 'promoted', 'promoted', 'promoted', 'promoted', 'promoted', 'promoted', 'promoted', 'promoted', 'promoted']",17,1,v16,18,3,15,0,0.1666666666666666,1.0,0.2857142857142857,24.0,86.33998346328735
2026-03-03 10:34:59,LSTM_kswin,nonlinear_abrupt_drift_11,,0.0310373946943032,0.0015503644100477,0.0393746671103103,16,2.1558215618133545,0.1347388476133346,14,"['promoted', 'promoted', 'promoted', 'held', 'promoted', 'promoted', 'promoted', 'promoted', 'promoted', 'promoted', 'held', 'promoted', 'promoted', 'promoted', 'promoted', 'promoted']",14,2,v16,16,3,13,0,0.1875,1.0,0.3157894736842105,59.333333333333336,21.324787855148315
2026-03-03 10:35:00,ELM_kswin,nonlinear_abrupt_drift_11,,0.086864244140605,0.1142811046100147,0.3380548840203536,18,0.0159354209899902,0.0008853011661105,13,"['promoted', 'promoted', 'promoted', 'promoted', 'held', 'promoted', 'promoted', 'promoted', 'promoted', 'promoted', 'held', 'held', 'promoted', 'promoted', 'promoted', 'promoted', 'held', 'held']",13,5,v16,18,3,15,0,0.1666666666666666,1.0,0.2857142857142857,0.6666666666666666,0.8922684192657471
2026-03-03 10:41:56,PSO_LSTM_kswin,nonlinear_abrupt_drift_12,,0.0353153179337593,0.0024880288766996,0.0498801451150618,16,131.88237285614014,8.242648303508759,2,"['held', 'held', 'held', 'held', 'held', 'promoted', 'held', 'held', 'promoted', 'held', 'held', 'held', 'held', 'held', 'held', 'held']",2,14,v0,16,3,13,0,0.1875,1.0,0.3157894736842105,7.333333333333333,156.08905935287476
2026-03-03 10:42:24,PSO_ELM_kswin,nonlinear_abrupt_drift_12,,0.1183095587905594,0.6053665010840913,0.778053019455674,18,27.758525609970093,1.5421403116650052,15,"['promoted', 'promoted', 'held', 'promoted', 'promoted', 'promoted', 'promoted', 'held', 'promoted', 'promoted', 'promoted', 'promoted', 'promoted', 'held', 'promoted', 'promoted', 'promoted', 'promoted']",15,3,v18,18,3,15,0,0.1666666666666666,1.0,0.2857142857142857,25.33333333333333,28.536210536956787
2026-03-03 10:42:46,LSTM_kswin,nonlinear_abrupt_drift_12,,0.0992143580737191,0.0219973939515724,0.1483151844942803,20,2.56937575340271,0.1284687876701355,14,"['promoted', 'promoted', 'held', 'promoted', 'promoted', 'promoted', 'promoted', 'promoted', 'held', 'promoted', 'promoted', 'promoted', 'held', 'promoted', 'promoted', 'promoted', 'held', 'held', 'held', 'promoted']",14,6,v20,20,3,17,0,0.15,1.0,0.2608695652173913,-47.0,21.33730411529541
2026-03-03 10:42:47,ELM_kswin,nonlinear_abrupt_drift_12,,0.0575113406154826,0.0126053737098294,0.1122736554576784,15,0.0082507133483886,0.0005500475565592,9,"['promoted', 'promoted', 'held', 'held', 'promoted', 'held', 'promoted', 'promoted', 'promoted', 'promoted', 'held', 'promoted', 'promoted', 'held', 'held']",9,6,v10,15,3,12,0,0.2,1.0,0.3333333333333333,76.0,1.3314943313598633
2026-03-03 10:48:41,PSO_LSTM_kswin,nonlinear_abrupt_drift_13,,0.0499673023501087,0.004621679162337,0.06798293287537,19,104.99163126945496,5.5258753299713135,8,"['promoted', 'held', 'held', 'held', 'held', 'held', 'promoted', 'held', 'held', 'held', 'held', 'promoted', 'promoted', 'promoted', 'promoted', 'held', 'promoted', 'held', 'promoted']",8,11,v12,19,3,16,0,0.1578947368421052,1.0,0.2727272727272727,51.0,130.77540397644043
2026-03-03 10:49:09,PSO_ELM_kswin,nonlinear_abrupt_drift_13,,0.0538411442880321,0.0102450838721618,0.101218001719861,18,27.11056590080261,1.5061425500445895,17,"['promoted', 'promoted', 'promoted', 'promoted', 'promoted', 'promoted', 'promoted', 'promoted', 'promoted', 'promoted', 'promoted', 'promoted', 'promoted', 'promoted', 'promoted', 'promoted', 'promoted']",17,0,v17,18,3,15,0,0.1666666666666666,1.0,0.2857142857142857,-118.66666666666669,28.02720737457276
2026-03-03 10:49:29,LSTM_kswin,nonlinear_abrupt_drift_13,,0.0879413247773286,0.0132491001536287,0.1151047355829843,20,2.3812620639801025,0.1190631031990051,18,"['promoted', 'promoted', 'promoted', 'promoted', 'promoted', 'promoted', 'promoted', 'promoted', 'promoted', 'promoted', 'promoted', 'held', 'promoted', 'promoted', 'promoted', 'promoted', 'held', 'promoted', 'promoted', 'promoted']",18,2,v20,20,3,17,0,0.15,1.0,0.2608695652173913,-76.33333333333333,19.80076479911804
2026-03-03 10:49:30,ELM_kswin,nonlinear_abrupt_drift_13,,0.1539009318173795,0.320560845750293,0.5661809302248646,16,0.0115120410919189,0.0007195025682449,14,"['promoted', 'held', 'promoted', 'promoted', 'promoted', 'held', 'promoted', 'promoted', 'promoted', 'promoted', 'promoted', 'promoted', 'promoted', 'promoted', 'promoted', 'promoted']",14,2,v16,16,3,13,0,0.1875,1.0,0.3157894736842105,90.33333333333331,1.224944829940796
2026-03-03 10:58:33,PSO_LSTM_kswin,nonlinear_abrupt_drift_14,,0.0329651822824502,0.0020604366525333,0.0453920329191515,16,125.08304333686829,7.817690208554268,5,"['promoted', 'held', 'held', 'held', 'held', 'promoted', 'held', 'promoted', 'promoted', 'promoted', 'held', 'held', 'held', 'held', 'held', 'held']",5,11,v8,16,2,14,1,0.125,0.6666666666666666,0.2105263157894736,17.5,151.91518878936768
2026-03-03 10:59:02,PSO_ELM_kswin,nonlinear_abrupt_drift_14,,0.0645323102317183,0.008784364036095,0.0937249381759999,19,28.31662106513977,1.4903484771126194,18,"['promoted', 'promoted', 'promoted', 'promoted', 'promoted', 'promoted', 'promoted', 'promoted', 'promoted', 'promoted', 'held', 'promoted', 'promoted', 'promoted', 'promoted', 'promoted', 'promoted', 'promoted', 'promoted']",18,1,v19,19,3,16,0,0.1578947368421052,1.0,0.2727272727272727,109.0,28.95712423324585
2026-03-03 10:59:22,LSTM_kswin,nonlinear_abrupt_drift_14,,0.028289671570458,0.0013038222065989,0.0361084783201807,14,1.8678317070007324,0.1334165505000523,12,"['promoted', 'promoted', 'promoted', 'promoted', 'held', 'promoted', 'promoted', 'promoted', 'promoted', 'promoted', 'promoted', 'held', 'promoted', 'promoted']",12,2,v11,14,3,11,0,0.2142857142857142,1.0,0.3529411764705882,61.66666666666666,20.38813042640686
2026-03-03 10:59:24,ELM_kswin,nonlinear_abrupt_drift_14,,0.0350792732044185,0.0024540952959352,0.0495388261461175,13,0.0091276168823242,0.0007021243755634,10,"['held', 'held', 'promoted', 'promoted', 'promoted', 'promoted', 'promoted', 'promoted', 'promoted', 'promoted', 'promoted', 'promoted', 'held']",10,3,v12,13,2,11,1,0.1538461538461538,0.6666666666666666,0.25,126.5,1.4930953979492188
2026-03-03 11:10:20,PSO_LSTM_kswin,nonlinear_abrupt_drift_15,,0.0394442280328915,0.0032924386927723,0.0573797759909568,14,198.240168094635,14.160012006759644,4,"['held', 'held', 'held', 'held', 'held', 'held', 'promoted', 'promoted', 'promoted', 'promoted', 'held', 'held', 'held', 'held']",4,10,v0,14,3,11,0,0.2142857142857142,1.0,0.3529411764705882,-40.66666666666666,224.13957953453064
2026-03-03 11:11:00,PSO_ELM_kswin,nonlinear_abrupt_drift_15,,0.1056381840346593,0.4055091200054761,0.6367959798911078,15,38.66584229469299,2.5777228196461994,13,"['promoted', 'promoted', 'promoted', 'promoted', 'promoted', 'promoted', 'promoted', 'promoted', 'promoted', 'promoted', 'held', 'promoted', 'held', 'promoted', 'promoted']",13,2,v14,15,2,13,1,0.1333333333333333,0.6666666666666666,0.2222222222222222,7.0,39.92581820487976
2026-03-03 11:11:22,LSTM_kswin,nonlinear_abrupt_drift_15,,0.0285905387301021,0.0012962629834652,0.0360036523628541,15,2.108638048171997,0.1405758698781331,11,"['promoted', 'promoted', 'held', 'promoted', 'promoted', 'held', 'promoted', 'promoted', 'held', 'promoted', 'promoted', 'promoted', 'promoted', 'promoted', 'held']",11,4,v14,15,3,12,0,0.2,1.0,0.3333333333333333,-42.333333333333336,22.087806224823
2026-03-03 11:11:23,ELM_kswin,nonlinear_abrupt_drift_15,,0.038839588679121,0.004645221633386,0.0681558627954046,15,0.0079445838928222,0.0005296389261881,8,"['held', 'held', 'held', 'held', 'promoted', 'held', 'promoted', 'promoted', 'promoted', 'promoted', 'promoted', 'held', 'promoted', 'promoted', 'held']",8,7,v14,15,2,13,1,0.1333333333333333,0.6666666666666666,0.2222222222222222,88.0,1.2877862453460691
2026-03-03 11:18:56,PSO_LSTM_kswin,nonlinear_abrupt_drift_16,,0.0350677651196457,0.0023462017481178,0.0484376067546473,15,208.63370370864868,13.90891358057658,0,"['held', 'held', 'held', 'held', 'held', 'held', 'held', 'held', 'held', 'held', 'held', 'held', 'held', 'held', 'held']",0,15,v0,15,3,12,0,0.2,1.0,0.3333333333333333,-14.333333333333334,234.0123963356018
2026-03-03 11:19:39,PSO_ELM_kswin,nonlinear_abrupt_drift_16,,0.1547080747390699,0.5245370024566726,0.7242492681782099,18,41.94361305236816,2.3302007251315646,13,"['promoted', 'promoted', 'promoted', 'promoted', 'promoted', 'promoted', 'held', 'promoted', 'promoted', 'promoted', 'held', 'promoted', 'promoted', 'held', 'promoted', 'promoted', 'held', 'held']",13,5,v16,18,3,15,0,0.1666666666666666,1.0,0.2857142857142857,29.0,42.70202922821045
2026-03-03 11:19:59,LSTM_kswin,nonlinear_abrupt_drift_16,,0.0738025699583848,0.0098961897121919,0.0994795944512842,21,2.9691812992095947,0.1413895856766473,16,"['promoted', 'promoted', 'promoted', 'held', 'promoted', 'promoted', 'held', 'promoted', 'promoted', 'promoted', 'promoted', 'promoted', 'promoted', 'promoted', 'promoted', 'promoted', 'held', 'held', 'promoted', 'held', 'promoted']",16,5,v21,21,3,18,0,0.1428571428571428,1.0,0.25,101.66666666666669,20.29889869689941
2026-03-03 11:20:00,ELM_kswin,nonlinear_abrupt_drift_16,,0.079443950099572,0.0305571334884122,0.1748059881365973,19,0.0150468349456787,0.0007919386813515,14,"['held', 'promoted', 'promoted', 'promoted', 'held', 'promoted', 'held', 'promoted', 'held', 'promoted', 'held', 'promoted', 'promoted', 'promoted', 'promoted', 'promoted', 'promoted', 'promoted', 'promoted']",14,5,v15,19,3,16,0,0.1578947368421052,1.0,0.2727272727272727,12.0,0.7874853610992432
2026-03-03 11:25:16,PSO_LSTM_kswin,nonlinear_abrupt_drift_17,,0.0423890470877756,0.0034161948424109,0.0584482236035533,16,145.56121516227722,9.097575947642326,5,"['promoted', 'held', 'held', 'held', 'held', 'held', 'held', 'held', 'held', 'held', 'held', 'promoted', 'promoted', 'promoted', 'promoted']",5,10,v1,16,2,14,1,0.125,0.6666666666666666,0.2105263157894736,41.0,172.99084663391113
2026-03-03 11:26:13,PSO_ELM_kswin,nonlinear_abrupt_drift_17,,0.050872900528512,0.0075941692457134,0.0871445307848602,18,55.94586420059204,3.108103566699558,13,"['held', 'promoted', 'promoted', 'promoted', 'held', 'promoted', 'held', 'held', 'promoted', 'promoted', 'promoted', 'promoted', 'held', 'promoted', 'promoted', 'promoted', 'promoted', 'promoted']",13,5,v18,18,3,15,0,0.1666666666666666,1.0,0.2857142857142857,10.333333333333334,56.72682023048401
2026-03-03 11:26:33,LSTM_kswin,nonlinear_abrupt_drift_17,,0.060748091186749,0.0066569875127262,0.0815903640923743,19,2.489537239074707,0.131028275740774,17,"['promoted', 'promoted', 'promoted', 'promoted', 'held', 'promoted', 'promoted', 'promoted', 'promoted', 'promoted', 'promoted', 'promoted', 'promoted', 'promoted', 'promoted', 'promoted', 'held', 'promoted', 'promoted']",17,2,v19,19,3,16,0,0.1578947368421052,1.0,0.2727272727272727,-80.33333333333333,20.195459842681885
2026-03-03 11:26:34,ELM_kswin,nonlinear_abrupt_drift_17,,0.0882827632873972,0.0391562473630483,0.197879375790021,16,0.0121684074401855,0.0007605254650115,11,"['held', 'held', 'promoted', 'promoted', 'held', 'promoted', 'promoted', 'promoted', 'promoted', 'promoted', 'held', 'promoted', 'promoted', 'held', 'promoted', 'promoted']",11,5,v16,16,3,13,0,0.1875,1.0,0.3157894736842105,22.666666666666668,1.0647354125976562
2026-03-03 11:36:06,PSO_LSTM_kswin,nonlinear_abrupt_drift_18,,0.036648550813577,0.0026876327995184,0.0518423841997885,15,168.87771010398865,11.258514006932575,9,"['promoted', 'promoted', 'held', 'held', 'held', 'promoted', 'promoted', 'promoted', 'promoted', 'held', 'promoted', 'promoted', 'held', 'held', 'promoted']",9,6,v15,15,3,12,0,0.2,1.0,0.3333333333333333,5.333333333333333,194.8181586265564
2026-03-03 11:37:57,PSO_ELM_kswin,nonlinear_abrupt_drift_18,,0.0331122726691506,0.0026510794900744,0.0514886345718587,15,109.4298493862152,7.295323292414348,11,"['held', 'held', 'promoted', 'promoted', 'held', 'held', 'promoted', 'promoted', 'promoted', 'promoted', 'promoted', 'promoted', 'promoted', 'promoted', 'promoted']",11,4,v0,15,3,12,0,0.2,1.0,0.3333333333333333,-110.0,110.71176147460938
2026-03-03 11:38:17,LSTM_kswin,nonlinear_abrupt_drift_18,,0.0358460223662539,0.0023027475307954,0.0479869516722565,16,2.127906322479248,0.132994145154953,16,"['promoted', 'promoted', 'promoted', 'promoted', 'promoted', 'promoted', 'promoted', 'promoted', 'promoted', 'promoted', 'promoted', 'promoted', 'promoted', 'promoted', 'promoted', 'promoted']",16,0,v16,16,3,13,0,0.1875,1.0,0.3157894736842105,-64.0,20.027604579925537
2026-03-03 11:38:17,ELM_kswin,nonlinear_abrupt_drift_18,,0.3416990469335741,1.2202686930016693,1.1046577266292348,20,0.0164053440093994,0.0008202672004699,18,"['promoted', 'promoted', 'promoted', 'held', 'promoted', 'promoted', 'promoted', 'promoted', 'held', 'promoted', 'promoted', 'promoted', 'promoted', 'promoted', 'promoted', 'promoted', 'promoted', 'promoted', 'promoted', 'promoted']",18,2,v20,20,3,17,0,0.15,1.0,0.2608695652173913,30.666666666666668,0.6510226726531982
2026-03-03 11:44:48,PSO_LSTM_kswin,nonlinear_abrupt_drift_19,,0.0763783605756688,0.0114074715919003,0.1068057657240485,21,136.32805132865906,6.491811968031383,2,"['held', 'held', 'promoted', 'promoted', 'held', 'held', 'held', 'held', 'held', 'held', 'held', 'held', 'held', 'held', 'held', 'held', 'held', 'held', 'held', 'held', 'held']",2,19,v4,21,3,18,0,0.1428571428571428,1.0,0.25,15.333333333333334,161.10042595863342
2026-03-03 11:45:16,PSO_ELM_kswin,nonlinear_abrupt_drift_19,,0.214116276797419,1.3601565506718458,1.1662574975844082,17,27.169818878173828,1.598224639892578,17,"['promoted', 'promoted', 'promoted', 'promoted', 'promoted', 'promoted', 'promoted', 'promoted', 'promoted', 'promoted', 'promoted', 'promoted', 'promoted', 'promoted', 'promoted', 'promoted', 'promoted']",17,0,v15,17,3,14,0,0.1764705882352941,1.0,0.3,-25.33333333333333,28.120882272720337
2026-03-03 11:45:38,LSTM_kswin,nonlinear_abrupt_drift_19,,0.1391430577500927,0.0937611308937913,0.3062043939818488,20,2.8745322227478027,0.1437266111373901,15,"['promoted', 'promoted', 'promoted', 'promoted', 'promoted', 'promoted', 'held', 'promoted', 'held', 'promoted', 'promoted', 'promoted', 'held', 'promoted', 'promoted', 'promoted', 'promoted', 'held', 'promoted']",15,4,v18,20,3,17,0,0.15,1.0,0.2608695652173913,85.33333333333333,21.660143852233887
2026-03-03 11:45:39,ELM_kswin,nonlinear_abrupt_drift_19,,51.3155916988512,515013.5308894442,717.6444320758326,21,0.0178112983703613,0.0008481570652553,18,"['held', 'promoted', 'promoted', 'promoted', 'held', 'promoted', 'promoted', 'promoted', 'promoted', 'promoted', 'promoted', 'promoted', 'promoted', 'promoted', 'promoted', 'promoted', 'promoted', 'promoted', 'held', 'promoted', 'promoted']",18,3,v21,21,3,18,0,0.1428571428571428,1.0,0.25,59.0,0.4359555244445801
2026-03-03 11:55:06,PSO_LSTM_kswin,nonlinear_abrupt_drift_20,,0.0400067678726361,0.0030858163916188,0.0555501250369328,16,155.59840440750122,9.724900275468826,8,"['held', 'held', 'held', 'held', 'held', 'promoted', 'promoted', 'promoted', 'promoted', 'held', 'promoted', 'held', 'held', 'promoted', 'promoted', 'promoted']",8,8,v16,16,3,13,0,0.1875,1.0,0.3157894736842105,23.33333333333333,182.3805446624756
2026-03-03 11:55:33,PSO_ELM_kswin,nonlinear_abrupt_drift_20,,0.0291105758378085,0.0017159670836778,0.0414242330487584,14,24.803698301315308,1.7716927358082362,11,"['promoted', 'held', 'promoted', 'promoted', 'promoted', 'promoted', 'promoted', 'promoted', 'promoted', 'held', 'held', 'promoted', 'promoted', 'promoted']",11,3,v14,14,2,12,1,0.1428571428571428,0.6666666666666666,0.2352941176470588,-45.0,26.324854373931885
2026-03-03 11:55:54,LSTM_kswin,nonlinear_abrupt_drift_20,,0.0407341424756115,0.0025987370093859,0.0509778089896568,13,1.7803938388824463,0.1369533722217266,11,"['promoted', 'held', 'promoted', 'promoted', 'promoted', 'promoted', 'promoted', 'promoted', 'promoted', 'promoted', 'promoted', 'promoted', 'promoted']",12,1,v13,13,3,10,0,0.2307692307692307,1.0,0.375,60.333333333333336,21.21968150138855
2026-03-03 11:55:55,ELM_kswin,nonlinear_abrupt_drift_20,,0.0674749422187772,0.0155016709702287,0.1245057065769627,18,0.0119256973266601,0.00066253874037,15,"['promoted', 'promoted', 'held', 'promoted', 'promoted', 'promoted', 'promoted', 'promoted', 'promoted', 'promoted', 'held', 'promoted', 'promoted', 'promoted', 'promoted', 'promoted', 'held', 'promoted']",15,3,v18,18,3,15,0,0.1666666666666666,1.0,0.2857142857142857,71.0,0.859534502029419
2026-03-03 12:05:14,PSO_LSTM_kswin,nonlinear_abrupt_drift_21,,0.03556286924506,0.0024119385483739,0.0491114910013327,13,134.70108485221863,10.361621911709124,5,"['held', 'held', 'held', 'held', 'held', 'held', 'held', 'held', 'promoted', 'promoted', 'promoted', 'promoted', 'promoted']",5,8,v0,13,3,10,0,0.2307692307692307,1.0,0.375,34.0,161.77644896507263
2026-03-03 12:06:09,PSO_ELM_kswin,nonlinear_abrupt_drift_21,,0.0432162471690073,0.0050253129093345,0.0708894414517042,17,54.35153031349182,3.197148841970108,15,"['promoted', 'promoted', 'promoted', 'promoted', 'held', 'promoted', 'promoted', 'promoted', 'promoted', 'promoted', 'promoted', 'held', 'promoted', 'promoted', 'promoted', 'promoted', 'promoted']",15,2,v15,17,3,14,0,0.1764705882352941,1.0,0.3,78.0,55.35202264785767
2026-03-03 12:06:29,LSTM_kswin,nonlinear_abrupt_drift_21,,0.0302741116197595,0.00162368471404,0.0402949713244723,16,1.860806941986084,0.1163004338741302,14,"['promoted', 'promoted', 'promoted', 'promoted', 'promoted', 'promoted', 'promoted', 'promoted', 'promoted', 'held', 'promoted', 'held', 'promoted', 'promoted', 'promoted', 'promoted']",14,2,v13,16,2,14,1,0.125,0.6666666666666666,0.2105263157894736,65.0,19.77703619003296
2026-03-03 12:06:30,ELM_kswin,nonlinear_abrupt_drift_21,,0.0515499345447981,0.0071181298811,0.0843690101939096,17,0.0083446502685546,0.0004908617805032,14,"['promoted', 'promoted', 'promoted', 'promoted', 'held', 'promoted', 'promoted', 'promoted', 'promoted', 'promoted', 'promoted', 'held', 'promoted', 'promoted', 'promoted', 'promoted', 'held']",14,3,v14,17,3,14,0,0.1764705882352941,1.0,0.3,-41.0,0.890510082244873
2026-03-03 12:12:41,PSO_LSTM_kswin,nonlinear_abrupt_drift_22,,0.0344335219401143,0.0023155782480415,0.0481204556092476,14,111.4132435321808,7.958088823727199,5,"['held', 'held', 'held', 'promoted', 'held', 'promoted', 'promoted', 'held', 'held', 'held', 'held', 'promoted', 'held', 'promoted']",5,9,v13,14,3,11,0,0.2142857142857142,1.0,0.3529411764705882,18.0,139.10304498672485
2026-03-03 12:13:35,PSO_ELM_kswin,nonlinear_abrupt_drift_22,,0.0520311326135879,0.0111813581446498,0.1057419412752092,15,53.58593773841858,3.572395849227905,12,"['promoted', 'promoted', 'promoted', 'held', 'promoted', 'promoted', 'promoted', 'promoted', 'promoted', 'promoted', 'promoted', 'promoted', 'held', 'promoted', 'held']",12,3,v13,15,2,13,1,0.1333333333333333,0.6666666666666666,0.2222222222222222,-8.0,54.84190130233765
2026-03-03 12:13:59,LSTM_kswin,nonlinear_abrupt_drift_22,,0.0830122121389875,0.0162414239633147,0.1274418454170952,20,2.709730625152588,0.1354865312576293,20,"['promoted', 'promoted', 'promoted', 'promoted', 'promoted', 'promoted', 'promoted', 'promoted', 'promoted', 'promoted', 'promoted', 'promoted', 'promoted', 'promoted', 'promoted', 'promoted', 'promoted', 'promoted', 'promoted', 'promoted']",20,0,v12,20,3,17,0,0.15,1.0,0.2608695652173913,11.666666666666666,23.14156198501587
2026-03-03 12:13:59,ELM_kswin,nonlinear_abrupt_drift_22,,0.0957344059505921,0.049477471069571,0.2224353188447622,18,0.0129001140594482,0.0007166730033026,14,"['promoted', 'held', 'promoted', 'held', 'promoted', 'promoted', 'promoted', 'held', 'promoted', 'promoted', 'promoted', 'promoted', 'promoted', 'promoted', 'promoted', 'promoted', 'held', 'promoted']",14,4,v17,18,3,15,0,0.1666666666666666,1.0,0.2857142857142857,25.33333333333333,0.8199689388275146
2026-03-03 12:24:08,PSO_LSTM_kswin,nonlinear_abrupt_drift_23,,0.0463827935564055,0.0042018644366137,0.0648217898288355,17,181.52558970451355,10.677975864971383,5,"['held', 'held', 'held', 'held', 'held', 'held', 'held', 'held', 'promoted', 'promoted', 'promoted', 'held', 'held', 'held', 'promoted', 'promoted']",5,11,v16,17,3,14,0,0.1764705882352941,1.0,0.3,17.333333333333332,206.61110734939567
2026-03-03 12:25:30,PSO_ELM_kswin,nonlinear_abrupt_drift_23,,0.0895869044697294,0.1059023007957991,0.3254263369732068,14,80.28126549720764,5.734376106943403,10,"['promoted', 'held', 'promoted', 'promoted', 'promoted', 'promoted', 'promoted', 'held', 'promoted', 'held', 'promoted', 'held', 'promoted', 'promoted']",10,4,v0,14,2,12,1,0.1428571428571428,0.6666666666666666,0.2352941176470588,39.5,81.72264695167542
2026-03-03 12:25:56,LSTM_kswin,nonlinear_abrupt_drift_23,,0.0312013955443314,0.0018940502080636,0.0435206871276602,13,2.1466739177703857,0.1651287629054142,12,"['promoted', 'promoted', 'promoted', 'promoted', 'promoted', 'promoted', 'promoted', 'held', 'promoted', 'promoted', 'promoted', 'promoted', 'promoted']",12,1,v13,13,3,10,0,0.2307692307692307,1.0,0.375,32.666666666666664,26.1492886543274
2026-03-03 12:25:57,ELM_kswin,nonlinear_abrupt_drift_23,,0.0530445011227892,0.0114542614765202,0.1070245835148178,15,0.0121281147003173,0.0008085409800211,13,"['promoted', 'promoted', 'promoted', 'promoted', 'promoted', 'held', 'promoted', 'promoted', 'held', 'promoted', 'promoted', 'promoted', 'promoted', 'promoted', 'promoted']",13,2,v0,15,3,12,0,0.2,1.0,0.3333333333333333,-61.0,1.331218957901001
2026-03-03 12:31:51,PSO_LSTM_kswin,nonlinear_abrupt_drift_24,,0.0751232648383989,0.0181615029277703,0.1347646204601575,15,78.84467077255249,5.256311384836833,2,"['held', 'promoted', 'held', 'held', 'held', 'held', 'promoted', 'held', 'held', 'held', 'held', 'held', 'held', 'held', 'held']",2,13,v7,15,3,12,0,0.2,1.0,0.3333333333333333,-52.66666666666666,107.69628095626832
2026-03-03 12:32:32,PSO_ELM_kswin,nonlinear_abrupt_drift_24,,0.2504752605025903,0.8773168138213246,0.9366519171075904,17,40.59542107582092,2.387965945636525,14,"['held', 'promoted', 'promoted', 'held', 'promoted', 'promoted', 'promoted', 'promoted', 'promoted', 'held', 'promoted', 'promoted', 'promoted', 'promoted', 'promoted', 'promoted', 'promoted']",14,3,v17,17,3,14,0,0.1764705882352941,1.0,0.3,-21.33333333333333,41.50572466850281
2026-03-03 12:32:52,LSTM_kswin,nonlinear_abrupt_drift_24,,0.1171622326683696,0.0625943969839823,0.2501887227354229,17,2.418273687362671,0.1422513933742747,14,"['held', 'promoted', 'promoted', 'held', 'promoted', 'promoted', 'promoted', 'promoted', 'promoted', 'promoted', 'held', 'promoted', 'promoted', 'promoted', 'promoted', 'promoted', 'promoted']",14,3,v16,17,3,14,0,0.1764705882352941,1.0,0.3,-67.33333333333333,19.773112297058105
2026-03-03 12:32:53,ELM_kswin,nonlinear_abrupt_drift_24,,17.426073742196014,44998.85302435869,212.1293308912247,18,0.0105938911437988,0.0005885495079888,15,"['held', 'promoted', 'held', 'promoted', 'promoted', 'promoted', 'promoted', 'promoted', 'promoted', 'promoted', 'promoted', 'promoted', 'promoted', 'held', 'promoted', 'promoted', 'promoted', 'promoted']",15,3,v18,18,3,15,0,0.1666666666666666,1.0,0.2857142857142857,25.33333333333333,0.7700827121734619
2026-03-03 12:38:40,PSO_LSTM_kswin,nonlinear_abrupt_drift_25,,0.0382730165776979,0.0031222040926381,0.055876686485852,13,96.25834918022156,7.404488398478581,0,"['held', 'held', 'held', 'held', 'held', 'held', 'held', 'held', 'held', 'held', 'held', 'held', 'held']",0,13,v0,13,3,10,0,0.2307692307692307,1.0,0.375,66.66666666666667,121.47039127349854
2026-03-03 12:39:25,PSO_ELM_kswin,nonlinear_abrupt_drift_25,,0.0552216721848705,0.0141610207735359,0.1190000872837323,18,43.49093723297119,2.4161631796095104,13,"['promoted', 'held', 'held', 'promoted', 'promoted', 'promoted', 'promoted', 'promoted', 'promoted', 'held', 'promoted', 'held', 'promoted', 'promoted', 'promoted', 'promoted', 'held', 'promoted']",13,5,v17,18,3,15,0,0.1666666666666666,1.0,0.2857142857142857,-92.0,44.35472822189331
2026-03-03 12:39:44,LSTM_kswin,nonlinear_abrupt_drift_25,,0.0849688378886078,0.0129447222291842,0.1137748752105853,21,2.856880187988281,0.1360419137137276,19,"['promoted', 'promoted', 'promoted', 'promoted', 'promoted', 'promoted', 'promoted', 'held', 'promoted', 'held', 'promoted', 'promoted', 'promoted', 'promoted', 'promoted', 'promoted', 'promoted', 'promoted', 'promoted', 'promoted', 'promoted']",19,2,v19,21,3,18,0,0.1428571428571428,1.0,0.25,27.0,19.73248314857483
2026-03-03 12:39:45,ELM_kswin,nonlinear_abrupt_drift_25,,0.0982391414011799,0.1687555887962862,0.4107987205387649,16,0.0102653503417968,0.0006415843963623,14,"['promoted', 'held', 'promoted', 'promoted', 'promoted', 'promoted', 'promoted', 'promoted', 'promoted', 'promoted', 'promoted', 'promoted', 'promoted', 'promoted', 'promoted', 'held']",14,2,v15,16,3,13,0,0.1875,1.0,0.3157894736842105,53.0,1.075000286102295
2026-03-03 12:49:17,PSO_LSTM_kswin,nonlinear_abrupt_drift_26,,0.031022614255954,0.0018058259988296,0.0424950114581663,12,136.2987926006317,11.358232716719307,6,"['promoted', 'held', 'promoted', 'held', 'held', 'held', 'promoted', 'held', 'promoted', 'held', 'promoted', 'promoted']",6,6,v0,12,3,9,0,0.25,1.0,0.4,40.333333333333336,162.41452646255493
2026-03-03 12:50:31,PSO_ELM_kswin,nonlinear_abrupt_drift_26,,0.0399390093918007,0.0047727051597915,0.0690847679289114,14,72.65468907356262,5.189620648111616,11,"['promoted', 'promoted', 'held', 'promoted', 'promoted', 'promoted', 'promoted', 'promoted', 'promoted', 'promoted', 'promoted', 'promoted', 'held', 'held']",11,3,v0,14,3,11,0,0.2142857142857142,1.0,0.3529411764705882,0.3333333333333333,74.06333470344543
2026-03-03 12:50:53,LSTM_kswin,nonlinear_abrupt_drift_26,,0.0363658768621941,0.0021867517162073,0.0467627171602268,17,2.390747308731079,0.1406321946312399,15,"['promoted', 'promoted', 'promoted', 'promoted', 'promoted', 'promoted', 'promoted', 'promoted', 'promoted', 'promoted', 'held', 'promoted', 'promoted', 'held', 'promoted', 'promoted', 'promoted']",15,2,v15,17,3,14,0,0.1764705882352941,1.0,0.3,9.333333333333334,22.58592748641968
2026-03-03 12:50:54,ELM_kswin,nonlinear_abrupt_drift_26,,0.1735565548447318,1.2938033678204104,1.1374547761649296,17,0.0089983940124511,0.00052931729485,12,"['promoted', 'promoted', 'promoted', 'promoted', 'promoted', 'held', 'held', 'promoted', 'promoted', 'held', 'held', 'held', 'promoted', 'promoted', 'promoted', 'promoted', 'promoted']",12,5,v17,17,3,14,0,0.1764705882352941,1.0,0.3,35.333333333333336,1.102513551712036
2026-03-03 12:59:49,PSO_LSTM_kswin,nonlinear_abrupt_drift_27,,0.0377262603279646,0.0025801149191574,0.0507948316185557,14,102.44961166381836,7.317829404558454,4,"['held', 'held', 'held', 'held', 'held', 'promoted', 'promoted', 'promoted', 'promoted', 'held', 'held', 'held', 'held', 'held']",4,10,v8,14,3,11,0,0.2142857142857142,1.0,0.3529411764705882,-44.0,130.1853542327881
2026-03-03 13:00:20,PSO_ELM_kswin,nonlinear_abrupt_drift_27,,0.0468941458260892,0.0048717954890551,0.0697982484669572,17,29.773247480392456,1.751367498846615,15,"['promoted', 'held', 'promoted', 'promoted', 'promoted', 'promoted', 'promoted', 'promoted', 'promoted', 'promoted', 'promoted', 'promoted', 'promoted', 'promoted', 'held', 'promoted', 'promoted']",15,2,v17,17,3,14,0,0.1764705882352941,1.0,0.3,81.66666666666667,30.80755734443665
2026-03-03 13:00:40,LSTM_kswin,nonlinear_abrupt_drift_27,,0.0275735138492978,0.0012700321905923,0.0356375110044506,16,2.345594644546509,0.1465996652841568,15,"['promoted', 'promoted', 'promoted', 'promoted', 'promoted', 'promoted', 'held', 'promoted', 'promoted', 'promoted', 'promoted', 'promoted', 'promoted', 'promoted', 'promoted', 'promoted']",15,1,v16,16,3,13,0,0.1875,1.0,0.3157894736842105,29.33333333333333,20.52872657775879
2026-03-03 13:00:41,ELM_kswin,nonlinear_abrupt_drift_27,,0.9626773207041702,65.9354365300556,8.120063825491497,20,0.0168170928955078,0.0008408546447753,13,"['promoted', 'held', 'promoted', 'promoted', 'promoted', 'promoted', 'held', 'held', 'promoted', 'held', 'promoted', 'held', 'promoted', 'promoted', 'held', 'promoted', 'promoted', 'held', 'promoted', 'promoted']",13,7,v19,20,3,17,0,0.15,1.0,0.2608695652173913,8.666666666666666,0.5907230377197266
2026-03-03 13:07:17,PSO_LSTM_kswin,nonlinear_abrupt_drift_28,,0.0358149422211103,0.0024200946350543,0.0491944573611128,15,142.7253429889679,9.515022865931194,2,"['held', 'held', 'held', 'held', 'held', 'held', 'held', 'held', 'held', 'held', 'held', 'held', 'promoted', 'promoted', 'held']",2,13,v0,15,3,12,0,0.2,1.0,0.3333333333333333,137.33333333333334,169.8568651676178
2026-03-03 13:08:02,PSO_ELM_kswin,nonlinear_abrupt_drift_28,,0.0542159211179305,0.0066728616860597,0.0816875858748421,18,44.51214838027954,2.4728971322377524,14,"['promoted', 'held', 'promoted', 'promoted', 'promoted', 'promoted', 'promoted', 'promoted', 'promoted', 'promoted', 'promoted', 'held', 'promoted', 'promoted', 'promoted', 'held', 'held', 'promoted']",14,4,v17,18,3,15,0,0.1666666666666666,1.0,0.2857142857142857,41.66666666666666,45.399009227752686
2026-03-03 13:08:22,LSTM_kswin,nonlinear_abrupt_drift_28,,0.0712058464838954,0.0083005166872539,0.0911071714370168,20,2.7415647506713867,0.1370782375335693,18,"['promoted', 'promoted', 'promoted', 'promoted', 'promoted', 'promoted', 'promoted', 'promoted', 'promoted', 'held', 'promoted', 'promoted', 'promoted', 'promoted', 'promoted', 'promoted', 'promoted', 'promoted', 'promoted', 'held']",18,2,v19,20,3,17,0,0.15,1.0,0.2608695652173913,34.333333333333336,20.185792207717896
2026-03-03 13:08:23,ELM_kswin,nonlinear_abrupt_drift_28,,0.0738240633735002,0.0411385956427456,0.2028265161233749,16,0.0112254619598388,0.0007015913724899,15,"['promoted', 'held', 'promoted', 'promoted', 'promoted', 'promoted', 'promoted', 'promoted', 'promoted', 'promoted', 'promoted', 'promoted', 'promoted', 'promoted', 'promoted', 'promoted']",15,1,v15,16,3,13,0,0.1875,1.0,0.3157894736842105,24.666666666666668,1.1446034908294678
2026-03-03 13:17:29,PSO_LSTM_kswin,nonlinear_abrupt_drift_29,,0.1104782183787103,0.0223311988284989,0.1494362701237517,19,103.29478931427002,5.43656785864579,3,"['held', 'held', 'held', 'held', 'promoted', 'promoted', 'promoted', 'held', 'held', 'held', 'held', 'held', 'held', 'held', 'held', 'held', 'held', 'held', 'held']",3,16,v7,19,3,16,0,0.1578947368421052,1.0,0.2727272727272727,-60.333333333333336,130.5792727470398
2026-03-03 13:18:27,PSO_ELM_kswin,nonlinear_abrupt_drift_29,,0.031291505019539,0.0019986401279891,0.044706153133424,15,55.91838049888611,3.727892033259074,13,"['promoted', 'held', 'promoted', 'promoted', 'promoted', 'promoted', 'promoted', 'promoted', 'promoted', 'promoted', 'promoted', 'promoted', 'promoted', 'promoted', 'held']",13,2,v14,15,3,12,0,0.2,1.0,0.3333333333333333,-76.0,57.43527793884277
2026-03-03 13:18:52,LSTM_kswin,nonlinear_abrupt_drift_29,,0.0294560147507169,0.0013510141765932,0.0367561447460587,17,2.8063840866088867,0.1650814168593462,11,"['promoted', 'promoted', 'promoted', 'held', 'promoted', 'promoted', 'held', 'promoted', 'promoted', 'held', 'held', 'held', 'promoted', 'held', 'promoted', 'promoted', 'promoted']",11,6,v17,17,3,14,0,0.1764705882352941,1.0,0.3,88.0,25.24422645568848
2026-03-03 13:18:54,ELM_kswin,nonlinear_abrupt_drift_29,,0.0516435141899471,0.0186243629335009,0.136471106588541,16,0.0139846801757812,0.0008740425109863,12,"['promoted', 'held', 'promoted', 'promoted', 'promoted', 'promoted', 'promoted', 'held', 'promoted', 'held', 'promoted', 'promoted', 'held', 'promoted', 'promoted', 'promoted']",12,4,v14,16,3,13,0,0.1875,1.0,0.3157894736842105,-123.33333333333331,2.057366132736206
2026-03-03 13:27:40,PSO_LSTM_kswin,nonlinear_abrupt_drift_30,,0.0769902453621576,0.0090727430408889,0.0952509477164872,20,88.71274638175964,4.435637319087983,1,"['promoted', 'held', 'held', 'held', 'held', 'held', 'held', 'held', 'held', 'held', 'held', 'held', 'held', 'held', 'held', 'held', 'held', 'held', 'held', 'held']",1,19,v1,20,3,17,0,0.15,1.0,0.2608695652173913,11.0,115.2591426372528
2026-03-03 13:28:22,PSO_ELM_kswin,nonlinear_abrupt_drift_30,,0.0340625810032279,0.0028434186516211,0.0533237156584305,12,40.13551998138428,3.3446266651153564,8,"['held', 'promoted', 'promoted', 'promoted', 'held', 'promoted', 'promoted', 'promoted', 'promoted', 'held', 'promoted', 'held']",8,4,v0,12,3,9,0,0.25,1.0,0.4,-13.666666666666666,42.035053730010986
2026-03-03 13:28:42,LSTM_kswin,nonlinear_abrupt_drift_30,,0.0286971771001517,0.001331059743819,0.0364836914774134,16,1.7934887409210205,0.1120930463075637,16,"['promoted', 'promoted', 'promoted', 'promoted', 'promoted', 'promoted', 'promoted', 'promoted', 'promoted', 'promoted', 'promoted', 'promoted', 'promoted', 'promoted', 'promoted', 'promoted']",16,0,v16,16,2,14,1,0.125,0.6666666666666666,0.2105263157894736,76.0,20.059436321258545
2026-03-03 13:28:43,ELM_kswin,nonlinear_abrupt_drift_30,,0.598977317750651,16.781520104575144,4.096525369697488,16,0.02053046226501465,0.0012831538915634155,12,"['held', 'held', 'promoted', 'held', 'promoted', 'promoted', 'promoted', 'promoted', 'promoted', 'promoted', 'promoted', 'held', 'promoted', 'promoted', 'promoted', 'promoted']",12,4,v16,16,3,13,0,0.1875,1.0,0.3157894736842105,20.0,1.340747356414795
