timestamp,model,dataset,notes,Return_MAE,Return_MSE,Return_RMSE,num_drifts_detected,total_retrain_time,average_retrain_time,model_switches,trial_verdicts,trials_promoted,trials_held,final_model,num_retrains,detect_true_positives,detect_false_positives,detect_false_negatives,detect_precision,detect_recall,detect_f1_score,detect_avg_detection_delay,total_time
2026-03-02 17:52:15,PSO_LSTM_kswin,linear_gradual_drift_1,,0.0372261234946148,0.0050026378787827,0.0707293282788884,12,234.0620722770691,19.50517268975576,2,"['held', 'held', 'held', 'held', 'held', 'held', 'held', 'held', 'held', 'held', 'promoted', 'promoted']",2,10,v0,12,3,9,0,0.25,1.0,0.4,-53.66666666666666,260.2233090400696
2026-03-02 17:54:01,LSTM_kswin,linear_gradual_drift_1,,0.0287259526181625,0.0013351583268596,0.0365398183747488,13,2.080276727676392,0.1600212867443378,12,"['promoted', 'promoted', 'promoted', 'held', 'promoted', 'promoted', 'promoted', 'promoted', 'promoted', 'promoted', 'promoted', 'promoted', 'promoted']",12,1,v13,13,2,11,1,0.1538461538461538,0.6666666666666666,0.25,67.5,23.04187536239624
2026-03-02 18:02:40,PSO_LSTM_kswin,linear_gradual_drift_2,,0.0260016579906879,0.0011138921923241,0.0333750234805039,12,103.15794968605042,8.596495807170868,5,"['promoted', 'promoted', 'held', 'promoted', 'promoted', 'held', 'held', 'promoted', 'held', 'held', 'held', 'held']",5,7,v7,12,3,9,0,0.25,1.0,0.4,25.666666666666668,131.09519720077515
2026-03-02 18:03:58,LSTM_kswin,linear_gradual_drift_2,,0.0259485213205554,0.0010523677665617,0.0324402183494774,11,1.7775349617004397,0.1615940874273126,9,"['promoted', 'promoted', 'held', 'promoted', 'promoted', 'held', 'promoted', 'promoted', 'promoted', 'promoted', 'promoted']",9,2,v11,11,2,9,1,0.1818181818181818,0.6666666666666666,0.2857142857142857,-101.5,23.766211986541748
2026-03-02 18:12:56,PSO_LSTM_kswin,linear_gradual_drift_3,,0.0238730488578503,0.0008922930564285,0.0298712747707316,10,98.04967594146729,9.804967594146728,3,"['held', 'held', 'held', 'held', 'promoted', 'promoted', 'held', 'held', 'promoted', 'held']",3,7,v8,10,3,7,0,0.3,1.0,0.4615384615384615,-50.66666666666666,123.8280792236328
2026-03-02 18:14:39,LSTM_kswin,linear_gradual_drift_3,,0.0256804186272214,0.0010406901225712,0.0322597291149697,12,1.823350429534912,0.1519458691279093,11,"['promoted', 'promoted', 'promoted', 'promoted', 'promoted', 'promoted', 'promoted', 'promoted', 'promoted', 'promoted', 'held', 'promoted']",11,1,v12,12,3,9,0,0.25,1.0,0.4,201.66666666666663,21.21586537361145
2026-03-02 18:22:55,PSO_LSTM_kswin,linear_gradual_drift_4,,0.0259098165439308,0.0010765695191492,0.032811118834158,10,73.96155905723572,7.396155905723572,6,"['promoted', 'held', 'promoted', 'promoted', 'promoted', 'held', 'held', 'promoted', 'promoted', 'held']",6,4,v0,10,2,8,1,0.2,0.6666666666666666,0.3076923076923076,111.5,100.05643939971924
2026-03-02 18:24:11,LSTM_kswin,linear_gradual_drift_4,,0.0245449308563788,0.0009707131593424,0.0311562699844266,12,1.70414400100708,0.1420120000839233,10,"['promoted', 'promoted', 'promoted', 'promoted', 'promoted', 'held', 'promoted', 'held', 'promoted', 'promoted', 'promoted', 'promoted']",10,2,v12,12,1,11,2,0.0833333333333333,0.3333333333333333,0.1333333333333333,199.0,20.91633462905884
2026-03-02 18:32:30,PSO_LSTM_kswin,linear_gradual_drift_5,,0.0275980996728395,0.0014033240644787,0.0374609672122691,16,96.75682592391968,6.04730162024498,6,"['held', 'held', 'held', 'held', 'held', 'held', 'promoted', 'promoted', 'promoted', 'promoted', 'promoted', 'held', 'promoted', 'held', 'held', 'held']",6,10,v0,16,2,14,1,0.125,0.6666666666666666,0.2105263157894736,-43.0,120.66114234924316
2026-03-02 18:34:02,LSTM_kswin,linear_gradual_drift_5,,0.024427922708598,0.0009464382858397,0.0307642371242926,14,2.5886359214782715,0.1849025658198765,11,"['promoted', 'promoted', 'held', 'promoted', 'promoted', 'promoted', 'promoted', 'promoted', 'promoted', 'promoted', 'held', 'promoted', 'promoted', 'held']",11,3,v13,14,1,13,2,0.0714285714285714,0.3333333333333333,0.1176470588235294,66.0,23.277913570404053
2026-03-02 18:42:46,PSO_LSTM_kswin,linear_gradual_drift_6,,0.0339356933420157,0.0041191061136349,0.0641802626485354,12,117.06224989891052,9.755187491575876,6,"['held', 'promoted', 'promoted', 'held', 'held', 'held', 'promoted', 'promoted', 'held', 'held', 'promoted', 'promoted']",6,6,v0,12,1,11,2,0.0833333333333333,0.3333333333333333,0.1333333333333333,-170.0,142.46252608299255
2026-03-02 18:44:41,LSTM_kswin,linear_gradual_drift_6,,0.0246689745729516,0.0009643688732784,0.0310542891285319,11,1.48785662651062,0.1352596933191472,10,"['held', 'promoted', 'promoted', 'promoted', 'promoted', 'promoted', 'promoted', 'promoted', 'promoted', 'promoted', 'promoted']",10,1,v11,11,2,9,1,0.1818181818181818,0.6666666666666666,0.2857142857142857,91.5,19.681880474090576
2026-03-02 18:53:46,PSO_LSTM_kswin,linear_gradual_drift_7,,0.0384400144168745,0.0032592141261692,0.057089527289769,14,124.74676561355592,8.910483258111137,3,"['held', 'held', 'held', 'held', 'promoted', 'promoted', 'promoted', 'held', 'held', 'held', 'held', 'held', 'held', 'held']",3,11,v7,14,3,11,0,0.2142857142857142,1.0,0.3529411764705882,99.0,149.9168472290039
2026-03-02 18:55:16,LSTM_kswin,linear_gradual_drift_7,,0.0264929028442453,0.0011188912087138,0.0334498312210074,12,2.054795265197754,0.1712329387664795,8,"['promoted', 'held', 'promoted', 'promoted', 'held', 'promoted', 'promoted', 'held', 'held', 'promoted', 'promoted', 'promoted']",8,4,v12,12,2,10,1,0.1666666666666666,0.6666666666666666,0.2666666666666666,-37.0,21.55313205718994
2026-03-02 19:04:14,PSO_LSTM_kswin,linear_gradual_drift_8,,0.0458822614397998,0.0046181367235166,0.0679568739975333,16,121.28573417663574,7.580358386039734,8,"['promoted', 'promoted', 'held', 'held', 'promoted', 'promoted', 'promoted', 'promoted', 'promoted', 'promoted', 'held', 'held', 'held', 'held', 'held', 'held']",8,8,v7,16,2,14,1,0.125,0.6666666666666666,0.2105263157894736,-78.5,145.94897055625916
2026-03-02 19:05:46,LSTM_kswin,linear_gradual_drift_8,,0.0257631425402056,0.0010376408040545,0.0322124324454791,14,2.5697875022888184,0.183556250163487,13,"['promoted', 'promoted', 'promoted', 'promoted', 'promoted', 'promoted', 'promoted', 'promoted', 'promoted', 'promoted', 'held', 'promoted', 'promoted', 'promoted']",13,1,v14,14,2,12,1,0.1428571428571428,0.6666666666666666,0.2352941176470588,-122.0,24.269104719161987
2026-03-02 19:14:42,PSO_LSTM_kswin,linear_gradual_drift_9,,0.0260490871970211,0.0013342314361007,0.0365271328754496,11,111.80278420448305,10.16388947313482,2,"['held', 'held', 'held', 'held', 'held', 'held', 'promoted', 'held', 'promoted', 'held', 'held']",2,9,v0,11,3,8,0,0.2727272727272727,1.0,0.4285714285714285,43.0,136.65194010734558
2026-03-02 19:15:46,LSTM_kswin,linear_gradual_drift_9,,0.0261571369741885,0.0011232841583692,0.0335154316452767,13,1.8412563800811768,0.1416351061600905,10,"['promoted', 'promoted', 'held', 'held', 'promoted', 'promoted', 'promoted', 'promoted', 'promoted', 'promoted', 'promoted', 'held', 'promoted']",10,3,v13,13,3,10,0,0.2307692307692307,1.0,0.375,44.333333333333336,23.20891785621643
2026-03-02 19:25:04,PSO_LSTM_kswin,linear_gradual_drift_10,,0.0253410208900334,0.0010143056159413,0.0318481650325627,13,144.74884414672852,11.13452647282527,1,"['held', 'held', 'promoted', 'held', 'held', 'held', 'held', 'held', 'held', 'held', 'held', 'held']",1,11,v3,13,2,11,1,0.1538461538461538,0.6666666666666666,0.25,47.0,171.12651538848877
2026-03-02 19:27:14,LSTM_kswin,linear_gradual_drift_10,,0.0243548899415672,0.0009366511429536,0.0306047568680691,12,1.868669271469116,0.155722439289093,10,"['promoted', 'promoted', 'promoted', 'promoted', 'promoted', 'promoted', 'promoted', 'promoted', 'held', 'promoted', 'promoted', 'held']",10,2,v11,12,2,10,1,0.1666666666666666,0.6666666666666666,0.2666666666666666,57.5,20.759138822555546
2026-03-02 19:36:36,PSO_LSTM_kswin,linear_gradual_drift_11,,0.024569840168274,0.0010017868940665,0.0316510172674831,10,163.5840449333191,16.35840449333191,4,"['held', 'held', 'promoted', 'promoted', 'promoted', 'promoted', 'held', 'held', 'held', 'held']",4,6,v0,10,2,8,1,0.2,0.6666666666666666,0.3076923076923076,-93.5,191.1872215270996
2026-03-02 19:38:48,LSTM_kswin,linear_gradual_drift_11,,0.0246295480892453,0.0010073465720691,0.0317387235419003,11,1.8032605648040767,0.1639327786185524,10,"['promoted', 'promoted', 'promoted', 'promoted', 'promoted', 'held', 'promoted', 'promoted', 'promoted', 'promoted', 'promoted']",10,1,v11,11,2,9,1,0.1818181818181818,0.6666666666666666,0.2857142857142857,-16.5,22.438181161880493
2026-03-02 19:46:53,PSO_LSTM_kswin,linear_gradual_drift_12,,0.0539443408878186,0.0056473992650401,0.0751491800689809,18,222.6418204307556,12.368990023930868,12,"['promoted', 'promoted', 'promoted', 'promoted', 'held', 'promoted', 'promoted', 'held', 'promoted', 'promoted', 'promoted', 'promoted', 'promoted', 'promoted', 'held', 'held', 'held', 'held']",12,6,v0,18,3,15,0,0.1666666666666666,1.0,0.2857142857142857,-31.33333333333333,246.9271092414856
2026-03-02 19:48:00,LSTM_kswin,linear_gradual_drift_12,,0.0511647397619034,0.0046678405603811,0.0683215965883491,17,2.1961746215820312,0.1291867424460018,11,"['held', 'promoted', 'promoted', 'promoted', 'held', 'promoted', 'promoted', 'held', 'promoted', 'promoted', 'promoted', 'promoted', 'promoted', 'held', 'held', 'held', 'promoted']",11,6,v17,17,3,14,0,0.1764705882352941,1.0,0.3,5.0,19.85808086395264
2026-03-02 19:57:01,PSO_LSTM_kswin,linear_gradual_drift_13,,0.0277401831282915,0.0013303319682915,0.0364737161294472,14,111.41297793388368,7.958069852420261,4,"['held', 'held', 'promoted', 'promoted', 'held', 'held', 'held', 'promoted', 'held', 'promoted', 'held', 'held', 'held', 'held']",4,10,v0,14,3,11,0,0.2142857142857142,1.0,0.3529411764705882,-62.0,136.43145370483398
2026-03-02 19:58:42,LSTM_kswin,linear_gradual_drift_13,,0.0268168386913211,0.0011702842735048,0.0342094179065483,14,2.394765615463257,0.171054686818804,9,"['promoted', 'promoted', 'held', 'held', 'promoted', 'promoted', 'held', 'held', 'promoted', 'promoted', 'promoted', 'promoted', 'promoted']",9,4,v13,14,3,11,0,0.2142857142857142,1.0,0.3529411764705882,35.666666666666664,24.902283191680908
2026-03-02 20:07:06,PSO_LSTM_kswin,linear_gradual_drift_14,,0.0254162211596779,0.001016386886573,0.0318808231790369,14,100.19209933280943,7.156578523772104,2,"['held', 'held', 'held', 'held', 'held', 'held', 'held', 'held', 'held', 'held', 'held', 'held', 'promoted', 'promoted']",2,12,v0,14,1,13,2,0.0714285714285714,0.3333333333333333,0.1176470588235294,-200.0,127.82509350776672
2026-03-02 20:08:11,LSTM_kswin,linear_gradual_drift_14,,0.0261744785590859,0.0010959555855798,0.0331052199143858,12,1.936671018600464,0.1613892515500386,9,"['held', 'promoted', 'promoted', 'promoted', 'promoted', 'promoted', 'promoted', 'promoted', 'promoted', 'held', 'promoted', 'held']",9,3,v11,12,3,9,0,0.25,1.0,0.4,46.0,21.06706047058105
2026-03-02 20:19:50,PSO_LSTM_kswin,linear_gradual_drift_15,,0.0260194235342987,0.0010785937003015,0.0328419503120857,14,277.91801381111145,19.85128670079368,2,"['held', 'held', 'held', 'held', 'promoted', 'promoted', 'held', 'held', 'held', 'held', 'held', 'held', 'held', 'held']",2,12,v0,14,2,12,1,0.1428571428571428,0.6666666666666666,0.2352941176470588,104.0,304.3238263130188
2026-03-02 20:21:44,LSTM_kswin,linear_gradual_drift_15,,0.0276657956831744,0.0012152462722637,0.0348603825604909,15,2.656291961669922,0.1770861307779948,13,"['promoted', 'promoted', 'promoted', 'promoted', 'promoted', 'promoted', 'promoted', 'held', 'promoted', 'promoted', 'promoted', 'held', 'promoted', 'promoted', 'promoted']",13,2,v15,15,2,13,1,0.1333333333333333,0.6666666666666666,0.2222222222222222,184.5,23.392699241638184
2026-03-02 20:31:07,PSO_LSTM_kswin,linear_gradual_drift_16,,0.023214576024384,0.0008497267739291,0.029150073309155,15,148.20270204544067,9.880180136362712,8,"['held', 'promoted', 'promoted', 'held', 'promoted', 'promoted', 'held', 'held', 'held', 'held', 'held', 'promoted', 'promoted', 'promoted', 'promoted']",8,7,v0,15,3,12,0,0.2,1.0,0.3333333333333333,-83.0,174.70240831375122
2026-03-02 20:33:27,LSTM_kswin,linear_gradual_drift_16,,0.0236830275284357,0.0008873356253362,0.0297881792887089,11,2.125516653060913,0.1932287866419011,9,"['promoted', 'promoted', 'promoted', 'promoted', 'held', 'promoted', 'held', 'promoted', 'promoted', 'promoted', 'promoted']",9,2,v11,11,1,10,2,0.0909090909090909,0.3333333333333333,0.1428571428571428,48.0,23.459698915481567
2026-03-02 20:42:07,PSO_LSTM_kswin,linear_gradual_drift_17,,0.0277070404077277,0.0015201746674341,0.0389894173774643,8,108.676274061203,13.584534257650375,2,"['held', 'held', 'promoted', 'promoted', 'held', 'held', 'held', 'held']",2,6,v2,8,1,7,2,0.125,0.3333333333333333,0.1818181818181818,-85.0,134.19886231422424
2026-03-02 20:44:03,LSTM_kswin,linear_gradual_drift_17,,0.0243756196729465,0.0009288998094951,0.0304778576920228,12,1.9414820671081543,0.1617901722590128,9,"['held', 'promoted', 'held', 'held', 'promoted', 'promoted', 'promoted', 'promoted', 'promoted', 'promoted', 'promoted', 'promoted']",9,3,v12,12,3,9,0,0.25,1.0,0.4,-18.33333333333333,19.98176670074463
2026-03-02 20:48:55,PSO_LSTM_kswin,linear_gradual_drift_18,,0.0804136608948695,0.0157577334184625,0.1255298108755946,18,89.95537376403809,4.997520764668782,10,"['promoted', 'promoted', 'promoted', 'promoted', 'held', 'promoted', 'promoted', 'promoted', 'promoted', 'held', 'held', 'held', 'held', 'promoted', 'promoted', 'held', 'held', 'held']",10,8,v2,18,3,15,0,0.1666666666666666,1.0,0.2857142857142857,-89.33333333333333,113.88078117370604
2026-03-02 20:50:53,LSTM_kswin,linear_gradual_drift_18,,0.0484203897356614,0.004103313400175,0.0640571104575834,16,2.5102193355560303,0.1568887084722519,15,"['held', 'promoted', 'promoted', 'promoted', 'promoted', 'promoted', 'promoted', 'promoted', 'promoted', 'promoted', 'promoted', 'promoted', 'promoted', 'promoted', 'promoted', 'promoted']",15,1,v16,16,2,14,1,0.125,0.6666666666666666,0.2105263157894736,9.5,21.615514278411865
2026-03-02 21:00:14,PSO_LSTM_kswin,linear_gradual_drift_19,,0.0265924722826898,0.0011937316757218,0.0345504222220486,14,182.5767703056336,13.041197878973824,4,"['promoted', 'promoted', 'held', 'held', 'held', 'promoted', 'promoted', 'held', 'held', 'held', 'held', 'held', 'held', 'held']",4,10,v0,14,2,12,1,0.1428571428571428,0.6666666666666666,0.2352941176470588,55.0,206.3068778514862
2026-03-02 21:02:06,LSTM_kswin,linear_gradual_drift_19,,0.0251164210864129,0.0010037910487344,0.0316826616422056,14,2.0853471755981445,0.1489533696855817,11,"['promoted', 'held', 'promoted', 'held', 'promoted', 'held', 'promoted', 'promoted', 'promoted', 'promoted', 'promoted', 'promoted', 'promoted', 'promoted']",11,3,v14,14,2,12,1,0.1428571428571428,0.6666666666666666,0.2352941176470588,-143.0,19.046646118164062
2026-03-02 21:10:57,PSO_LSTM_kswin,linear_gradual_drift_20,,0.0237578271871476,0.0008866147388523,0.0297760766195342,13,181.1103386878968,13.931564514453594,0,"['held', 'held', 'held', 'held', 'held', 'held', 'held', 'held', 'held', 'held', 'held', 'held', 'held']",0,13,v0,13,2,11,1,0.1538461538461538,0.6666666666666666,0.25,-81.5,206.91339087486267
2026-03-02 21:13:00,LSTM_kswin,linear_gradual_drift_20,,0.0256419262512082,0.0010360127913838,0.0321871525827279,14,1.7721030712127686,0.126578790800912,12,"['held', 'promoted', 'promoted', 'promoted', 'promoted', 'promoted', 'promoted', 'promoted', 'promoted', 'held', 'promoted', 'promoted', 'promoted', 'promoted']",12,2,v14,14,3,11,0,0.2142857142857142,1.0,0.3529411764705882,-39.333333333333336,20.325167417526245
2026-03-02 21:20:44,PSO_LSTM_kswin,linear_gradual_drift_21,,0.0240191444028005,0.0009248804796301,0.0304118476852391,11,110.57827138900755,10.052570126273416,2,"['held', 'held', 'promoted', 'promoted', 'held', 'held', 'held', 'held', 'held', 'held', 'promoted']",3,8,v11,11,1,10,2,0.0909090909090909,0.3333333333333333,0.1428571428571428,-100.0,135.91083145141602
2026-03-02 21:22:12,LSTM_kswin,linear_gradual_drift_21,,0.0234623957341506,0.0008787207494052,0.0296432243422548,11,1.6976814270019531,0.1543346751819957,8,"['promoted', 'promoted', 'promoted', 'promoted', 'promoted', 'promoted', 'held', 'held', 'promoted', 'promoted', 'promoted']",9,2,v11,11,3,8,0,0.2727272727272727,1.0,0.4285714285714285,129.0,19.67015910148621
2026-03-02 21:29:28,PSO_LSTM_kswin,linear_gradual_drift_22,,0.0265095077204428,0.0012131531027464,0.0348303474393589,11,95.2066206932068,8.655147335746072,5,"['held', 'held', 'held', 'held', 'promoted', 'promoted', 'held', 'held', 'promoted', 'promoted', 'promoted']",5,6,v9,11,1,10,2,0.0909090909090909,0.3333333333333333,0.1428571428571428,45.0,120.41903162002563
2026-03-02 21:31:18,LSTM_kswin,linear_gradual_drift_22,,0.0251441929361138,0.0010022367301318,0.0316581226564661,13,2.378134727478028,0.1829334405752328,11,"['promoted', 'promoted', 'held', 'promoted', 'promoted', 'promoted', 'held', 'promoted', 'promoted', 'promoted', 'promoted', 'promoted', 'promoted']",11,2,v13,13,3,10,0,0.2307692307692307,1.0,0.375,108.33333333333331,20.42091083526612
2026-03-02 21:40:28,PSO_LSTM_kswin,linear_gradual_drift_23,,0.0231481503912519,0.0008385401232403,0.0289575572733674,13,164.34446573257446,12.641881979428804,3,"['held', 'held', 'held', 'held', 'promoted', 'promoted', 'held', 'held', 'held', 'held', 'held', 'held', 'promoted']",3,10,v13,13,3,10,0,0.2307692307692307,1.0,0.375,-64.33333333333333,189.2296540737152
2026-03-02 21:42:00,LSTM_kswin,linear_gradual_drift_23,,0.0259013115501485,0.0010694292324551,0.0327021288673253,13,2.354052782058716,0.1810809832352858,12,"['promoted', 'promoted', 'promoted', 'promoted', 'held', 'promoted', 'promoted', 'promoted', 'promoted', 'promoted', 'promoted', 'promoted', 'promoted']",12,1,v12,13,2,11,1,0.1538461538461538,0.6666666666666666,0.25,-53.0,22.62816333770752
2026-03-02 21:53:08,PSO_LSTM_kswin,linear_gradual_drift_24,,0.0275279920537271,0.0013436269681277,0.0366555175673154,14,260.4021213054657,18.60015152181898,8,"['promoted', 'promoted', 'held', 'held', 'held', 'promoted', 'promoted', 'held', 'promoted', 'promoted', 'promoted', 'promoted', 'held', 'held']",8,6,v0,14,2,12,1,0.1428571428571428,0.6666666666666666,0.2352941176470588,49.5,286.7151849269867
2026-03-02 21:54:51,LSTM_kswin,linear_gradual_drift_24,,0.0261189848401277,0.0010761796372519,0.0328051769885778,14,2.0626673698425293,0.1473333835601806,10,"['held', 'promoted', 'held', 'promoted', 'held', 'held', 'promoted', 'promoted', 'promoted', 'promoted', 'promoted', 'promoted', 'promoted', 'promoted']",10,4,v14,14,2,12,1,0.1428571428571428,0.6666666666666666,0.2352941176470588,11.5,22.91023898124695
2026-03-02 22:02:45,PSO_LSTM_kswin,linear_gradual_drift_25,,0.0238842389744087,0.000905308753595,0.0300883491337596,12,128.25370264053345,10.687808553377788,5,"['held', 'promoted', 'promoted', 'held', 'held', 'promoted', 'promoted', 'held', 'promoted', 'held', 'held', 'held']",5,7,v9,12,2,10,1,0.1666666666666666,0.6666666666666666,0.2666666666666666,44.5,153.7883927822113
2026-03-02 22:04:17,LSTM_kswin,linear_gradual_drift_25,,0.0270613338408975,0.0012048813791416,0.0347114012846165,15,2.3360040187835693,0.1557336012522379,13,"['held', 'promoted', 'held', 'promoted', 'promoted', 'promoted', 'promoted', 'promoted', 'promoted', 'promoted', 'promoted', 'promoted', 'promoted', 'promoted', 'promoted']",13,2,v15,15,3,12,0,0.2,1.0,0.3333333333333333,-89.33333333333333,19.237138271331787
2026-03-02 22:13:54,PSO_LSTM_kswin,linear_gradual_drift_26,,0.0242533545546671,0.0009276101102725,0.0304566923724911,11,185.782731294632,16.889339208602905,0,"['held', 'held', 'held', 'held', 'held', 'held', 'held', 'held', 'held', 'held', 'held']",0,11,v0,11,2,9,1,0.1818181818181818,0.6666666666666666,0.2857142857142857,32.0,212.5380012989044
2026-03-02 22:14:42,LSTM_kswin,linear_gradual_drift_26,,0.025441134269681,0.0010189793172908,0.0319214554381658,12,2.0141372680664062,0.1678447723388672,9,"['promoted', 'held', 'held', 'promoted', 'promoted', 'held', 'promoted', 'promoted', 'promoted', 'promoted', 'promoted', 'promoted']",9,3,v12,12,3,9,0,0.25,1.0,0.4,-96.33333333333331,21.234949350357056
2026-03-02 22:24:04,PSO_LSTM_kswin,linear_gradual_drift_27,,0.0271346390608665,0.0013326602291114,0.0365056191443375,13,187.0430290699005,14.387925313069273,3,"['held', 'promoted', 'held', 'promoted', 'promoted', 'held', 'held', 'held', 'held', 'held', 'held', 'held', 'held']",3,10,v2,13,3,10,0,0.2307692307692307,1.0,0.375,143.0,215.7226271629333
2026-03-02 22:25:46,LSTM_kswin,linear_gradual_drift_27,,0.0266812064600434,0.0011422961921431,0.0337978725978885,14,2.41294813156128,0.1723534379686628,12,"['held', 'promoted', 'promoted', 'promoted', 'promoted', 'promoted', 'promoted', 'promoted', 'promoted', 'promoted', 'held', 'promoted', 'promoted', 'promoted']",12,2,v14,14,2,12,1,0.1428571428571428,0.6666666666666666,0.2352941176470588,74.5,23.394615411758423
2026-03-02 22:35:18,PSO_LSTM_kswin,linear_gradual_drift_28,,0.0245299622157712,0.000950856332884,0.0308359584395231,8,148.69547080993652,18.586933851242065,2,"['held', 'held', 'held', 'held', 'held', 'held', 'promoted', 'promoted']",2,6,v0,8,2,6,1,0.25,0.6666666666666666,0.3636363636363636,-162.5,179.12394189834595
2026-03-02 22:37:31,LSTM_kswin,linear_gradual_drift_28,,0.0232401943975101,0.0008460193326349,0.0290864114774403,12,1.905036687850952,0.1587530573209127,8,"['held', 'promoted', 'promoted', 'held', 'promoted', 'promoted', 'promoted', 'promoted', 'held', 'promoted', 'held', 'promoted']",8,4,v12,12,3,9,0,0.25,1.0,0.4,-59.0,22.0944344997406
2026-03-02 22:46:46,PSO_LSTM_kswin,linear_gradual_drift_29,,0.0248625633292319,0.0011033518048741,0.033216739829101,11,138.57899403572085,12.598090366883712,4,"['held', 'held', 'promoted', 'promoted', 'promoted', 'promoted', 'held', 'held', 'held', 'held', 'held']",4,7,v0,11,2,9,1,0.1818181818181818,0.6666666666666666,0.2857142857142857,67.0,163.75047326087952
2026-03-02 22:47:48,LSTM_kswin,linear_gradual_drift_29,,0.0234996996574131,0.0008704593421668,0.0295035479589632,12,1.981839895248413,0.1651533246040344,9,"['promoted', 'held', 'promoted', 'promoted', 'promoted', 'held', 'promoted', 'promoted', 'promoted', 'promoted', 'promoted', 'held']",9,3,v11,12,2,10,1,0.1666666666666666,0.6666666666666666,0.2666666666666666,15.0,21.58875060081482
2026-03-02 22:57:06,PSO_LSTM_kswin,linear_gradual_drift_30,,0.0270307067786946,0.0012532643970308,0.0354014745036257,11,134.562020778656,12.232910979877818,6,"['promoted', 'promoted', 'held', 'promoted', 'promoted', 'promoted', 'promoted', 'held', 'held', 'held', 'held']",6,5,v0,11,2,9,1,0.1818181818181818,0.6666666666666666,0.2857142857142857,20.0,160.5112874507904
2026-03-02 22:58:34,LSTM_kswin,linear_gradual_drift_30,,0.0237322022290985,0.0008923384114267,0.0298720339352162,9,1.427626132965088,0.1586251258850097,5,"['promoted', 'held', 'held', 'promoted', 'held', 'promoted', 'promoted', 'promoted', 'held']",5,4,v8,9,1,8,2,0.1111111111111111,0.3333333333333333,0.1666666666666666,-169.0,23.27767491340637
2026-03-02 23:06:57,PSO_LSTM_kswin,linear_abrupt_drift_1,,0.0409673599345458,0.0033313648800923,0.0577179770963285,15,203.741726398468,13.582781759897868,5,"['promoted', 'promoted', 'promoted', 'held', 'held', 'held', 'held', 'held', 'held', 'held', 'held', 'promoted', 'promoted', 'held', 'held']",5,10,v0,15,3,12,0,0.2,1.0,0.3333333333333333,-84.66666666666667,229.09596514701843
2026-03-02 23:09:15,LSTM_kswin,linear_abrupt_drift_1,,0.0431345666217416,0.0030813786062813,0.0555101666929699,17,2.2056655883789062,0.1297450346105239,14,"['promoted', 'held', 'promoted', 'held', 'promoted', 'promoted', 'promoted', 'promoted', 'promoted', 'held', 'promoted', 'promoted', 'promoted', 'promoted', 'promoted', 'promoted', 'promoted']",14,3,v17,17,3,14,0,0.1764705882352941,1.0,0.3,-63.66666666666666,21.864197731018063
2026-03-02 23:20:17,PSO_LSTM_kswin,linear_abrupt_drift_2,,0.0416236484692041,0.0034798768516025,0.0589904810253531,15,298.0281443595886,19.86854295730591,8,"['held', 'held', 'promoted', 'held', 'promoted', 'held', 'held', 'promoted', 'promoted', 'promoted', 'held', 'promoted', 'held', 'promoted', 'promoted']",8,7,v0,15,3,12,0,0.2,1.0,0.3333333333333333,52.0,319.6472473144531
2026-03-02 23:22:00,LSTM_kswin,linear_abrupt_drift_2,,0.0280036032795756,0.0012974236496522,0.036019767484705,13,1.815701961517334,0.1396693816551795,12,"['promoted', 'promoted', 'promoted', 'promoted', 'promoted', 'promoted', 'promoted', 'promoted', 'held', 'promoted', 'promoted', 'promoted', 'promoted']",12,1,v13,13,2,11,1,0.1538461538461538,0.6666666666666666,0.25,-109.0,21.00301957130432
2026-03-02 23:29:32,PSO_LSTM_kswin,linear_abrupt_drift_3,,0.095733214747294,0.0137229768169546,0.1171451100855458,16,88.4021065235138,5.525131657719612,4,"['held', 'promoted', 'promoted', 'held', 'held', 'held', 'promoted', 'promoted', 'held', 'held', 'held', 'held', 'held', 'held', 'held', 'held']",4,12,v1,16,3,13,0,0.1875,1.0,0.3157894736842105,-48.333333333333336,112.5018560886383
2026-03-02 23:31:19,LSTM_kswin,linear_abrupt_drift_3,,0.0338847624489825,0.0019971122187065,0.0446890615106932,12,1.8986542224884035,0.1582211852073669,9,"['promoted', 'promoted', 'held', 'promoted', 'held', 'promoted', 'promoted', 'promoted', 'promoted', 'promoted', 'promoted', 'held']",9,3,v11,12,3,9,0,0.25,1.0,0.4,18.666666666666668,20.6204481124878
2026-03-02 23:42:51,PSO_LSTM_kswin,linear_abrupt_drift_4,,0.0427814565398666,0.0053082531412704,0.0728577596503654,16,342.93416929244995,21.43338558077812,2,"['held', 'held', 'held', 'held', 'held', 'held', 'held', 'held', 'held', 'promoted', 'promoted', 'held', 'held', 'held', 'held', 'held']",2,14,v0,16,3,13,0,0.1875,1.0,0.3157894736842105,44.333333333333336,366.65801525115967
2026-03-02 23:43:41,LSTM_kswin,linear_abrupt_drift_4,,0.0352581031006109,0.0021795107316002,0.0466852303368021,16,2.558098793029785,0.1598811745643615,13,"['held', 'promoted', 'promoted', 'held', 'promoted', 'promoted', 'promoted', 'promoted', 'promoted', 'promoted', 'promoted', 'promoted', 'promoted', 'held', 'promoted', 'promoted']",13,3,v14,16,3,13,0,0.1875,1.0,0.3157894736842105,39.0,21.31259536743164
2026-03-02 23:54:44,PSO_LSTM_kswin,linear_abrupt_drift_5,,0.045069041683923,0.005981557618602,0.077340530245157,15,282.961847782135,18.864123185475663,7,"['promoted', 'promoted', 'held', 'held', 'promoted', 'held', 'held', 'promoted', 'held', 'promoted', 'held', 'held', 'promoted', 'held', 'promoted']",7,8,v15,15,3,12,0,0.2,1.0,0.3333333333333333,-127.66666666666669,306.3407428264618
2026-03-02 23:56:00,LSTM_kswin,linear_abrupt_drift_5,,0.0280185311587678,0.0012668719729034,0.0355931450268657,12,1.8203861713409424,0.1516988476117452,12,"['promoted', 'promoted', 'promoted', 'promoted', 'promoted', 'promoted', 'promoted', 'promoted', 'promoted', 'promoted', 'promoted', 'promoted']",12,0,v12,12,2,10,1,0.1666666666666666,0.6666666666666666,0.2666666666666666,-27.5,20.690298080444336
2026-03-03 00:04:16,PSO_LSTM_kswin,linear_abrupt_drift_6,,0.0312279780175618,0.0017587975564555,0.0419380204165098,13,145.81091594696045,11.216224303612345,7,"['held', 'promoted', 'promoted', 'held', 'held', 'held', 'held', 'promoted', 'promoted', 'held', 'promoted', 'promoted', 'promoted']",7,6,v8,13,2,11,1,0.1538461538461538,0.6666666666666666,0.25,103.0,170.74703216552734
2026-03-03 00:05:35,LSTM_kswin,linear_abrupt_drift_6,,0.0300688000440392,0.001533740403762,0.0391629978903814,13,2.288278341293335,0.1760214108687181,13,"['promoted', 'promoted', 'promoted', 'promoted', 'promoted', 'promoted', 'promoted', 'promoted', 'promoted', 'promoted', 'promoted', 'promoted', 'promoted']",13,0,v9,13,3,10,0,0.2307692307692307,1.0,0.375,25.666666666666668,21.76688241958618
2026-03-03 00:15:21,PSO_LSTM_kswin,linear_abrupt_drift_7,,0.0337689592487821,0.0020612247270981,0.0454007128479076,13,169.9563992023468,13.073569169411291,6,"['held', 'promoted', 'promoted', 'held', 'held', 'promoted', 'held', 'promoted', 'held', 'held', 'promoted', 'promoted', 'held']",6,7,v0,13,2,11,1,0.1538461538461538,0.6666666666666666,0.25,78.5,194.553435087204
2026-03-03 00:16:20,LSTM_kswin,linear_abrupt_drift_7,,0.0314260773777775,0.0016273483549286,0.0403404059836859,14,1.9531958103179927,0.1395139864512852,12,"['promoted', 'promoted', 'promoted', 'promoted', 'promoted', 'promoted', 'promoted', 'held', 'promoted', 'promoted', 'promoted', 'promoted', 'held', 'promoted']",12,2,v14,14,3,11,0,0.2142857142857142,1.0,0.3529411764705882,-195.0,18.1241672039032
2026-03-03 00:23:01,PSO_LSTM_kswin,linear_abrupt_drift_8,,0.1619663953870945,0.0506732751898537,0.2251072526371678,19,132.93525552749634,6.996592396184018,4,"['held', 'promoted', 'promoted', 'held', 'held', 'held', 'held', 'held', 'held', 'promoted', 'promoted', 'held', 'held', 'held', 'held', 'held', 'held', 'held', 'held']",4,15,v11,19,3,16,0,0.1578947368421052,1.0,0.2727272727272727,25.33333333333333,159.0115978717804
2026-03-03 00:23:54,LSTM_kswin,linear_abrupt_drift_8,,0.0540865771150167,0.0048685697387993,0.069775136967256,16,2.228193521499634,0.1392620950937271,13,"['promoted', 'promoted', 'held', 'promoted', 'promoted', 'promoted', 'promoted', 'promoted', 'promoted', 'promoted', 'promoted', 'held', 'promoted', 'promoted', 'promoted', 'held']",13,3,v15,16,3,13,0,0.1875,1.0,0.3157894736842105,-156.33333333333334,20.603909254074097
2026-03-03 00:31:52,PSO_LSTM_kswin,linear_abrupt_drift_9,,0.0365293506080426,0.0024950181274386,0.0499501564305727,13,151.30462169647217,11.63881705357478,2,"['held', 'held', 'held', 'held', 'held', 'held', 'held', 'held', 'held', 'held', 'promoted', 'promoted', 'held']",2,11,v0,13,3,10,0,0.2307692307692307,1.0,0.375,-38.66666666666666,175.0896770954132
2026-03-03 00:33:09,LSTM_kswin,linear_abrupt_drift_9,,0.0358081406514693,0.0022215759575198,0.0471335969083609,15,2.2054920196533203,0.1470328013102213,11,"['promoted', 'held', 'promoted', 'promoted', 'promoted', 'held', 'held', 'held', 'promoted', 'promoted', 'promoted', 'promoted', 'promoted', 'promoted', 'promoted']",11,4,v15,15,3,12,0,0.2,1.0,0.3333333333333333,-155.0,20.245662689208984
2026-03-03 00:41:12,PSO_LSTM_kswin,linear_abrupt_drift_10,,0.0399974777990348,0.0028938289440452,0.0537943207415544,14,174.7191298007965,12.479937842914037,5,"['held', 'promoted', 'promoted', 'held', 'held', 'held', 'held', 'held', 'held', 'promoted', 'held', 'promoted', 'held', 'promoted']",5,9,v14,14,3,11,0,0.2142857142857142,1.0,0.3529411764705882,-62.0,198.8701841831208
2026-03-03 00:42:17,LSTM_kswin,linear_abrupt_drift_10,,0.0557674232078408,0.0055115115342571,0.0742395550515836,18,2.606694221496582,0.144816345638699,16,"['promoted', 'promoted', 'promoted', 'promoted', 'promoted', 'promoted', 'promoted', 'held', 'promoted', 'promoted', 'promoted', 'promoted', 'promoted', 'promoted', 'promoted', 'promoted', 'promoted']",16,1,v17,18,2,16,1,0.1111111111111111,0.6666666666666666,0.1904761904761905,105.5,23.227306127548218
2026-03-03 00:49:23,PSO_LSTM_kswin,linear_abrupt_drift_11,,0.1584220029540873,0.0357786710143487,0.1891525072906746,20,99.17123079299928,4.958561539649963,5,"['promoted', 'promoted', 'promoted', 'promoted', 'promoted', 'held', 'held', 'held', 'held', 'held', 'held', 'held', 'held', 'held', 'held', 'held', 'held', 'held', 'held', 'held']",5,15,v3,20,3,17,0,0.15,1.0,0.2608695652173913,-4.333333333333333,123.86319231987
2026-03-03 00:50:43,LSTM_kswin,linear_abrupt_drift_11,,0.0332899595817427,0.0018956609001073,0.043539188096557,14,2.130831718444824,0.1522022656032017,10,"['promoted', 'promoted', 'held', 'held', 'promoted', 'promoted', 'promoted', 'promoted', 'promoted', 'held', 'held', 'promoted', 'promoted', 'promoted']",10,4,v12,14,3,11,0,0.2142857142857142,1.0,0.3529411764705882,33.333333333333336,22.00706386566162
2026-03-03 01:00:07,PSO_LSTM_kswin,linear_abrupt_drift_12,,0.0421630092927526,0.0036562783870525,0.0604671678438186,14,151.04355359077454,10.788825256483896,7,"['held', 'promoted', 'promoted', 'held', 'held', 'held', 'held', 'promoted', 'promoted', 'promoted', 'promoted', 'held', 'held', 'promoted']",7,7,v14,14,3,11,0,0.2142857142857142,1.0,0.3529411764705882,-84.66666666666667,173.22741675376892
2026-03-03 01:01:10,LSTM_kswin,linear_abrupt_drift_12,,0.0318820273840587,0.0017122998026189,0.041379944449201,13,2.146076440811157,0.1650828031393197,11,"['held', 'promoted', 'promoted', 'promoted', 'promoted', 'promoted', 'promoted', 'promoted', 'promoted', 'promoted', 'promoted', 'promoted', 'held']",11,2,v12,13,3,10,0,0.2307692307692307,1.0,0.375,-107.0,21.577354192733765
2026-03-03 01:09:33,PSO_LSTM_kswin,linear_abrupt_drift_13,,0.068191904982488,0.00710757640216,0.0843064434201802,15,207.4418067932129,13.829453786214192,8,"['held', 'promoted', 'promoted', 'promoted', 'promoted', 'promoted', 'held', 'held', 'held', 'held', 'held', 'held', 'promoted', 'promoted', 'promoted']",8,7,v12,15,3,12,0,0.2,1.0,0.3333333333333333,-35.0,235.4343671798706
2026-03-03 01:10:52,LSTM_kswin,linear_abrupt_drift_13,,0.037878371660872,0.0024332058878326,0.0493275368109195,17,2.1497552394866943,0.1264561905580408,10,"['promoted', 'held', 'promoted', 'promoted', 'held', 'held', 'promoted', 'promoted', 'promoted', 'held', 'promoted', 'held', 'held', 'promoted', 'promoted', 'held', 'promoted']",10,7,v17,17,3,14,0,0.1764705882352941,1.0,0.3,-103.0,22.167044401168823
2026-03-03 01:21:15,PSO_LSTM_kswin,linear_abrupt_drift_14,,0.0398044952513335,0.0028971235892082,0.0538249346419317,13,204.23246026039124,15.710189250799326,6,"['promoted', 'promoted', 'promoted', 'promoted', 'held', 'held', 'held', 'held', 'promoted', 'promoted', 'held', 'held', 'held']",6,7,v0,13,2,11,1,0.1538461538461538,0.6666666666666666,0.25,108.5,228.47763299942017
2026-03-03 01:22:35,LSTM_kswin,linear_abrupt_drift_14,,0.0315490974887459,0.0016835820704772,0.041031476581732,11,1.9091250896453853,0.1735568263313987,8,"['promoted', 'held', 'promoted', 'promoted', 'promoted', 'promoted', 'promoted', 'promoted', 'promoted', 'held', 'held']",8,3,v9,11,2,9,1,0.1818181818181818,0.6666666666666666,0.2857142857142857,130.5,22.29750609397888
2026-03-03 01:28:35,PSO_LSTM_kswin,linear_abrupt_drift_15,,0.0436327037466482,0.0033206863607228,0.0576253968378775,16,98.70023369789124,6.168764606118202,1,"['held', 'held', 'promoted', 'held', 'held', 'held', 'held', 'held', 'held', 'held', 'held', 'held', 'held', 'held', 'held', 'held']",1,15,v2,16,3,13,0,0.1875,1.0,0.3157894736842105,98.0,123.67608594894408
2026-03-03 01:29:36,LSTM_kswin,linear_abrupt_drift_15,,0.049156243117079,0.004018150550438,0.0633888834925975,19,2.806077003479004,0.1476882633410002,13,"['promoted', 'promoted', 'promoted', 'promoted', 'held', 'held', 'promoted', 'held', 'promoted', 'promoted', 'promoted', 'held', 'promoted', 'promoted', 'promoted', 'promoted', 'held', 'promoted', 'held']",13,6,v18,19,3,16,0,0.1578947368421052,1.0,0.2727272727272727,11.666666666666666,22.2297432422638
2026-03-03 01:38:44,PSO_LSTM_kswin,linear_abrupt_drift_16,,0.0345635629709506,0.0020465127101986,0.0452383986254893,14,145.6397886276245,10.402842044830322,6,"['held', 'held', 'held', 'promoted', 'held', 'promoted', 'held', 'promoted', 'promoted', 'promoted', 'promoted', 'held', 'held', 'held']",6,8,v10,14,3,11,0,0.2142857142857142,1.0,0.3529411764705882,-18.666666666666668,171.60053277015686
2026-03-03 01:39:46,LSTM_kswin,linear_abrupt_drift_16,,0.0331503257033245,0.0018086936107286,0.0425287386449292,16,2.7260866165161133,0.170380413532257,16,"['promoted', 'promoted', 'promoted', 'promoted', 'promoted', 'promoted', 'promoted', 'promoted', 'promoted', 'promoted', 'promoted', 'promoted', 'promoted', 'promoted', 'promoted', 'promoted']",16,0,v14,16,3,13,0,0.1875,1.0,0.3157894736842105,-80.66666666666667,21.290453672409058
2026-03-03 01:46:43,PSO_LSTM_kswin,linear_abrupt_drift_17,,0.0449538884940374,0.004011510800212,0.0633364886950014,14,128.74853348731995,9.196323820522853,5,"['promoted', 'promoted', 'promoted', 'held', 'held', 'promoted', 'promoted', 'held', 'held', 'held', 'held', 'held', 'held', 'held']",5,9,v7,14,3,11,0,0.2142857142857142,1.0,0.3529411764705882,69.66666666666667,155.55040454864502
2026-03-03 01:48:12,LSTM_kswin,linear_abrupt_drift_17,,0.0602542472829676,0.0061253979789521,0.0782649217654508,18,2.291030168533325,0.1272794538074069,17,"['promoted', 'promoted', 'promoted', 'promoted', 'promoted', 'promoted', 'promoted', 'promoted', 'promoted', 'promoted', 'promoted', 'promoted', 'promoted', 'promoted', 'promoted', 'held', 'promoted', 'promoted']",17,1,v18,18,3,15,0,0.1666666666666666,1.0,0.2857142857142857,71.0,19.87111163139344
2026-03-03 01:57:14,PSO_LSTM_kswin,linear_abrupt_drift_18,,0.0407502073561891,0.003176933891583,0.0563642962484497,13,189.80058932304385,14.600045332541832,8,"['held', 'promoted', 'held', 'promoted', 'promoted', 'held', 'promoted', 'promoted', 'promoted', 'promoted', 'promoted', 'held', 'held']",8,5,v0,13,3,10,0,0.2307692307692307,1.0,0.375,2.0,211.8325197696685
2026-03-03 01:58:30,LSTM_kswin,linear_abrupt_drift_18,,0.0353084042373424,0.0021686218220605,0.0465684638146951,14,2.056856870651245,0.1469183479036603,11,"['held', 'promoted', 'held', 'promoted', 'promoted', 'held', 'promoted', 'promoted', 'promoted', 'promoted', 'promoted', 'promoted', 'promoted', 'promoted']",11,3,v14,14,3,11,0,0.2142857142857142,1.0,0.3529411764705882,88.0,20.12018394470215
2026-03-03 02:05:29,PSO_LSTM_kswin,linear_abrupt_drift_19,,0.0742097073567525,0.0080262452037362,0.0895893141157822,18,87.81388020515442,4.878548900286357,2,"['promoted', 'promoted', 'held', 'held', 'held', 'held', 'held', 'held', 'held', 'held', 'held', 'held', 'held', 'held', 'held', 'held', 'held', 'held']",2,16,v2,18,3,15,0,0.1666666666666666,1.0,0.2857142857142857,-23.33333333333333,114.71338152885436
2026-03-03 02:06:19,LSTM_kswin,linear_abrupt_drift_19,,0.0373719328470033,0.0023409478686583,0.0483833428842859,17,2.9137542247772217,0.1713973073398365,12,"['promoted', 'promoted', 'promoted', 'promoted', 'promoted', 'promoted', 'held', 'promoted', 'held', 'promoted', 'promoted', 'held', 'promoted', 'held', 'held', 'promoted', 'promoted']",12,5,v11,17,2,15,1,0.1176470588235294,0.6666666666666666,0.2,1.0,21.41443705558777
2026-03-03 02:17:02,PSO_LSTM_kswin,linear_abrupt_drift_20,,0.0308472217559441,0.0016628030906526,0.040777482642417,16,230.33875274658203,14.396172046661375,7,"['promoted', 'promoted', 'promoted', 'held', 'held', 'held', 'held', 'promoted', 'promoted', 'promoted', 'held', 'held', 'promoted', 'held', 'held', 'held']",7,9,v3,16,3,13,0,0.1875,1.0,0.3157894736842105,-85.33333333333333,253.52697658538816
2026-03-03 02:17:52,LSTM_kswin,linear_abrupt_drift_20,,0.0292075216384401,0.001400728975207,0.0374263139409565,12,1.8754966259002688,0.156291385491689,10,"['promoted', 'promoted', 'promoted', 'promoted', 'promoted', 'promoted', 'promoted', 'held', 'held', 'promoted', 'promoted', 'promoted']",10,2,v12,12,3,9,0,0.25,1.0,0.4,-5.666666666666667,22.552959203720093
2026-03-03 02:26:49,PSO_LSTM_kswin,linear_abrupt_drift_21,,0.0703445782265317,0.0088292232524214,0.093963946556227,19,265.9587152004242,13.9978271158118,11,"['held', 'promoted', 'promoted', 'promoted', 'promoted', 'promoted', 'held', 'promoted', 'promoted', 'promoted', 'promoted', 'held', 'promoted', 'promoted', 'held', 'held', 'held', 'held', 'held']",11,8,v11,19,3,16,0,0.1578947368421052,1.0,0.2727272727272727,107.33333333333331,290.566823720932
2026-03-03 02:27:53,LSTM_kswin,linear_abrupt_drift_21,,0.0401357359289134,0.0028880502600228,0.0537405829892351,15,2.522213935852051,0.16814759572347,13,"['promoted', 'promoted', 'promoted', 'promoted', 'promoted', 'promoted', 'held', 'promoted', 'promoted', 'promoted', 'promoted', 'promoted', 'held', 'promoted', 'promoted']",13,2,v8,15,3,12,0,0.2,1.0,0.3333333333333333,-40.333333333333336,22.15122485160828
2026-03-03 02:34:15,PSO_LSTM_kswin,linear_abrupt_drift_22,,0.0607657387884149,0.0056994618966929,0.0754947805923887,16,91.14095306396484,5.696309566497803,2,"['promoted', 'held', 'held', 'held', 'held', 'held', 'held', 'held', 'held', 'held', 'held', 'held', 'held', 'held', 'held', 'promoted']",2,14,v15,16,3,13,0,0.1875,1.0,0.3157894736842105,-61.333333333333336,118.624587059021
2026-03-03 02:35:18,LSTM_kswin,linear_abrupt_drift_22,,0.0462628911272176,0.0035174348343732,0.0593079660279564,18,2.3389577865600586,0.1299420992533365,15,"['promoted', 'promoted', 'promoted', 'promoted', 'promoted', 'held', 'promoted', 'promoted', 'promoted', 'promoted', 'promoted', 'promoted', 'promoted', 'promoted', 'held', 'held', 'promoted', 'promoted']",15,3,v17,18,3,15,0,0.1666666666666666,1.0,0.2857142857142857,-42.0,20.20715379714965
2026-03-03 02:43:37,PSO_LSTM_kswin,linear_abrupt_drift_23,,0.0389872892778329,0.0039737126860773,0.0630373911744242,12,124.177104473114,10.348092039426168,6,"['promoted', 'promoted', 'held', 'held', 'held', 'promoted', 'promoted', 'held', 'promoted', 'held', 'promoted', 'held']",6,6,v5,12,3,9,0,0.25,1.0,0.4,43.333333333333336,147.88654923439026
2026-03-03 02:44:38,LSTM_kswin,linear_abrupt_drift_23,,0.0307246669559962,0.0015413865091064,0.0392604955280294,12,1.916372299194336,0.1596976915995279,9,"['promoted', 'promoted', 'promoted', 'held', 'held', 'promoted', 'held', 'promoted', 'promoted', 'promoted', 'promoted', 'promoted']",9,3,v12,12,2,10,1,0.1666666666666666,0.6666666666666666,0.2666666666666666,-50.0,19.670843362808228
2026-03-03 02:52:09,PSO_LSTM_kswin,linear_abrupt_drift_24,,0.0396268676907607,0.0028210916788773,0.0531139499461051,15,136.99798607826233,9.133199071884157,4,"['promoted', 'promoted', 'promoted', 'held', 'promoted', 'held', 'held', 'held', 'held', 'held', 'held', 'held', 'held', 'held', 'held']",4,11,v4,15,3,12,0,0.2,1.0,0.3333333333333333,-99.33333333333331,162.28991079330444
2026-03-03 02:52:57,LSTM_kswin,linear_abrupt_drift_24,,0.0541781765055634,0.0060575925904532,0.0778305376472063,17,2.237804651260376,0.1316355677211985,17,"['promoted', 'promoted', 'promoted', 'promoted', 'promoted', 'promoted', 'promoted', 'promoted', 'promoted', 'promoted', 'promoted', 'promoted', 'promoted', 'promoted', 'promoted', 'promoted', 'promoted']",17,0,v17,17,3,14,0,0.1764705882352941,1.0,0.3,-137.33333333333334,19.28855562210083
2026-03-03 03:02:21,PSO_LSTM_kswin,linear_abrupt_drift_25,,0.0389034850024218,0.0025894474190567,0.0508866133580997,18,191.4108955860138,10.633938643667433,10,"['promoted', 'promoted', 'promoted', 'promoted', 'held', 'held', 'held', 'held', 'promoted', 'promoted', 'promoted', 'promoted', 'promoted', 'held', 'promoted', 'held', 'held', 'held']",10,8,v12,18,3,15,0,0.1666666666666666,1.0,0.2857142857142857,90.66666666666669,215.8529999256134
2026-03-03 03:03:52,LSTM_kswin,linear_abrupt_drift_25,,0.0309716819376042,0.0016349694331899,0.0404347552631388,14,2.0529110431671143,0.1466365030833653,12,"['promoted', 'promoted', 'held', 'promoted', 'promoted', 'promoted', 'held', 'promoted', 'promoted', 'promoted', 'promoted', 'promoted', 'promoted', 'promoted']",12,2,v14,14,3,11,0,0.2142857142857142,1.0,0.3529411764705882,60.66666666666666,20.31076645851136
2026-03-03 03:11:18,PSO_LSTM_kswin,linear_abrupt_drift_26,,0.0362548250301609,0.0021998017032554,0.0469020437001996,14,103.053795337677,7.360985381262643,5,"['promoted', 'promoted', 'promoted', 'held', 'held', 'held', 'held', 'held', 'held', 'promoted', 'held', 'promoted', 'held', 'held']",5,9,v0,14,3,11,0,0.2142857142857142,1.0,0.3529411764705882,-1.0,126.84453535079956
2026-03-03 03:12:48,LSTM_kswin,linear_abrupt_drift_26,,0.0330838322768186,0.0018818690691068,0.0433805148552532,13,1.806783676147461,0.1389833597036508,12,"['promoted', 'promoted', 'promoted', 'promoted', 'promoted', 'promoted', 'promoted', 'promoted', 'promoted', 'held', 'promoted', 'promoted', 'promoted']",12,1,v8,13,3,10,0,0.2307692307692307,1.0,0.375,11.333333333333334,20.47161316871643
2026-03-03 03:22:52,PSO_LSTM_kswin,linear_abrupt_drift_27,,0.0465474096918247,0.0040297316742965,0.0634801675667022,14,147.28122782707214,10.520087701933724,3,"['held', 'held', 'held', 'held', 'promoted', 'promoted', 'held', 'held', 'promoted', 'held', 'held', 'held', 'held', 'held']",3,11,v9,14,3,11,0,0.2142857142857142,1.0,0.3529411764705882,-45.0,171.0145583152771
2026-03-03 03:25:17,LSTM_kswin,linear_abrupt_drift_27,,0.0257422862616037,0.0010474617841184,0.0323645142728643,13,2.04790472984314,0.1575311330648569,10,"['promoted', 'promoted', 'promoted', 'promoted', 'held', 'promoted', 'held', 'promoted', 'promoted', 'held', 'promoted', 'promoted', 'promoted']",10,3,v3,13,3,10,0,0.2307692307692307,1.0,0.375,116.66666666666669,22.032211780548096
2026-03-03 03:36:03,PSO_LSTM_kswin,linear_abrupt_drift_28,,0.0423674132034984,0.0031390592787953,0.0560273083308069,16,282.3104205131531,17.644401282072067,12,"['promoted', 'held', 'promoted', 'held', 'held', 'promoted', 'promoted', 'promoted', 'promoted', 'promoted', 'promoted', 'promoted', 'promoted', 'promoted', 'held', 'promoted']",12,4,v16,16,2,14,1,0.125,0.6666666666666666,0.2105263157894736,40.5,306.82608127593994
2026-03-03 03:36:49,LSTM_kswin,linear_abrupt_drift_28,,0.03056682750116,0.0015762114227575,0.0397015292244214,16,2.435628890991211,0.1522268056869506,12,"['promoted', 'promoted', 'promoted', 'promoted', 'held', 'promoted', 'held', 'promoted', 'held', 'promoted', 'promoted', 'held', 'promoted', 'promoted', 'promoted', 'promoted']",12,4,v16,16,3,13,0,0.1875,1.0,0.3157894736842105,-33.0,19.674983024597168
2026-03-03 03:45:50,PSO_LSTM_kswin,linear_abrupt_drift_29,,0.0365787508903777,0.0025822880599457,0.0508162184734923,15,235.0241520404816,15.668276802698772,6,"['held', 'held', 'held', 'held', 'held', 'held', 'promoted', 'promoted', 'held', 'promoted', 'promoted', 'held', 'held', 'promoted', 'promoted']",6,9,v0,15,2,13,1,0.1333333333333333,0.6666666666666666,0.2222222222222222,32.5,257.8582708835602
2026-03-03 03:47:06,LSTM_kswin,linear_abrupt_drift_29,,0.0372386775479084,0.0023390403552114,0.0483636263653943,16,2.091184616088867,0.1306990385055542,10,"['promoted', 'held', 'promoted', 'held', 'promoted', 'held', 'promoted', 'promoted', 'promoted', 'promoted', 'held', 'promoted', 'promoted', 'held', 'held', 'promoted']",10,6,v16,16,3,13,0,0.1875,1.0,0.3157894736842105,111.66666666666669,19.75825476646424
2026-03-03 03:55:45,PSO_LSTM_kswin,linear_abrupt_drift_30,,0.0322396293176559,0.0018898805354732,0.0434727562442648,11,179.85880589485168,16.35080053589561,4,"['held', 'held', 'held', 'promoted', 'promoted', 'held', 'promoted', 'held', 'held', 'promoted', 'held']",4,7,v5,11,3,8,0,0.2727272727272727,1.0,0.4285714285714285,1.3333333333333333,203.54900193214417
2026-03-03 03:57:02,LSTM_kswin,linear_abrupt_drift_30,,0.0413034766734839,0.0027843998848353,0.052767413095919,11,1.6577305793762207,0.1507027799432928,10,"['promoted', 'promoted', 'promoted', 'held', 'promoted', 'promoted', 'promoted', 'promoted', 'promoted', 'promoted', 'promoted']",10,1,v11,11,3,8,0,0.2727272727272727,1.0,0.4285714285714285,-97.33333333333331,22.07239818572998
2026-03-03 04:07:10,PSO_LSTM_kswin,nonlinear_gradual_drift_1,,0.0240091704985973,0.0010010900507063,0.0316400071224138,12,193.92701268196103,16.16058439016342,3,"['promoted', 'promoted', 'held', 'held', 'promoted', 'held', 'held', 'held', 'held', 'held', 'held', 'held']",3,9,v3,12,2,10,1,0.1666666666666666,0.6666666666666666,0.2666666666666666,-198.5,219.14895915985107
2026-03-03 04:08:36,LSTM_kswin,nonlinear_gradual_drift_1,,0.0182597197455966,0.0005250949484376,0.0229149503258817,7,1.1022231578826904,0.1574604511260986,3,"['held', 'held', 'held', 'promoted', 'promoted', 'held', 'promoted']",3,4,v7,7,3,4,0,0.4285714285714285,1.0,0.6,-6.333333333333333,20.70604395866394
2026-03-03 04:18:31,PSO_LSTM_kswin,nonlinear_gradual_drift_2,,0.0173811398205977,0.0004733072037715,0.0217556246467792,4,140.19207668304443,35.04801917076111,0,"['held', 'held', 'held', 'held']",0,4,v0,4,1,3,2,0.25,0.3333333333333333,0.2857142857142857,37.0,167.87143754959106
2026-03-03 04:19:26,LSTM_kswin,nonlinear_gradual_drift_2,,0.0185543066916686,0.0005429851031025,0.0233020407497411,8,0.9673871994018556,0.1209233999252319,7,"['promoted', 'promoted', 'promoted', 'promoted', 'promoted', 'promoted', 'promoted', 'held']",7,1,v7,8,2,6,1,0.25,0.6666666666666666,0.3636363636363636,-4.5,21.74651861190796
2026-03-03 04:27:56,PSO_LSTM_kswin,nonlinear_gradual_drift_3,,0.0174016765374564,0.0004746530686008,0.0217865341117145,8,132.56708145141602,16.570885181427002,2,"['held', 'held', 'promoted', 'promoted', 'held', 'held', 'held', 'held']",2,6,v0,8,1,7,2,0.125,0.3333333333333333,0.1818181818181818,2.0,159.21866416931152
2026-03-03 04:28:50,LSTM_kswin,nonlinear_gradual_drift_3,,0.0203234972671215,0.0006423185596982,0.0253440044132375,10,1.5764875411987305,0.157648754119873,7,"['promoted', 'held', 'promoted', 'promoted', 'held', 'promoted', 'held', 'promoted', 'promoted', 'promoted']",7,3,v10,10,2,8,1,0.2,0.6666666666666666,0.3076923076923076,36.5,20.2510724067688
2026-03-03 04:37:17,PSO_LSTM_kswin,nonlinear_gradual_drift_4,,0.0175065288305282,0.0004853516885072,0.0220306987748278,4,77.97632241249084,19.49408060312271,0,"['held', 'held', 'held', 'held']",0,4,v0,4,0,4,3,0.0,0.0,0.0,,105.39441752433775
2026-03-03 04:38:26,LSTM_kswin,nonlinear_gradual_drift_4,,0.0182093947897267,0.0005211374122272,0.0228284342920665,6,0.9106717109680176,0.1517786184946696,4,"['promoted', 'promoted', 'held', 'promoted', 'promoted', 'held']",4,2,v0,6,1,5,2,0.1666666666666666,0.3333333333333333,0.2222222222222222,-205.0,21.032856225967407
2026-03-03 04:47:01,PSO_LSTM_kswin,nonlinear_gradual_drift_5,,0.017712194578191,0.0005046209010824,0.0224637686304507,6,97.933420419693,16.322236736615498,3,"['held', 'promoted', 'held', 'promoted', 'held', 'promoted']",3,3,v6,6,1,5,2,0.1666666666666666,0.3333333333333333,0.2222222222222222,149.0,122.02673196792604
2026-03-03 04:48:53,LSTM_kswin,nonlinear_gradual_drift_5,,0.0195946977869291,0.0005995464468399,0.0244856375624555,9,1.0385236740112305,0.1153915193345811,6,"['promoted', 'promoted', 'promoted', 'promoted', 'promoted', 'held', 'held', 'held', 'promoted']",6,3,v8,9,2,7,1,0.2222222222222222,0.6666666666666666,0.3333333333333333,7.5,19.57315492630005
2026-03-03 04:56:10,PSO_LSTM_kswin,nonlinear_gradual_drift_6,,0.0239207759531627,0.0009126091016596,0.0302094207435297,11,61.2814884185791,5.571044401689009,3,"['held', 'promoted', 'promoted', 'promoted', 'held', 'held', 'held', 'held', 'held', 'held', 'held']",3,8,v2,11,2,9,1,0.1818181818181818,0.6666666666666666,0.2857142857142857,112.0,84.26494288444519
2026-03-03 04:57:35,LSTM_kswin,nonlinear_gradual_drift_6,,0.0217524567593919,0.0007186291990562,0.0268072601930201,11,1.523094892501831,0.138463172045621,9,"['promoted', 'promoted', 'promoted', 'promoted', 'promoted', 'held', 'held', 'promoted', 'promoted', 'promoted', 'promoted']",9,2,v7,11,2,9,1,0.1818181818181818,0.6666666666666666,0.2857142857142857,84.5,23.034814834594727
2026-03-03 05:05:44,PSO_LSTM_kswin,nonlinear_gradual_drift_7,,0.0191831834838447,0.000584817795682,0.0241830063408589,7,75.03738594055176,10.719626562935966,4,"['held', 'held', 'promoted', 'promoted', 'held', 'promoted', 'promoted']",4,3,v0,7,3,4,0,0.4285714285714285,1.0,0.6,-79.33333333333333,101.97313594818117
2026-03-03 05:07:10,LSTM_kswin,nonlinear_gradual_drift_7,,0.0192089674345095,0.0005794357702929,0.0240714721255873,11,1.4180519580841064,0.1289138143712824,8,"['promoted', 'held', 'promoted', 'promoted', 'promoted', 'promoted', 'promoted', 'promoted', 'held', 'promoted']",8,2,v9,11,2,9,1,0.1818181818181818,0.6666666666666666,0.2857142857142857,47.0,20.87870407104492
2026-03-03 05:15:54,PSO_LSTM_kswin,nonlinear_gradual_drift_8,,0.0211030995244824,0.0009111401743361,0.0301850985477299,7,113.57096147537231,16.22442306791033,4,"['held', 'held', 'held', 'promoted', 'promoted', 'promoted', 'promoted']",4,3,v0,7,1,6,2,0.1428571428571428,0.3333333333333333,0.2,-87.0,134.8861608505249
2026-03-03 05:16:37,LSTM_kswin,nonlinear_gradual_drift_8,,0.0184933294925582,0.0005383040215335,0.0232013797334034,9,1.2218878269195557,0.1357653141021728,6,"['promoted', 'promoted', 'promoted', 'held', 'promoted', 'held', 'held', 'promoted', 'promoted']",6,3,v9,9,2,7,1,0.2222222222222222,0.6666666666666666,0.3333333333333333,73.5,22.611389875411987
2026-03-03 05:24:56,PSO_LSTM_kswin,nonlinear_gradual_drift_9,,0.0198272402763665,0.000669391152009,0.0258725946130083,7,87.90081000328064,12.557258571897234,4,"['promoted', 'held', 'promoted', 'held', 'promoted', 'promoted', 'held']",4,3,v0,7,2,5,1,0.2857142857142857,0.6666666666666666,0.4,-6.5,108.6283586025238
2026-03-03 05:25:56,LSTM_kswin,nonlinear_gradual_drift_9,,0.0194197565010701,0.0005938031928334,0.0243680773314885,8,1.0122902393341064,0.1265362799167633,6,"['promoted', 'held', 'promoted', 'promoted', 'promoted', 'promoted', 'promoted', 'held']",6,2,v7,8,2,6,1,0.25,0.6666666666666666,0.3636363636363636,-127.0,21.821149110794067
2026-03-03 05:35:41,PSO_LSTM_kswin,nonlinear_gradual_drift_10,,0.0230935533166677,0.0008629458834551,0.0293759405543919,15,152.11541104316711,10.141027402877809,7,"['promoted', 'promoted', 'promoted', 'promoted', 'promoted', 'promoted', 'promoted', 'held', 'held', 'held', 'held', 'held', 'held', 'held']",7,7,v1,15,3,12,0,0.2,1.0,0.3333333333333333,145.0,176.97113752365112
2026-03-03 05:37:06,LSTM_kswin,nonlinear_gradual_drift_10,,0.0186014536098485,0.0005407810912209,0.0232547004113341,9,1.0459251403808594,0.1162139044867621,7,"['promoted', 'promoted', 'held', 'promoted', 'held', 'promoted', 'promoted', 'promoted', 'promoted']",7,2,v9,9,2,7,1,0.2222222222222222,0.6666666666666666,0.3333333333333333,-5.5,21.49594020843506
2026-03-03 05:47:01,PSO_LSTM_kswin,nonlinear_gradual_drift_11,,0.0178767908656701,0.0005116142218384,0.0226188908180413,6,172.29696607589722,28.716161012649536,0,"['held', 'held', 'held', 'held', 'held', 'held']",0,6,v0,6,2,4,1,0.3333333333333333,0.6666666666666666,0.4444444444444444,49.5,198.293774843216
2026-03-03 05:48:00,LSTM_kswin,nonlinear_gradual_drift_11,,0.0190102282702848,0.0005770134384894,0.0240211040231178,10,1.206770896911621,0.1206770896911621,9,"['promoted', 'promoted', 'promoted', 'promoted', 'held', 'promoted', 'promoted', 'promoted', 'promoted', 'promoted']",9,1,v10,10,2,8,1,0.2,0.6666666666666666,0.3076923076923076,50.0,21.92466902732849
2026-03-03 05:56:40,PSO_LSTM_kswin,nonlinear_gradual_drift_12,,0.0184539501567358,0.0005759511592217,0.023998982462215,6,109.79348063468932,18.298913439114887,2,"['held', 'held', 'promoted', 'promoted', 'held', 'held']",2,4,v0,6,0,6,3,0.0,0.0,0.0,,132.1846899986267
2026-03-03 05:57:48,LSTM_kswin,nonlinear_gradual_drift_12,,0.0195742309834094,0.0006035165813691,0.0245665744736457,11,1.1981942653656006,0.1089267513968727,11,"['promoted', 'promoted', 'promoted', 'promoted', 'promoted', 'promoted', 'promoted', 'promoted', 'promoted', 'promoted', 'promoted']",11,0,v11,11,3,8,0,0.2727272727272727,1.0,0.4285714285714285,63.333333333333336,22.16641116142273
2026-03-03 06:05:10,PSO_LSTM_kswin,nonlinear_gradual_drift_13,,0.0174712212445589,0.0004862745061173,0.0220516327313264,4,13.483575582504272,3.370893895626068,3,"['promoted', 'promoted', 'held', 'promoted']",3,1,v3,4,1,3,2,0.25,0.3333333333333333,0.2857142857142857,51.0,37.73022794723511
2026-03-03 06:06:22,LSTM_kswin,nonlinear_gradual_drift_13,,0.0206928727092074,0.0006704660606914,0.0258933593937034,14,1.9553165435791016,0.1396654673985072,12,"['promoted', 'held', 'promoted', 'promoted', 'promoted', 'promoted', 'promoted', 'promoted', 'promoted', 'promoted', 'held', 'promoted', 'promoted', 'promoted']",12,2,v14,14,2,12,1,0.1428571428571428,0.6666666666666666,0.2352941176470588,1.5,21.11230158805847
2026-03-03 06:14:25,PSO_LSTM_kswin,nonlinear_gradual_drift_14,,0.0177899494438505,0.0005030612840876,0.0224290277115974,4,49.22403812408447,12.306009531021118,0,"['held', 'held', 'held', 'held']",0,4,v0,4,1,3,2,0.25,0.3333333333333333,0.2857142857142857,38.0,70.10758757591248
2026-03-03 06:15:23,LSTM_kswin,nonlinear_gradual_drift_14,,0.0193438838470862,0.0005887499535067,0.0242641701590383,12,1.5851647853851318,0.132097065448761,8,"['promoted', 'promoted', 'promoted', 'promoted', 'promoted', 'promoted', 'promoted', 'held', 'held', 'promoted', 'held', 'held']",8,4,v10,12,3,9,0,0.25,1.0,0.4,74.33333333333333,21.153645038604736
2026-03-03 06:20:50,PSO_LSTM_kswin,nonlinear_gradual_drift_15,,0.0175229127276078,0.000487646557312,0.022082720785992,5,67.57212376594543,13.514424753189086,0,"['held', 'held', 'held', 'held', 'held']",0,5,v0,5,1,4,2,0.2,0.3333333333333333,0.25,113.0,89.18038368225098
2026-03-03 06:21:33,LSTM_kswin,nonlinear_gradual_drift_15,,0.0335816679316259,0.001805764961225,0.0424942932783341,19,2.0984702110290527,0.1104458005804764,13,"['promoted', 'held', 'held', 'promoted', 'promoted', 'promoted', 'promoted', 'promoted', 'held', 'promoted', 'held', 'promoted', 'promoted', 'promoted', 'promoted', 'held', 'promoted', 'promoted', 'held']",13,6,v18,19,3,16,0,0.1578947368421052,1.0,0.2727272727272727,-9.666666666666666,21.3411557674408
2026-03-03 06:29:40,PSO_LSTM_kswin,nonlinear_gradual_drift_16,,0.0177322178716504,0.0004925793784795,0.0221941293697132,8,70.49232697486877,8.811540871858597,2,"['held', 'held', 'held', 'held', 'held', 'promoted', 'held', 'promoted']",2,6,v0,8,2,6,1,0.25,0.6666666666666666,0.3636363636363636,30.5,92.0714032649994
2026-03-03 06:30:53,LSTM_kswin,nonlinear_gradual_drift_16,,0.018808664661713,0.0005516012565001,0.0234861928907211,10,1.347492218017578,0.1347492218017578,6,"['promoted', 'promoted', 'promoted', 'promoted', 'held', 'promoted', 'held', 'promoted', 'held', 'held']",6,4,v8,10,2,8,1,0.2,0.6666666666666666,0.3076923076923076,68.5,23.686520099639893
2026-03-03 06:38:53,PSO_LSTM_kswin,nonlinear_gradual_drift_17,,0.0182300337409495,0.0005268884348388,0.0229540505105061,7,58.26506185531616,8.323580265045166,2,"['held', 'held', 'held', 'promoted', 'held', 'held', 'promoted']",2,5,v0,7,1,6,2,0.1428571428571428,0.3333333333333333,0.2,-89.0,83.11829280853271
2026-03-03 06:40:27,LSTM_kswin,nonlinear_gradual_drift_17,,0.0193390598327854,0.0005864148153861,0.0242160032909252,11,1.3349616527557373,0.1213601502505215,9,"['promoted', 'held', 'promoted', 'promoted', 'promoted', 'promoted', 'promoted', 'held', 'promoted', 'promoted', 'promoted']",9,2,v8,11,1,10,2,0.0909090909090909,0.3333333333333333,0.1428571428571428,107.0,20.484370470047
2026-03-03 06:49:53,PSO_LSTM_kswin,nonlinear_gradual_drift_18,,0.0189266103712876,0.000614312021787,0.0247853186743082,5,147.443745136261,29.4887490272522,2,"['promoted', 'promoted', 'held', 'held', 'held']",2,3,v0,5,1,4,2,0.2,0.3333333333333333,0.25,183.0,172.40168476104736
2026-03-03 06:51:46,LSTM_kswin,nonlinear_gradual_drift_18,,0.0203494555156132,0.0006460231672944,0.0254169858026965,11,1.577023983001709,0.143365816636519,11,"['promoted', 'promoted', 'promoted', 'promoted', 'promoted', 'promoted', 'promoted', 'promoted', 'promoted', 'promoted', 'promoted']",11,0,v11,11,3,8,0,0.2727272727272727,1.0,0.4285714285714285,-13.666666666666666,21.725472688674927
2026-03-03 07:01:09,PSO_LSTM_kswin,nonlinear_gradual_drift_19,,0.017889368399034,0.0005024909620438,0.0224163101790612,8,143.64030027389526,17.955037534236908,5,"['held', 'held', 'promoted', 'promoted', 'promoted', 'held', 'promoted', 'promoted']",5,3,v5,8,2,6,1,0.25,0.6666666666666666,0.3636363636363636,4.0,169.19174766540527
2026-03-03 07:03:04,LSTM_kswin,nonlinear_gradual_drift_19,,0.0182180820067624,0.0005222780216232,0.0228534028456,11,1.562652587890625,0.142059326171875,7,"['promoted', 'promoted', 'promoted', 'held', 'promoted', 'promoted', 'held', 'promoted', 'held', 'promoted', 'held']",7,4,v10,11,2,9,1,0.1818181818181818,0.6666666666666666,0.2857142857142857,-95.0,21.145708322525024
2026-03-03 07:12:38,PSO_LSTM_kswin,nonlinear_gradual_drift_20,,0.0183217301038985,0.0005398488339763,0.0232346472746283,6,164.22970414161682,27.37161735693613,3,"['held', 'held', 'promoted', 'promoted', 'promoted', 'held']",3,3,v3,6,1,5,2,0.1666666666666666,0.3333333333333333,0.2222222222222222,160.0,190.9681041240692
2026-03-03 07:13:24,LSTM_kswin,nonlinear_gradual_drift_20,,0.0185402107131645,0.0005442951108181,0.0233301331075952,9,1.288646936416626,0.1431829929351806,6,"['promoted', 'held', 'promoted', 'promoted', 'promoted', 'promoted', 'promoted', 'held', 'held']",6,3,v7,9,2,7,1,0.2222222222222222,0.6666666666666666,0.3333333333333333,44.5,23.517836809158325
2026-03-03 07:22:26,PSO_LSTM_kswin,nonlinear_gradual_drift_21,,0.0171824278633645,0.0004685116885655,0.0216451308281007,6,135.44010472297668,22.57335078716278,0,"['held', 'held', 'held', 'held', 'held', 'held']",0,6,v0,6,0,6,3,0.0,0.0,0.0,,159.4451026916504
2026-03-03 07:23:26,LSTM_kswin,nonlinear_gradual_drift_21,,0.0189725103398288,0.0005730116329697,0.0239376613930801,10,1.3729078769683838,0.1372907876968384,8,"['promoted', 'promoted', 'promoted', 'held', 'promoted', 'held', 'promoted', 'promoted', 'promoted', 'promoted']",8,2,v10,10,2,8,1,0.2,0.6666666666666666,0.3076923076923076,42.0,22.208489418029785
2026-03-03 07:31:00,PSO_LSTM_kswin,nonlinear_gradual_drift_22,,0.0176978210717178,0.0004950507555888,0.0222497360790821,3,50.162723779678345,16.72090792655945,0,"['held', 'held', 'held']",0,3,v0,3,1,2,2,0.3333333333333333,0.3333333333333333,0.3333333333333333,244.0,73.74925756454468
2026-03-03 07:32:50,LSTM_kswin,nonlinear_gradual_drift_22,,0.0188730883434806,0.0005573414801592,0.0236080808232962,9,1.4434475898742676,0.1603830655415853,6,"['promoted', 'promoted', 'held', 'promoted', 'promoted', 'held', 'promoted', 'held', 'promoted']",6,3,v9,9,0,9,3,0.0,0.0,0.0,,21.953543424606323
2026-03-03 07:39:29,PSO_LSTM_kswin,nonlinear_gradual_drift_23,,0.0180626856018216,0.0005131170939617,0.022652088070678,2,7.145177125930786,3.572588562965393,1,"['promoted', 'held']",1,1,v1,2,1,1,2,0.5,0.3333333333333333,0.4,59.0,27.42472743988037
2026-03-03 07:41:09,LSTM_kswin,nonlinear_gradual_drift_23,,0.0205275505023545,0.0006833030925173,0.0261400668039955,14,1.7116496562957764,0.1222606897354126,13,"['held', 'promoted', 'promoted', 'promoted', 'promoted', 'promoted', 'promoted', 'promoted', 'promoted', 'promoted', 'promoted', 'promoted', 'promoted', 'promoted']",13,1,v14,14,3,11,0,0.2142857142857142,1.0,0.3529411764705882,41.333333333333336,20.89955711364746
2026-03-03 07:49:06,PSO_LSTM_kswin,nonlinear_gradual_drift_24,,0.0198216982963237,0.0006450864070106,0.025398551277792,8,79.93165159225464,9.99145644903183,6,"['promoted', 'promoted', 'promoted', 'promoted', 'promoted', 'held', 'promoted', 'held']",6,2,v0,8,2,6,1,0.25,0.6666666666666666,0.3636363636363636,75.5,105.73984050750732
2026-03-03 07:50:17,LSTM_kswin,nonlinear_gradual_drift_24,,0.0202525333911516,0.000653819127066,0.0255698871148467,8,1.135185956954956,0.1418982446193695,7,"['promoted', 'promoted', 'promoted', 'promoted', 'promoted', 'promoted', 'held', 'promoted']",7,1,v8,8,3,5,0,0.375,1.0,0.5454545454545454,-47.333333333333336,21.38953328132629
2026-03-03 07:59:32,PSO_LSTM_kswin,nonlinear_gradual_drift_25,,0.0203619894178698,0.0007797947379468,0.0279248050655113,11,137.71392130851746,12.519447391683403,6,"['held', 'promoted', 'promoted', 'held', 'held', 'held', 'held', 'promoted', 'promoted', 'promoted', 'promoted']",6,5,v0,11,3,8,0,0.2727272727272727,1.0,0.4285714285714285,102.33333333333331,161.74501419067383
2026-03-03 08:00:57,LSTM_kswin,nonlinear_gradual_drift_25,,0.0180853868433769,0.0005134699761824,0.0226598759083636,9,1.0940871238708496,0.1215652359856499,6,"['held', 'promoted', 'held', 'promoted', 'held', 'promoted', 'promoted', 'promoted', 'promoted']",6,3,v7,9,2,7,1,0.2222222222222222,0.6666666666666666,0.3333333333333333,-80.5,21.28137588500977
2026-03-03 08:10:18,PSO_LSTM_kswin,nonlinear_gradual_drift_26,,0.0185703163759281,0.0005619581529282,0.0237056565597389,7,106.97085428237916,15.28155061176845,3,"['promoted', 'promoted', 'promoted', 'held', 'held', 'held', 'held']",3,4,v0,7,2,5,1,0.2857142857142857,0.6666666666666666,0.4,-62.0,126.5056402683258
2026-03-03 08:11:18,LSTM_kswin,nonlinear_gradual_drift_26,,0.0193405676295372,0.00059508926057,0.0243944514299887,14,1.960169076919556,0.1400120769228254,9,"['held', 'held', 'promoted', 'promoted', 'held', 'promoted', 'promoted', 'promoted', 'held', 'promoted', 'held', 'promoted', 'promoted', 'promoted']",9,5,v14,14,3,11,0,0.2142857142857142,1.0,0.3529411764705882,-63.333333333333336,20.79503893852234
2026-03-03 08:20:19,PSO_LSTM_kswin,nonlinear_gradual_drift_27,,0.0182833402896255,0.0005328455373392,0.0230834472585721,9,121.2084412574768,13.46760458416409,2,"['promoted', 'promoted', 'held', 'held', 'held', 'held', 'held', 'held', 'held']",2,7,v0,9,2,7,1,0.2222222222222222,0.6666666666666666,0.3333333333333333,85.0,148.0680902004242
2026-03-03 08:22:01,LSTM_kswin,nonlinear_gradual_drift_27,,0.0192255968058661,0.000594143883806,0.0243750668472115,7,0.8634486198425293,0.123349802834647,5,"['held', 'promoted', 'promoted', 'held', 'promoted', 'promoted', 'promoted']",5,2,v5,7,3,4,0,0.4285714285714285,1.0,0.6,-24.33333333333333,22.467352390289307
2026-03-03 08:31:41,PSO_LSTM_kswin,nonlinear_gradual_drift_28,,0.0175003274254267,0.0004834450504597,0.0219873838930368,6,157.54305124282837,26.25717520713806,0,"['held', 'held', 'held', 'held', 'held', 'held']",0,6,v0,6,1,5,2,0.1666666666666666,0.3333333333333333,0.2222222222222222,220.0,185.1771810054779
2026-03-03 08:32:40,LSTM_kswin,nonlinear_gradual_drift_28,,0.017902332836009,0.0005075684366875,0.0225292795421327,8,1.1053547859191897,0.1381693482398986,6,"['promoted', 'promoted', 'promoted', 'held', 'held', 'promoted', 'promoted', 'promoted']",6,2,v8,8,1,7,2,0.125,0.3333333333333333,0.1818181818181818,-135.0,21.803870916366577
2026-03-03 08:42:55,PSO_LSTM_kswin,nonlinear_gradual_drift_29,,0.0207238732429857,0.0007396309611608,0.0271961571028116,10,187.87453818321228,18.78745381832123,4,"['held', 'held', 'held', 'promoted', 'promoted', 'held', 'held', 'held', 'promoted', 'promoted']",4,6,v3,10,2,8,1,0.2,0.6666666666666666,0.3076923076923076,42.5,214.53397822380063
2026-03-03 08:44:36,LSTM_kswin,nonlinear_gradual_drift_29,,0.0188166005648122,0.0005545769007556,0.0235494564853548,11,1.3700520992279053,0.1245501908389004,5,"['held', 'held', 'held', 'promoted', 'held', 'promoted', 'held', 'promoted', 'promoted', 'promoted', 'held']",5,6,v10,11,2,9,1,0.1818181818181818,0.6666666666666666,0.2857142857142857,78.0,21.875088453292847
2026-03-03 08:53:55,PSO_LSTM_kswin,nonlinear_gradual_drift_30,,0.0197548614368271,0.0006746671699963,0.0259743560073462,7,117.20111155509947,16.743015936442784,6,"['promoted', 'promoted', 'promoted', 'promoted', 'held', 'promoted', 'promoted']",6,1,v0,7,1,6,2,0.1428571428571428,0.3333333333333333,0.2,-32.0,144.39090371131897
2026-03-03 08:55:37,LSTM_kswin,nonlinear_gradual_drift_30,,0.0194362780705859,0.0005948812521386,0.0243901876199965,11,1.3208072185516355,0.1200733835046941,9,"['promoted', 'held', 'promoted', 'promoted', 'promoted', 'promoted', 'promoted', 'promoted', 'held', 'promoted', 'promoted']",9,2,v11,11,2,9,1,0.1818181818181818,0.6666666666666666,0.2857142857142857,41.5,20.847710609436035
2026-03-03 09:05:38,PSO_LSTM_kswin,nonlinear_abrupt_drift_1,,0.047421006352791,0.0048370643134395,0.0695490065596884,16,171.21347403526306,10.70084212720394,7,"['held', 'held', 'held', 'held', 'held', 'held', 'held', 'held', 'promoted', 'promoted', 'promoted', 'held', 'promoted', 'promoted', 'promoted', 'promoted']",7,9,v14,16,3,13,0,0.1875,1.0,0.3157894736842105,-80.33333333333333,196.0179092884064
2026-03-03 09:06:25,LSTM_kswin,nonlinear_abrupt_drift_1,,0.0310353151290377,0.0016377434191409,0.0404690427257797,16,2.1451125144958496,0.1340695321559906,15,"['promoted', 'promoted', 'promoted', 'promoted', 'promoted', 'promoted', 'promoted', 'promoted', 'promoted', 'promoted', 'promoted', 'promoted', 'held', 'promoted', 'promoted', 'promoted']",15,1,v16,16,3,13,0,0.1875,1.0,0.3157894736842105,91.33333333333331,19.595391511917114
2026-03-03 09:13:45,PSO_LSTM_kswin,nonlinear_abrupt_drift_2,,0.0328204877607216,0.0021799485667284,0.046689919326643,9,30.03138780593872,3.3368208673265247,0,"['held', 'held', 'held', 'held', 'held', 'held', 'held', 'held', 'held']",0,9,v0,9,3,6,0,0.3333333333333333,1.0,0.5,-67.0,56.719462633132935
2026-03-03 09:14:50,LSTM_kswin,nonlinear_abrupt_drift_2,,0.0235806750755584,0.0008747618141887,0.0295763725664385,13,1.938269853591919,0.1490976810455322,11,"['held', 'promoted', 'held', 'promoted', 'promoted', 'promoted', 'promoted', 'promoted', 'promoted', 'promoted', 'promoted', 'promoted', 'promoted']",11,2,v9,13,3,10,0,0.2307692307692307,1.0,0.375,98.66666666666669,23.54519104957581
2026-03-03 09:20:30,PSO_LSTM_kswin,nonlinear_abrupt_drift_3,,0.035667752352107,0.0024944604813497,0.0499445740931856,15,88.3023989200592,5.886826594670613,1,"['held', 'held', 'held', 'held', 'held', 'held', 'held', 'held', 'held', 'held', 'held', 'held', 'held', 'held', 'promoted']",1,14,v15,15,3,12,0,0.2,1.0,0.3333333333333333,-34.666666666666664,114.3880660533905
2026-03-03 09:21:33,LSTM_kswin,nonlinear_abrupt_drift_3,,0.0844251445098573,0.0116221270049754,0.1078059692455637,21,2.6051506996154785,0.1240547952197846,17,"['promoted', 'promoted', 'promoted', 'promoted', 'promoted', 'promoted', 'held', 'promoted', 'promoted', 'held', 'promoted', 'held', 'promoted', 'held', 'promoted', 'promoted', 'promoted', 'promoted', 'promoted', 'promoted', 'promoted']",17,4,v21,21,3,18,0,0.1428571428571428,1.0,0.25,-27.0,19.421172857284542
2026-03-03 09:29:58,PSO_LSTM_kswin,nonlinear_abrupt_drift_4,,0.037873462179098,0.0032623810568581,0.0571172570845111,12,105.32662725448608,8.77721893787384,5,"['held', 'held', 'held', 'held', 'held', 'promoted', 'promoted', 'held', 'held', 'promoted', 'promoted', 'promoted']",5,7,v12,12,3,9,0,0.25,1.0,0.4,-80.0,130.94707775115967
2026-03-03 09:31:11,LSTM_kswin,nonlinear_abrupt_drift_4,,0.0370453675003911,0.00242673789551,0.049261931504053,15,1.9415311813354488,0.1294354120890299,13,"['promoted', 'promoted', 'promoted', 'promoted', 'promoted', 'promoted', 'promoted', 'promoted', 'held', 'promoted', 'promoted', 'promoted', 'held', 'promoted', 'promoted']",13,2,v15,15,3,12,0,0.2,1.0,0.3333333333333333,-54.333333333333336,20.15066719055176
2026-03-03 09:40:21,PSO_LSTM_kswin,nonlinear_abrupt_drift_5,,0.0531627256249008,0.0187920389227119,0.137084057872212,15,228.8848466873169,15.25898977915446,9,"['held', 'promoted', 'promoted', 'held', 'held', 'promoted', 'promoted', 'promoted', 'promoted', 'promoted', 'promoted', 'held', 'held', 'promoted', 'held']",9,6,v14,15,3,12,0,0.2,1.0,0.3333333333333333,-6.333333333333333,254.202831029892
2026-03-03 09:42:13,LSTM_kswin,nonlinear_abrupt_drift_5,,0.1006249271709197,0.0217949831419119,0.1476312403995575,21,3.010190963745117,0.1433424268450056,19,"['promoted', 'promoted', 'promoted', 'promoted', 'promoted', 'promoted', 'promoted', 'held', 'promoted', 'promoted', 'promoted', 'promoted', 'promoted', 'promoted', 'promoted', 'held', 'promoted', 'promoted', 'promoted', 'promoted', 'promoted']",19,2,v21,21,3,18,0,0.1428571428571428,1.0,0.25,74.0,22.088086128234863
2026-03-03 09:49:35,PSO_LSTM_kswin,nonlinear_abrupt_drift_6,,0.0346378543681286,0.0024068410140818,0.0490595659793467,14,161.31649041175842,11.522606457982745,4,"['promoted', 'promoted', 'held', 'held', 'held', 'promoted', 'held', 'promoted', 'held', 'held', 'held', 'held', 'held', 'held']",4,10,v0,14,3,11,0,0.2142857142857142,1.0,0.3529411764705882,-22.666666666666668,186.13509798049927
2026-03-03 09:51:05,LSTM_kswin,nonlinear_abrupt_drift_6,,0.0886691382681473,0.0154837877843246,0.124433869120608,21,2.942233800888061,0.14010637147086,18,"['promoted', 'promoted', 'promoted', 'promoted', 'promoted', 'promoted', 'promoted', 'held', 'held', 'promoted', 'promoted', 'promoted', 'promoted', 'promoted', 'promoted', 'held', 'promoted', 'promoted', 'promoted', 'promoted', 'promoted']",18,3,v18,21,3,18,0,0.1428571428571428,1.0,0.25,119.33333333333331,20.84700584411621
2026-03-03 09:59:02,PSO_LSTM_kswin,nonlinear_abrupt_drift_7,,0.0330783754800825,0.0020889411750193,0.0457049360027923,11,80.20500016212463,7.291363651102239,4,"['held', 'held', 'held', 'held', 'held', 'promoted', 'promoted', 'held', 'held', 'promoted', 'promoted']",4,7,v11,11,2,9,1,0.1818181818181818,0.6666666666666666,0.2857142857142857,-79.5,106.42712664604188
2026-03-03 09:59:50,LSTM_kswin,nonlinear_abrupt_drift_7,,0.0267323323380216,0.0011166946724897,0.0334169817980285,14,1.973817586898804,0.1409869704927717,12,"['promoted', 'promoted', 'promoted', 'promoted', 'promoted', 'promoted', 'promoted', 'promoted', 'promoted', 'promoted', 'promoted', 'held', 'promoted', 'held']",12,2,v13,14,3,11,0,0.2142857142857142,1.0,0.3529411764705882,17.666666666666668,21.25750422477722
2026-03-03 10:06:38,PSO_LSTM_kswin,nonlinear_abrupt_drift_8,,0.0349421202910856,0.0024443880754072,0.049440753184061,12,125.37824726104736,10.448187271753946,0,"['held', 'held', 'held', 'held', 'held', 'held', 'held', 'held', 'held', 'held', 'held', 'held']",0,12,v0,12,3,9,0,0.25,1.0,0.4,-130.66666666666666,150.2142550945282
2026-03-03 10:08:09,LSTM_kswin,nonlinear_abrupt_drift_8,,0.0797868400152096,0.0108840910773543,0.1043268473469525,20,2.7742085456848145,0.1387104272842407,16,"['promoted', 'promoted', 'held', 'promoted', 'promoted', 'promoted', 'promoted', 'held', 'promoted', 'held', 'held', 'promoted', 'promoted', 'promoted', 'promoted', 'promoted', 'promoted', 'promoted', 'promoted', 'promoted']",16,4,v20,20,3,17,0,0.15,1.0,0.2608695652173913,-48.333333333333336,20.247397661209103
2026-03-03 10:16:13,PSO_LSTM_kswin,nonlinear_abrupt_drift_9,,0.0302613203556576,0.0017093194329788,0.0413439165171712,11,85.93799638748169,7.812545126134699,2,"['promoted', 'held', 'promoted', 'held', 'held', 'held', 'held', 'held', 'held', 'held', 'held']",2,9,v0,11,2,9,1,0.1818181818181818,0.6666666666666666,0.2857142857142857,-33.5,112.47093462944032
2026-03-03 10:17:01,LSTM_kswin,nonlinear_abrupt_drift_9,,0.0286216176181621,0.0012828991579254,0.0358175816872866,16,2.044893980026245,0.1278058737516403,14,"['promoted', 'promoted', 'promoted', 'promoted', 'promoted', 'promoted', 'promoted', 'held', 'promoted', 'promoted', 'promoted', 'promoted', 'promoted', 'held', 'promoted', 'promoted']",14,2,v16,16,3,13,0,0.1875,1.0,0.3157894736842105,-88.66666666666667,20.065598249435425
2026-03-03 10:23:31,PSO_LSTM_kswin,nonlinear_abrupt_drift_10,,0.0393947874501291,0.0029206472103217,0.0540430125948001,15,151.06688356399536,10.071125570933024,6,"['held', 'held', 'held', 'held', 'held', 'held', 'held', 'promoted', 'promoted', 'held', 'promoted', 'held', 'promoted', 'promoted', 'promoted']",6,9,v15,15,3,12,0,0.2,1.0,0.3333333333333333,22.666666666666668,178.04721784591675
2026-03-03 10:24:47,LSTM_kswin,nonlinear_abrupt_drift_10,,0.0930200466405465,0.015326895895529,0.1238018412445025,20,2.5416948795318604,0.127084743976593,18,"['promoted', 'promoted', 'promoted', 'promoted', 'promoted', 'promoted', 'promoted', 'held', 'promoted', 'promoted', 'promoted', 'held', 'promoted', 'promoted', 'promoted', 'promoted', 'promoted', 'promoted', 'promoted', 'promoted']",18,2,v20,20,3,17,0,0.15,1.0,0.2608695652173913,34.666666666666664,19.02472805976868
2026-03-03 10:33:11,PSO_LSTM_kswin,nonlinear_abrupt_drift_11,,0.0694249371791214,0.006419455099697,0.0801215021058459,18,98.07931542396544,5.44885085688697,4,"['promoted', 'promoted', 'held', 'held', 'held', 'held', 'held', 'held', 'promoted', 'promoted', 'held', 'held', 'held', 'held', 'held', 'held', 'held', 'held']",4,14,v2,18,3,15,0,0.1666666666666666,1.0,0.2857142857142857,28.0,123.31868958473206
2026-03-03 10:34:59,LSTM_kswin,nonlinear_abrupt_drift_11,,0.0310373946943032,0.0015503644100477,0.0393746671103103,16,2.1558215618133545,0.1347388476133346,14,"['promoted', 'promoted', 'promoted', 'held', 'promoted', 'promoted', 'promoted', 'promoted', 'promoted', 'promoted', 'held', 'promoted', 'promoted', 'promoted', 'promoted', 'promoted']",14,2,v16,16,3,13,0,0.1875,1.0,0.3157894736842105,59.333333333333336,21.324787855148315
2026-03-03 10:41:56,PSO_LSTM_kswin,nonlinear_abrupt_drift_12,,0.0353153179337593,0.0024880288766996,0.0498801451150618,16,131.88237285614014,8.242648303508759,2,"['held', 'held', 'held', 'held', 'held', 'promoted', 'held', 'held', 'promoted', 'held', 'held', 'held', 'held', 'held', 'held', 'held']",2,14,v0,16,3,13,0,0.1875,1.0,0.3157894736842105,7.333333333333333,156.08905935287476
2026-03-03 10:42:46,LSTM_kswin,nonlinear_abrupt_drift_12,,0.0992143580737191,0.0219973939515724,0.1483151844942803,20,2.56937575340271,0.1284687876701355,14,"['promoted', 'promoted', 'held', 'promoted', 'promoted', 'promoted', 'promoted', 'promoted', 'held', 'promoted', 'promoted', 'promoted', 'held', 'promoted', 'promoted', 'promoted', 'held', 'held', 'held', 'promoted']",14,6,v20,20,3,17,0,0.15,1.0,0.2608695652173913,-47.0,21.33730411529541
2026-03-03 10:48:41,PSO_LSTM_kswin,nonlinear_abrupt_drift_13,,0.0499673023501087,0.004621679162337,0.06798293287537,19,104.99163126945496,5.5258753299713135,8,"['promoted', 'held', 'held', 'held', 'held', 'held', 'promoted', 'held', 'held', 'held', 'held', 'promoted', 'promoted', 'promoted', 'promoted', 'held', 'promoted', 'held', 'promoted']",8,11,v12,19,3,16,0,0.1578947368421052,1.0,0.2727272727272727,51.0,130.77540397644043
2026-03-03 10:49:29,LSTM_kswin,nonlinear_abrupt_drift_13,,0.0879413247773286,0.0132491001536287,0.1151047355829843,20,2.3812620639801025,0.1190631031990051,18,"['promoted', 'promoted', 'promoted', 'promoted', 'promoted', 'promoted', 'promoted', 'promoted', 'promoted', 'promoted', 'promoted', 'held', 'promoted', 'promoted', 'promoted', 'promoted', 'held', 'promoted', 'promoted', 'promoted']",18,2,v20,20,3,17,0,0.15,1.0,0.2608695652173913,-76.33333333333333,19.80076479911804
2026-03-03 10:58:33,PSO_LSTM_kswin,nonlinear_abrupt_drift_14,,0.0329651822824502,0.0020604366525333,0.0453920329191515,16,125.08304333686829,7.817690208554268,5,"['promoted', 'held', 'held', 'held', 'held', 'promoted', 'held', 'promoted', 'promoted', 'promoted', 'held', 'held', 'held', 'held', 'held', 'held']",5,11,v8,16,2,14,1,0.125,0.6666666666666666,0.2105263157894736,17.5,151.91518878936768
2026-03-03 10:59:22,LSTM_kswin,nonlinear_abrupt_drift_14,,0.028289671570458,0.0013038222065989,0.0361084783201807,14,1.8678317070007324,0.1334165505000523,12,"['promoted', 'promoted', 'promoted', 'promoted', 'held', 'promoted', 'promoted', 'promoted', 'promoted', 'promoted', 'promoted', 'held', 'promoted', 'promoted']",12,2,v11,14,3,11,0,0.2142857142857142,1.0,0.3529411764705882,61.66666666666666,20.38813042640686
2026-03-03 11:10:20,PSO_LSTM_kswin,nonlinear_abrupt_drift_15,,0.0394442280328915,0.0032924386927723,0.0573797759909568,14,198.240168094635,14.160012006759644,4,"['held', 'held', 'held', 'held', 'held', 'held', 'promoted', 'promoted', 'promoted', 'promoted', 'held', 'held', 'held', 'held']",4,10,v0,14,3,11,0,0.2142857142857142,1.0,0.3529411764705882,-40.66666666666666,224.13957953453064
2026-03-03 11:11:22,LSTM_kswin,nonlinear_abrupt_drift_15,,0.0285905387301021,0.0012962629834652,0.0360036523628541,15,2.108638048171997,0.1405758698781331,11,"['promoted', 'promoted', 'held', 'promoted', 'promoted', 'held', 'promoted', 'promoted', 'held', 'promoted', 'promoted', 'promoted', 'promoted', 'promoted', 'held']",11,4,v14,15,3,12,0,0.2,1.0,0.3333333333333333,-42.333333333333336,22.087806224823
2026-03-03 11:18:56,PSO_LSTM_kswin,nonlinear_abrupt_drift_16,,0.0350677651196457,0.0023462017481178,0.0484376067546473,15,208.63370370864868,13.90891358057658,0,"['held', 'held', 'held', 'held', 'held', 'held', 'held', 'held', 'held', 'held', 'held', 'held', 'held', 'held', 'held']",0,15,v0,15,3,12,0,0.2,1.0,0.3333333333333333,-14.333333333333334,234.0123963356018
2026-03-03 11:19:59,LSTM_kswin,nonlinear_abrupt_drift_16,,0.0738025699583848,0.0098961897121919,0.0994795944512842,21,2.9691812992095947,0.1413895856766473,16,"['promoted', 'promoted', 'promoted', 'held', 'promoted', 'promoted', 'held', 'promoted', 'promoted', 'promoted', 'promoted', 'promoted', 'promoted', 'promoted', 'promoted', 'promoted', 'held', 'held', 'promoted', 'held', 'promoted']",16,5,v21,21,3,18,0,0.1428571428571428,1.0,0.25,101.66666666666669,20.29889869689941
2026-03-03 11:25:16,PSO_LSTM_kswin,nonlinear_abrupt_drift_17,,0.0423890470877756,0.0034161948424109,0.0584482236035533,16,145.56121516227722,9.097575947642326,5,"['promoted', 'held', 'held', 'held', 'held', 'held', 'held', 'held', 'held', 'held', 'held', 'promoted', 'promoted', 'promoted', 'promoted']",5,10,v1,16,2,14,1,0.125,0.6666666666666666,0.2105263157894736,41.0,172.99084663391113
2026-03-03 11:26:33,LSTM_kswin,nonlinear_abrupt_drift_17,,0.060748091186749,0.0066569875127262,0.0815903640923743,19,2.489537239074707,0.131028275740774,17,"['promoted', 'promoted', 'promoted', 'promoted', 'held', 'promoted', 'promoted', 'promoted', 'promoted', 'promoted', 'promoted', 'promoted', 'promoted', 'promoted', 'promoted', 'promoted', 'held', 'promoted', 'promoted']",17,2,v19,19,3,16,0,0.1578947368421052,1.0,0.2727272727272727,-80.33333333333333,20.195459842681885
2026-03-03 11:36:06,PSO_LSTM_kswin,nonlinear_abrupt_drift_18,,0.036648550813577,0.0026876327995184,0.0518423841997885,15,168.87771010398865,11.258514006932575,9,"['promoted', 'promoted', 'held', 'held', 'held', 'promoted', 'promoted', 'promoted', 'promoted', 'held', 'promoted', 'promoted', 'held', 'held', 'promoted']",9,6,v15,15,3,12,0,0.2,1.0,0.3333333333333333,5.333333333333333,194.8181586265564
2026-03-03 11:38:17,LSTM_kswin,nonlinear_abrupt_drift_18,,0.0358460223662539,0.0023027475307954,0.0479869516722565,16,2.127906322479248,0.132994145154953,16,"['promoted', 'promoted', 'promoted', 'promoted', 'promoted', 'promoted', 'promoted', 'promoted', 'promoted', 'promoted', 'promoted', 'promoted', 'promoted', 'promoted', 'promoted', 'promoted']",16,0,v16,16,3,13,0,0.1875,1.0,0.3157894736842105,-64.0,20.027604579925537
2026-03-03 11:44:48,PSO_LSTM_kswin,nonlinear_abrupt_drift_19,,0.0763783605756688,0.0114074715919003,0.1068057657240485,21,136.32805132865906,6.491811968031383,2,"['held', 'held', 'promoted', 'promoted', 'held', 'held', 'held', 'held', 'held', 'held', 'held', 'held', 'held', 'held', 'held', 'held', 'held', 'held', 'held', 'held', 'held']",2,19,v4,21,3,18,0,0.1428571428571428,1.0,0.25,15.333333333333334,161.10042595863342
2026-03-03 11:45:38,LSTM_kswin,nonlinear_abrupt_drift_19,,0.1391430577500927,0.0937611308937913,0.3062043939818488,20,2.8745322227478027,0.1437266111373901,15,"['promoted', 'promoted', 'promoted', 'promoted', 'promoted', 'promoted', 'held', 'promoted', 'held', 'promoted', 'promoted', 'promoted', 'held', 'promoted', 'promoted', 'promoted', 'promoted', 'held', 'promoted']",15,4,v18,20,3,17,0,0.15,1.0,0.2608695652173913,85.33333333333333,21.660143852233887
2026-03-03 11:55:06,PSO_LSTM_kswin,nonlinear_abrupt_drift_20,,0.0400067678726361,0.0030858163916188,0.0555501250369328,16,155.59840440750122,9.724900275468826,8,"['held', 'held', 'held', 'held', 'held', 'promoted', 'promoted', 'promoted', 'promoted', 'held', 'promoted', 'held', 'held', 'promoted', 'promoted', 'promoted']",8,8,v16,16,3,13,0,0.1875,1.0,0.3157894736842105,23.33333333333333,182.3805446624756
2026-03-03 11:55:54,LSTM_kswin,nonlinear_abrupt_drift_20,,0.0407341424756115,0.0025987370093859,0.0509778089896568,13,1.7803938388824463,0.1369533722217266,11,"['promoted', 'held', 'promoted', 'promoted', 'promoted', 'promoted', 'promoted', 'promoted', 'promoted', 'promoted', 'promoted', 'promoted', 'promoted']",12,1,v13,13,3,10,0,0.2307692307692307,1.0,0.375,60.333333333333336,21.21968150138855
2026-03-03 12:05:14,PSO_LSTM_kswin,nonlinear_abrupt_drift_21,,0.03556286924506,0.0024119385483739,0.0491114910013327,13,134.70108485221863,10.361621911709124,5,"['held', 'held', 'held', 'held', 'held', 'held', 'held', 'held', 'promoted', 'promoted', 'promoted', 'promoted', 'promoted']",5,8,v0,13,3,10,0,0.2307692307692307,1.0,0.375,34.0,161.77644896507263
2026-03-03 12:06:29,LSTM_kswin,nonlinear_abrupt_drift_21,,0.0302741116197595,0.00162368471404,0.0402949713244723,16,1.860806941986084,0.1163004338741302,14,"['promoted', 'promoted', 'promoted', 'promoted', 'promoted', 'promoted', 'promoted', 'promoted', 'promoted', 'held', 'promoted', 'held', 'promoted', 'promoted', 'promoted', 'promoted']",14,2,v13,16,2,14,1,0.125,0.6666666666666666,0.2105263157894736,65.0,19.77703619003296
2026-03-03 12:12:41,PSO_LSTM_kswin,nonlinear_abrupt_drift_22,,0.0344335219401143,0.0023155782480415,0.0481204556092476,14,111.4132435321808,7.958088823727199,5,"['held', 'held', 'held', 'promoted', 'held', 'promoted', 'promoted', 'held', 'held', 'held', 'held', 'promoted', 'held', 'promoted']",5,9,v13,14,3,11,0,0.2142857142857142,1.0,0.3529411764705882,18.0,139.10304498672485
2026-03-03 12:13:59,LSTM_kswin,nonlinear_abrupt_drift_22,,0.0830122121389875,0.0162414239633147,0.1274418454170952,20,2.709730625152588,0.1354865312576293,20,"['promoted', 'promoted', 'promoted', 'promoted', 'promoted', 'promoted', 'promoted', 'promoted', 'promoted', 'promoted', 'promoted', 'promoted', 'promoted', 'promoted', 'promoted', 'promoted', 'promoted', 'promoted', 'promoted', 'promoted']",20,0,v12,20,3,17,0,0.15,1.0,0.2608695652173913,11.666666666666666,23.14156198501587
2026-03-03 12:24:08,PSO_LSTM_kswin,nonlinear_abrupt_drift_23,,0.0463827935564055,0.0042018644366137,0.0648217898288355,17,181.52558970451355,10.677975864971383,5,"['held', 'held', 'held', 'held', 'held', 'held', 'held', 'held', 'promoted', 'promoted', 'promoted', 'held', 'held', 'held', 'promoted', 'promoted']",5,11,v16,17,3,14,0,0.1764705882352941,1.0,0.3,17.333333333333332,206.61110734939567
2026-03-03 12:25:56,LSTM_kswin,nonlinear_abrupt_drift_23,,0.0312013955443314,0.0018940502080636,0.0435206871276602,13,2.1466739177703857,0.1651287629054142,12,"['promoted', 'promoted', 'promoted', 'promoted', 'promoted', 'promoted', 'promoted', 'held', 'promoted', 'promoted', 'promoted', 'promoted', 'promoted']",12,1,v13,13,3,10,0,0.2307692307692307,1.0,0.375,32.666666666666664,26.1492886543274
2026-03-03 12:31:51,PSO_LSTM_kswin,nonlinear_abrupt_drift_24,,0.0751232648383989,0.0181615029277703,0.1347646204601575,15,78.84467077255249,5.256311384836833,2,"['held', 'promoted', 'held', 'held', 'held', 'held', 'promoted', 'held', 'held', 'held', 'held', 'held', 'held', 'held', 'held']",2,13,v7,15,3,12,0,0.2,1.0,0.3333333333333333,-52.66666666666666,107.69628095626832
2026-03-03 12:32:52,LSTM_kswin,nonlinear_abrupt_drift_24,,0.1171622326683696,0.0625943969839823,0.2501887227354229,17,2.418273687362671,0.1422513933742747,14,"['held', 'promoted', 'promoted', 'held', 'promoted', 'promoted', 'promoted', 'promoted', 'promoted', 'promoted', 'held', 'promoted', 'promoted', 'promoted', 'promoted', 'promoted', 'promoted']",14,3,v16,17,3,14,0,0.1764705882352941,1.0,0.3,-67.33333333333333,19.773112297058105
2026-03-03 12:38:40,PSO_LSTM_kswin,nonlinear_abrupt_drift_25,,0.0382730165776979,0.0031222040926381,0.055876686485852,13,96.25834918022156,7.404488398478581,0,"['held', 'held', 'held', 'held', 'held', 'held', 'held', 'held', 'held', 'held', 'held', 'held', 'held']",0,13,v0,13,3,10,0,0.2307692307692307,1.0,0.375,66.66666666666667,121.47039127349854
2026-03-03 12:39:44,LSTM_kswin,nonlinear_abrupt_drift_25,,0.0849688378886078,0.0129447222291842,0.1137748752105853,21,2.856880187988281,0.1360419137137276,19,"['promoted', 'promoted', 'promoted', 'promoted', 'promoted', 'promoted', 'promoted', 'held', 'promoted', 'held', 'promoted', 'promoted', 'promoted', 'promoted', 'promoted', 'promoted', 'promoted', 'promoted', 'promoted', 'promoted', 'promoted']",19,2,v19,21,3,18,0,0.1428571428571428,1.0,0.25,27.0,19.73248314857483
2026-03-03 12:49:17,PSO_LSTM_kswin,nonlinear_abrupt_drift_26,,0.031022614255954,0.0018058259988296,0.0424950114581663,12,136.2987926006317,11.358232716719307,6,"['promoted', 'held', 'promoted', 'held', 'held', 'held', 'promoted', 'held', 'promoted', 'held', 'promoted', 'promoted']",6,6,v0,12,3,9,0,0.25,1.0,0.4,40.333333333333336,162.41452646255493
2026-03-03 12:50:53,LSTM_kswin,nonlinear_abrupt_drift_26,,0.0363658768621941,0.0021867517162073,0.0467627171602268,17,2.390747308731079,0.1406321946312399,15,"['promoted', 'promoted', 'promoted', 'promoted', 'promoted', 'promoted', 'promoted', 'promoted', 'promoted', 'promoted', 'held', 'promoted', 'promoted', 'held', 'promoted', 'promoted', 'promoted']",15,2,v15,17,3,14,0,0.1764705882352941,1.0,0.3,9.333333333333334,22.58592748641968
2026-03-03 12:59:49,PSO_LSTM_kswin,nonlinear_abrupt_drift_27,,0.0377262603279646,0.0025801149191574,0.0507948316185557,14,102.44961166381836,7.317829404558454,4,"['held', 'held', 'held', 'held', 'held', 'promoted', 'promoted', 'promoted', 'promoted', 'held', 'held', 'held', 'held', 'held']",4,10,v8,14,3,11,0,0.2142857142857142,1.0,0.3529411764705882,-44.0,130.1853542327881
2026-03-03 13:00:40,LSTM_kswin,nonlinear_abrupt_drift_27,,0.0275735138492978,0.0012700321905923,0.0356375110044506,16,2.345594644546509,0.1465996652841568,15,"['promoted', 'promoted', 'promoted', 'promoted', 'promoted', 'promoted', 'held', 'promoted', 'promoted', 'promoted', 'promoted', 'promoted', 'promoted', 'promoted', 'promoted', 'promoted']",15,1,v16,16,3,13,0,0.1875,1.0,0.3157894736842105,29.33333333333333,20.52872657775879
2026-03-03 13:07:17,PSO_LSTM_kswin,nonlinear_abrupt_drift_28,,0.0358149422211103,0.0024200946350543,0.0491944573611128,15,142.7253429889679,9.515022865931194,2,"['held', 'held', 'held', 'held', 'held', 'held', 'held', 'held', 'held', 'held', 'held', 'held', 'promoted', 'promoted', 'held']",2,13,v0,15,3,12,0,0.2,1.0,0.3333333333333333,137.33333333333334,169.8568651676178
2026-03-03 13:08:22,LSTM_kswin,nonlinear_abrupt_drift_28,,0.0712058464838954,0.0083005166872539,0.0911071714370168,20,2.7415647506713867,0.1370782375335693,18,"['promoted', 'promoted', 'promoted', 'promoted', 'promoted', 'promoted', 'promoted', 'promoted', 'promoted', 'held', 'promoted', 'promoted', 'promoted', 'promoted', 'promoted', 'promoted', 'promoted', 'promoted', 'promoted', 'held']",18,2,v19,20,3,17,0,0.15,1.0,0.2608695652173913,34.333333333333336,20.185792207717896
2026-03-03 13:17:29,PSO_LSTM_kswin,nonlinear_abrupt_drift_29,,0.1104782183787103,0.0223311988284989,0.1494362701237517,19,103.29478931427002,5.43656785864579,3,"['held', 'held', 'held', 'held', 'promoted', 'promoted', 'promoted', 'held', 'held', 'held', 'held', 'held', 'held', 'held', 'held', 'held', 'held', 'held', 'held']",3,16,v7,19,3,16,0,0.1578947368421052,1.0,0.2727272727272727,-60.333333333333336,130.5792727470398
2026-03-03 13:18:52,LSTM_kswin,nonlinear_abrupt_drift_29,,0.0294560147507169,0.0013510141765932,0.0367561447460587,17,2.8063840866088867,0.1650814168593462,11,"['promoted', 'promoted', 'promoted', 'held', 'promoted', 'promoted', 'held', 'promoted', 'promoted', 'held', 'held', 'held', 'promoted', 'held', 'promoted', 'promoted', 'promoted']",11,6,v17,17,3,14,0,0.1764705882352941,1.0,0.3,88.0,25.24422645568848
2026-03-03 13:27:40,PSO_LSTM_kswin,nonlinear_abrupt_drift_30,,0.0769902453621576,0.0090727430408889,0.0952509477164872,20,88.71274638175964,4.435637319087983,1,"['promoted', 'held', 'held', 'held', 'held', 'held', 'held', 'held', 'held', 'held', 'held', 'held', 'held', 'held', 'held', 'held', 'held', 'held', 'held', 'held']",1,19,v1,20,3,17,0,0.15,1.0,0.2608695652173913,11.0,115.2591426372528
2026-03-03 13:28:42,LSTM_kswin,nonlinear_abrupt_drift_30,,0.0286971771001517,0.001331059743819,0.0364836914774134,16,1.7934887409210205,0.1120930463075637,16,"['promoted', 'promoted', 'promoted', 'promoted', 'promoted', 'promoted', 'promoted', 'promoted', 'promoted', 'promoted', 'promoted', 'promoted', 'promoted', 'promoted', 'promoted', 'promoted']",16,0,v16,16,2,14,1,0.125,0.6666666666666666,0.2105263157894736,76.0,20.059436321258545
2026-03-12 16:29:00,PSO_ELM_kswin,linear_gradual_drift_1,,0.038788671340912,0.004075378025291,0.0638386875279484,15,45.27607750892639,3.01840516726176,15,"['promoted', 'promoted', 'promoted', 'promoted', 'promoted', 'promoted', 'promoted', 'promoted', 'promoted', 'promoted', 'promoted', 'promoted', 'promoted', 'promoted', 'promoted']",15,0,v15,15,3,12,0,0.2,1.0,0.3333333333333333,-106.33333333333331,46.632118940353394
2026-03-12 16:29:01,ELM_kswin,linear_gradual_drift_1,,0.0556216487723473,0.0101539604661898,0.1007668619447379,16,0.0063767433166503,0.0003985464572906,11,"['promoted', 'promoted', 'promoted', 'promoted', 'held', 'held', 'held', 'held', 'promoted', 'promoted', 'held', 'promoted', 'promoted', 'promoted', 'promoted', 'promoted']",11,5,v16,16,3,13,0,0.1875,1.0,0.3157894736842105,59.66666666666666,1.2710976600646973
2026-03-12 16:31:10,PSO_ELM_kswin,linear_gradual_drift_2,,0.0296078923536587,0.001831018745361,0.0427904048281977,16,34.18395733833313,2.1364973336458206,9,"['held', 'held', 'promoted', 'promoted', 'held', 'promoted', 'promoted', 'held', 'held', 'promoted', 'held', 'promoted', 'held', 'promoted', 'promoted', 'promoted']",9,7,v16,16,3,13,0,0.1875,1.0,0.3157894736842105,-41.333333333333336,35.632471323013306
2026-03-12 16:31:12,ELM_kswin,linear_gradual_drift_2,,0.0363498384319927,0.0030364066926875,0.0551035996345753,13,0.0085816383361816,0.0006601260258601,8,"['promoted', 'promoted', 'held', 'held', 'promoted', 'promoted', 'promoted', 'held', 'held', 'promoted', 'promoted', 'promoted', 'held']",8,5,v12,13,1,12,2,0.0769230769230769,0.3333333333333333,0.125,-1.0,2.141261577606201
2026-03-12 16:34:03,PSO_ELM_kswin,linear_gradual_drift_3,,0.0323415297188941,0.0024958815169001,0.0499587981931129,15,68.05520510673523,4.537013673782349,15,"['promoted', 'promoted', 'promoted', 'promoted', 'promoted', 'promoted', 'promoted', 'promoted', 'promoted', 'promoted', 'promoted', 'promoted', 'promoted', 'promoted', 'promoted']",15,0,v0,15,2,13,1,0.1333333333333333,0.6666666666666666,0.2222222222222222,46.5,69.62563490867615
2026-03-12 16:34:04,ELM_kswin,linear_gradual_drift_3,,0.5444561342430193,4.407239299478985,2.099342587449458,15,0.0090374946594238,0.0006024996439615,12,"['promoted', 'promoted', 'promoted', 'held', 'promoted', 'promoted', 'promoted', 'held', 'promoted', 'held', 'promoted', 'promoted', 'promoted', 'promoted', 'promoted']",12,3,v15,15,3,12,0,0.2,1.0,0.3333333333333333,-68.33333333333333,1.38399076461792
2026-03-12 16:36:01,PSO_ELM_kswin,linear_gradual_drift_4,,0.0396613938279979,0.005348271038409,0.0731318742984828,12,35.02697443962097,2.918914536635081,10,"['promoted', 'held', 'promoted', 'promoted', 'promoted', 'held', 'promoted', 'promoted', 'promoted', 'promoted', 'promoted', 'promoted']",10,2,v12,12,2,10,1,0.1666666666666666,0.6666666666666666,0.2666666666666666,53.5,37.19411516189575
2026-03-12 16:36:02,ELM_kswin,linear_gradual_drift_4,,0.0313465358228715,0.0018455147406816,0.0429594546134098,15,0.0105726718902587,0.0007048447926839,14,"['promoted', 'promoted', 'promoted', 'promoted', 'promoted', 'promoted', 'held', 'promoted', 'promoted', 'promoted', 'promoted', 'promoted', 'promoted', 'promoted', 'promoted']",14,1,v15,15,3,12,0,0.2,1.0,0.3333333333333333,38.0,1.5087237358093262
2026-03-12 16:38:35,PSO_ELM_kswin,linear_gradual_drift_5,,0.0286498957752829,0.0018773748887063,0.0433286843638989,16,56.78476047515869,3.549047529697418,11,"['held', 'held', 'promoted', 'promoted', 'promoted', 'promoted', 'promoted', 'held', 'promoted', 'promoted', 'held', 'promoted', 'promoted', 'promoted', 'promoted', 'held']",11,5,v15,16,2,14,1,0.125,0.6666666666666666,0.2105263157894736,9.5,58.00640797615051
2026-03-12 16:38:36,ELM_kswin,linear_gradual_drift_5,,0.0400173697766319,0.0062586203078487,0.0791114423319962,16,0.0105760097503662,0.0006610006093978,12,"['promoted', 'promoted', 'promoted', 'promoted', 'promoted', 'promoted', 'promoted', 'promoted', 'held', 'promoted', 'held', 'held', 'promoted', 'held', 'promoted', 'promoted']",12,4,v16,16,2,14,1,0.125,0.6666666666666666,0.2105263157894736,-18.5,1.5251219272613523
2026-03-12 16:40:36,PSO_ELM_kswin,linear_gradual_drift_6,,0.0265703569291188,0.0017043332907208,0.0412835716807642,15,32.295018911361694,2.1530012607574465,14,"['held', 'promoted', 'promoted', 'promoted', 'promoted', 'promoted', 'promoted', 'promoted', 'promoted', 'promoted', 'promoted', 'promoted', 'promoted', 'promoted', 'promoted']",14,1,v15,15,3,12,0,0.2,1.0,0.3333333333333333,-116.0,33.75807571411133
2026-03-12 16:40:37,ELM_kswin,linear_gradual_drift_6,,0.0458463787411722,0.0055778206193012,0.0746848084907582,18,0.023599624633789,0.0013110902574327,14,"['promoted', 'promoted', 'promoted', 'promoted', 'promoted', 'promoted', 'promoted', 'promoted', 'promoted', 'held', 'held', 'held', 'promoted', 'promoted', 'promoted', 'promoted', 'promoted', 'held']",14,4,v17,18,2,16,1,0.1111111111111111,0.6666666666666666,0.1904761904761905,-147.5,0.9119691848754884
2026-03-12 16:43:16,PSO_ELM_kswin,linear_gradual_drift_7,,0.0362621624085517,0.0029635251965258,0.054438269595257,14,29.920552253723145,2.1371823038373674,11,"['promoted', 'held', 'promoted', 'promoted', 'held', 'promoted', 'promoted', 'held', 'promoted', 'promoted', 'promoted', 'promoted', 'promoted', 'promoted']",11,3,v14,14,3,11,0,0.2142857142857142,1.0,0.3529411764705882,-35.333333333333336,31.35030484199524
2026-03-12 16:43:18,ELM_kswin,linear_gradual_drift_7,,0.0423204620204591,0.0044490774108584,0.0667014048642042,18,0.0245361328125,0.0013631184895833,12,"['promoted', 'held', 'held', 'held', 'held', 'promoted', 'promoted', 'held', 'promoted', 'held', 'promoted', 'promoted', 'promoted', 'promoted', 'promoted', 'promoted', 'promoted', 'promoted']",12,6,v18,18,3,15,0,0.1666666666666666,1.0,0.2857142857142857,-77.66666666666667,1.3080017566680908
2026-03-12 16:46:53,PSO_ELM_kswin,linear_gradual_drift_8,,0.0309741675351199,0.002254037979316,0.0474767098619529,15,49.59238195419312,3.306158796946208,14,"['promoted', 'promoted', 'promoted', 'promoted', 'promoted', 'promoted', 'promoted', 'promoted', 'promoted', 'promoted', 'promoted', 'promoted', 'promoted', 'promoted', 'held']",14,1,v12,15,3,12,0,0.2,1.0,0.3333333333333333,54.0,51.81766819953919
2026-03-12 16:46:54,ELM_kswin,linear_gradual_drift_8,,0.063845202932341,0.0203744120876269,0.1427389648541244,14,0.0074586868286132,0.0005327633449009,12,"['promoted', 'held', 'promoted', 'promoted', 'held', 'promoted', 'promoted', 'promoted', 'promoted', 'promoted', 'promoted', 'promoted', 'promoted', 'promoted']",12,2,v11,14,2,12,1,0.1428571428571428,0.6666666666666666,0.2352941176470588,-3.0,1.7286653518676758
2026-03-12 16:49:43,PSO_ELM_kswin,linear_gradual_drift_9,,0.0288726900259591,0.0020549655856402,0.045331728244578,15,42.43051338195801,2.828700892130534,14,"['promoted', 'promoted', 'promoted', 'held', 'promoted', 'promoted', 'promoted', 'promoted', 'promoted', 'promoted', 'promoted', 'promoted', 'promoted', 'promoted', 'promoted']",14,1,v15,15,2,13,1,0.1333333333333333,0.6666666666666666,0.2222222222222222,-68.5,44.49944043159485
2026-03-12 16:49:46,ELM_kswin,linear_gradual_drift_9,,0.0445949549013713,0.0047419192607532,0.0688615949623101,14,0.0080440044403076,0.0005745717457362,12,"['held', 'held', 'promoted', 'promoted', 'promoted', 'promoted', 'promoted', 'promoted', 'promoted', 'promoted', 'promoted', 'promoted', 'promoted', 'promoted']",12,2,v10,14,3,11,0,0.2142857142857142,1.0,0.3529411764705882,-39.0,2.2266204357147217
2026-03-12 16:53:28,PSO_ELM_kswin,linear_gradual_drift_10,,0.0326147052720612,0.0026618065034205,0.0515926981599198,14,49.539321184158325,3.538522941725595,11,"['held', 'promoted', 'promoted', 'promoted', 'promoted', 'promoted', 'promoted', 'held', 'promoted', 'promoted', 'promoted', 'held', 'promoted', 'promoted']",11,3,v11,14,3,11,0,0.2142857142857142,1.0,0.3529411764705882,66.0,52.05574774742127
2026-03-12 16:53:30,ELM_kswin,linear_gradual_drift_10,,0.0469075391478728,0.0073706738138897,0.0858526284623235,16,0.0170950889587402,0.0010684430599212,12,"['held', 'promoted', 'promoted', 'promoted', 'promoted', 'promoted', 'held', 'held', 'promoted', 'promoted', 'promoted', 'promoted', 'promoted', 'held', 'promoted', 'promoted']",12,4,v13,16,3,13,0,0.1875,1.0,0.3157894736842105,-53.66666666666666,1.9164113998413088
2026-03-12 16:57:06,PSO_ELM_kswin,linear_gradual_drift_11,,0.0293361230287043,0.0019480701920353,0.0441369481504484,14,15.8255455493927,1.130396110670907,12,"['promoted', 'promoted', 'promoted', 'promoted', 'promoted', 'held', 'promoted', 'promoted', 'promoted', 'promoted', 'promoted', 'held', 'promoted', 'promoted']",12,2,v11,14,2,12,1,0.1428571428571428,0.6666666666666666,0.2352941176470588,-205.0,17.597593307495117
2026-03-12 16:57:08,ELM_kswin,linear_gradual_drift_11,,0.0280611991973832,0.001484483005461,0.0385289891570107,12,0.0090892314910888,0.0007574359575907,9,"['held', 'held', 'promoted', 'promoted', 'promoted', 'promoted', 'promoted', 'promoted', 'held', 'promoted', 'promoted', 'promoted']",9,3,v10,12,2,10,1,0.1666666666666666,0.6666666666666666,0.2666666666666666,34.5,2.159374237060547
2026-03-12 17:01:28,PSO_ELM_kswin,linear_gradual_drift_12,,0.0258355225029891,0.0012581960856394,0.0354710598324814,13,81.31140208244324,6.254723237111018,11,"['promoted', 'promoted', 'promoted', 'promoted', 'promoted', 'held', 'promoted', 'promoted', 'promoted', 'promoted', 'promoted', 'held', 'promoted']",11,2,v13,13,3,10,0,0.2307692307692307,1.0,0.375,49.333333333333336,84.56391620635986
2026-03-12 17:01:31,ELM_kswin,linear_gradual_drift_12,,0.0365733490213419,0.003352953546599,0.0579046936491255,14,0.01177978515625,0.0008414132254464,10,"['promoted', 'promoted', 'promoted', 'promoted', 'held', 'held', 'promoted', 'promoted', 'promoted', 'held', 'promoted', 'promoted', 'promoted', 'held']",10,4,v13,14,2,12,1,0.1428571428571428,0.6666666666666666,0.2352941176470588,17.5,2.470616817474365
2026-03-12 17:05:14,PSO_ELM_kswin,linear_gradual_drift_13,,0.0281051524064181,0.0016328664755075,0.0404087425628107,12,78.72426843643188,6.560355703035991,9,"['held', 'held', 'promoted', 'promoted', 'promoted', 'promoted', 'promoted', 'promoted', 'held', 'promoted', 'promoted', 'promoted']",9,3,v12,12,3,9,0,0.25,1.0,0.4,-179.66666666666666,81.87873363494873
2026-03-12 17:05:17,ELM_kswin,linear_gradual_drift_13,,0.0369824319600154,0.002831217440663,0.0532091856793827,15,0.0137333869934082,0.0009155591328938,13,"['promoted', 'promoted', 'promoted', 'promoted', 'promoted', 'promoted', 'promoted', 'held', 'promoted', 'promoted', 'promoted', 'promoted', 'held', 'promoted', 'promoted']",13,2,v15,15,2,13,1,0.1333333333333333,0.6666666666666666,0.2222222222222222,61.0,2.1266093254089355
2026-03-12 17:08:29,PSO_ELM_kswin,linear_gradual_drift_14,,0.0456288826859038,0.006897283798907,0.0830498874105622,15,19.888713121414185,1.325914208094279,14,"['promoted', 'promoted', 'promoted', 'promoted', 'promoted', 'promoted', 'promoted', 'promoted', 'promoted', 'promoted', 'promoted', 'promoted', 'promoted', 'promoted', 'held']",14,1,v14,15,3,12,0,0.2,1.0,0.3333333333333333,99.0,21.353901863098145
2026-03-12 17:08:31,ELM_kswin,linear_gradual_drift_14,,0.0421927421926629,0.0069231201845411,0.0832052894024241,13,0.0060601234436035,0.0004661633418156,12,"['promoted', 'promoted', 'promoted', 'promoted', 'promoted', 'promoted', 'promoted', 'promoted', 'promoted', 'held', 'promoted', 'promoted', 'promoted']",12,1,v11,13,3,10,0,0.2307692307692307,1.0,0.375,65.33333333333333,1.758193016052246
2026-03-12 17:12:12,PSO_ELM_kswin,linear_gradual_drift_15,,0.0283349524903413,0.0016579477892355,0.0407179050202186,16,69.55740284919739,4.347337678074837,12,"['held', 'promoted', 'promoted', 'promoted', 'promoted', 'promoted', 'promoted', 'promoted', 'promoted', 'promoted', 'held', 'held', 'promoted', 'held', 'promoted', 'promoted']",12,4,v16,16,3,13,0,0.1875,1.0,0.3157894736842105,-5.666666666666667,72.05187749862671
2026-03-12 17:12:15,ELM_kswin,linear_gradual_drift_15,,0.0318347565302263,0.0021685526750414,0.0465677213855414,14,0.0095643997192382,0.000683171408517,11,"['promoted', 'promoted', 'promoted', 'promoted', 'held', 'held', 'promoted', 'promoted', 'held', 'promoted', 'promoted', 'promoted', 'promoted', 'promoted']",11,3,v14,14,2,12,1,0.1428571428571428,0.6666666666666666,0.2352941176470588,39.0,2.775696039199829
2026-03-12 17:14:54,PSO_ELM_kswin,linear_gradual_drift_16,,0.0330360241490355,0.0025764027885782,0.0507582780300732,16,45.9005491733551,2.868784323334694,14,"['promoted', 'promoted', 'promoted', 'promoted', 'promoted', 'promoted', 'promoted', 'held', 'promoted', 'promoted', 'promoted', 'promoted', 'held', 'promoted', 'promoted', 'promoted']",14,2,v16,16,2,14,1,0.125,0.6666666666666666,0.2105263157894736,86.5,47.7116596698761
2026-03-12 17:14:57,ELM_kswin,linear_gradual_drift_16,,0.0341515907142719,0.0024708749158253,0.0497078959102614,14,0.0162916183471679,0.0011636870247977,13,"['promoted', 'promoted', 'promoted', 'promoted', 'promoted', 'promoted', 'promoted', 'promoted', 'held', 'promoted', 'promoted', 'promoted', 'promoted', 'promoted']",13,1,v14,14,3,11,0,0.2142857142857142,1.0,0.3529411764705882,-31.666666666666668,2.45492959022522
2026-03-12 17:18:50,PSO_ELM_kswin,linear_gradual_drift_17,,0.0259199949440209,0.0014625624409519,0.0382434627217775,14,95.2309296131134,6.802209258079529,9,"['held', 'promoted', 'held', 'promoted', 'held', 'promoted', 'promoted', 'promoted', 'promoted', 'held', 'promoted', 'held', 'promoted', 'promoted']",9,5,v0,14,3,11,0,0.2142857142857142,1.0,0.3529411764705882,-39.333333333333336,97.4821093082428
2026-03-12 17:18:51,ELM_kswin,linear_gradual_drift_17,,0.0329405635085627,0.0026160182877307,0.0511470261865809,17,0.0196011066436767,0.0011530062731574,11,"['promoted', 'held', 'held', 'held', 'promoted', 'promoted', 'held', 'promoted', 'held', 'promoted', 'promoted', 'promoted', 'promoted', 'promoted', 'held', 'promoted', 'promoted']",11,6,v17,17,3,14,0,0.1764705882352941,1.0,0.3,32.0,1.7319793701171875
2026-03-12 17:22:45,PSO_ELM_kswin,linear_gradual_drift_18,,0.0356092275501866,0.0040930262471183,0.0639767633373114,13,51.62203025817871,3.9709254044752855,9,"['held', 'held', 'promoted', 'promoted', 'promoted', 'promoted', 'held', 'promoted', 'promoted', 'promoted', 'held', 'promoted', 'promoted']",9,4,v13,13,3,10,0,0.2307692307692307,1.0,0.375,19.666666666666668,53.74131989479065
2026-03-12 17:22:46,ELM_kswin,linear_gradual_drift_18,,0.0436058348762174,0.0057884633373892,0.0760819514562373,14,0.0321037769317626,0.0022931269236973,11,"['promoted', 'promoted', 'held', 'promoted', 'promoted', 'promoted', 'promoted', 'promoted', 'promoted', 'promoted', 'held', 'promoted', 'promoted', 'held']",11,3,v13,14,3,11,0,0.2142857142857142,1.0,0.3529411764705882,-23.666666666666668,1.525552749633789
2026-03-12 17:27:01,PSO_ELM_kswin,linear_gradual_drift_19,,0.0391907746481815,0.0041549549530351,0.0644589400551631,14,65.55048823356628,4.682177730969021,12,"['promoted', 'promoted', 'promoted', 'promoted', 'held', 'promoted', 'promoted', 'held', 'promoted', 'promoted', 'promoted', 'promoted', 'promoted', 'promoted']",12,2,v14,14,3,11,0,0.2142857142857142,1.0,0.3529411764705882,-178.33333333333334,67.96402072906494
2026-03-12 17:27:03,ELM_kswin,linear_gradual_drift_19,,0.0436458139253055,0.005233800379672,0.0723450093625815,17,0.0141780376434326,0.0008340022143195,15,"['promoted', 'promoted', 'held', 'promoted', 'promoted', 'promoted', 'promoted', 'promoted', 'promoted', 'promoted', 'promoted', 'promoted', 'promoted', 'promoted', 'held', 'promoted', 'promoted']",15,2,v17,17,2,15,1,0.1176470588235294,0.6666666666666666,0.2,-35.0,1.760509967803955
2026-03-12 17:31:10,PSO_ELM_kswin,linear_gradual_drift_20,,0.0272023318464974,0.0014760234129244,0.03841905013043,17,103.48791813850404,6.08752459638259,13,"['held', 'held', 'held', 'promoted', 'promoted', 'promoted', 'held', 'promoted', 'promoted', 'promoted', 'promoted', 'promoted', 'promoted', 'promoted', 'promoted', 'promoted', 'promoted']",13,4,v17,17,3,14,0,0.1764705882352941,1.0,0.3,31.33333333333333,105.33017873764038
2026-03-12 17:31:11,ELM_kswin,linear_gradual_drift_20,,0.0494676398963783,0.0070269115690884,0.0838266757606937,19,0.0209934711456298,0.0011049195339805,16,"['promoted', 'promoted', 'promoted', 'held', 'promoted', 'promoted', 'promoted', 'held', 'held', 'promoted', 'promoted', 'promoted', 'promoted', 'promoted', 'promoted', 'promoted', 'promoted', 'promoted', 'promoted']",16,3,v19,19,3,16,0,0.1578947368421052,1.0,0.2727272727272727,7.666666666666667,1.5661022663116455
2026-03-12 17:35:40,PSO_ELM_kswin,linear_gradual_drift_21,,0.0265075685226266,0.0017180744056865,0.0414496611046041,13,114.6893892288208,8.822260709909292,7,"['promoted', 'promoted', 'held', 'held', 'promoted', 'held', 'promoted', 'held', 'promoted', 'promoted', 'held', 'held', 'promoted']",7,6,v12,13,3,10,0,0.2307692307692307,1.0,0.375,42.66666666666666,117.2949013710022
2026-03-12 17:35:42,ELM_kswin,linear_gradual_drift_21,,0.0899663836080949,0.0472691881138178,0.2174147835677644,16,0.0172290802001953,0.0010768175125122,10,"['promoted', 'held', 'promoted', 'promoted', 'held', 'promoted', 'promoted', 'promoted', 'promoted', 'held', 'held', 'promoted', 'promoted', 'held', 'held', 'promoted']",10,6,v14,16,3,13,0,0.1875,1.0,0.3157894736842105,-66.33333333333333,2.0303611755371094
2026-03-12 17:39:52,PSO_ELM_kswin,linear_gradual_drift_22,,0.0256348536422753,0.001333573243531,0.036518122124927,11,63.10371208190918,5.73670109835538,8,"['held', 'promoted', 'promoted', 'promoted', 'promoted', 'promoted', 'held', 'promoted', 'promoted', 'held', 'promoted']",8,3,v11,11,3,8,0,0.2727272727272727,1.0,0.4285714285714285,102.33333333333331,66.75304412841797
2026-03-12 17:39:55,ELM_kswin,linear_gradual_drift_22,,0.0488524356960406,0.0126557995153713,0.1124979978282784,16,0.0262293815612792,0.0016393363475799,11,"['held', 'promoted', 'promoted', 'held', 'promoted', 'held', 'promoted', 'held', 'promoted', 'promoted', 'held', 'promoted', 'promoted', 'promoted', 'promoted', 'promoted']",11,5,v16,16,2,14,1,0.125,0.6666666666666666,0.2105263157894736,25.0,2.2693819999694824
2026-03-12 17:44:01,PSO_ELM_kswin,linear_gradual_drift_23,,0.0270070695369719,0.0019413209456745,0.0440604238027118,12,76.26528906822205,6.35544075568517,7,"['promoted', 'promoted', 'held', 'promoted', 'promoted', 'held', 'held', 'promoted', 'promoted', 'promoted', 'held', 'held']",7,5,v0,12,2,10,1,0.1666666666666666,0.6666666666666666,0.2666666666666666,140.5,78.34829759597778
2026-03-12 17:44:03,ELM_kswin,linear_gradual_drift_23,,0.0505155772003546,0.0140724525254251,0.1186273683659263,18,0.0147333145141601,0.0008185174730088,13,"['promoted', 'held', 'promoted', 'promoted', 'promoted', 'promoted', 'promoted', 'held', 'promoted', 'promoted', 'promoted', 'promoted', 'promoted', 'promoted', 'promoted', 'held', 'held', 'held']",13,5,v15,18,3,15,0,0.1666666666666666,1.0,0.2857142857142857,132.33333333333334,1.3082191944122314
2026-03-12 17:48:32,PSO_ELM_kswin,linear_gradual_drift_24,,0.0371069180657126,0.0036554788826794,0.0604605564205243,18,70.6847414970398,3.9269300831688776,17,"['promoted', 'held', 'promoted', 'promoted', 'promoted', 'promoted', 'promoted', 'promoted', 'promoted', 'promoted', 'promoted', 'promoted', 'promoted', 'promoted', 'promoted', 'promoted', 'promoted', 'promoted']",17,1,v18,18,3,15,0,0.1666666666666666,1.0,0.2857142857142857,-17.666666666666668,72.09591841697693
2026-03-12 17:48:34,ELM_kswin,linear_gradual_drift_24,,0.0422029568974383,0.0050863843393386,0.0713188918824365,16,0.009676456451416,0.0006047785282135,11,"['held', 'promoted', 'promoted', 'held', 'promoted', 'promoted', 'held', 'promoted', 'held', 'held', 'promoted', 'promoted', 'promoted', 'promoted', 'promoted', 'promoted']",11,5,v16,16,3,13,0,0.1875,1.0,0.3157894736842105,-47.333333333333336,1.9418809413909912
2026-03-12 17:52:13,PSO_ELM_kswin,linear_gradual_drift_25,,0.0360916677007873,0.0032458548614164,0.0569724043850746,16,57.50866317749024,3.59429144859314,13,"['held', 'promoted', 'promoted', 'promoted', 'promoted', 'promoted', 'promoted', 'promoted', 'promoted', 'held', 'promoted', 'promoted', 'promoted', 'held', 'promoted', 'promoted']",13,3,v16,16,2,14,1,0.125,0.6666666666666666,0.2105263157894736,18.0,58.92931389808655
2026-03-12 17:52:14,ELM_kswin,linear_gradual_drift_25,,0.0847603795462741,0.033552575976276,0.1831736224904559,17,0.0173101425170898,0.0010182436774758,13,"['held', 'promoted', 'promoted', 'held', 'promoted', 'promoted', 'promoted', 'promoted', 'promoted', 'promoted', 'promoted', 'promoted', 'held', 'promoted', 'held', 'promoted', 'promoted']",13,4,v17,17,3,14,0,0.1764705882352941,1.0,0.3,20.666666666666668,1.1131646633148191
2026-03-12 17:56:18,PSO_ELM_kswin,linear_gradual_drift_26,,0.0227792443587127,0.0009340032709284,0.03056146709385,9,79.69248175621033,8.854720195134481,6,"['held', 'promoted', 'promoted', 'promoted', 'promoted', 'promoted', 'promoted', 'held', 'held']",6,3,v0,9,3,6,0,0.3333333333333333,1.0,0.5,37.0,83.08098077774048
2026-03-12 17:56:19,ELM_kswin,linear_gradual_drift_26,,0.0408928365176075,0.0042835897625028,0.06544913874531,17,0.0250647068023681,0.0014743945177863,9,"['held', 'held', 'promoted', 'promoted', 'promoted', 'promoted', 'promoted', 'held', 'promoted', 'held', 'held', 'held', 'promoted', 'held', 'promoted', 'promoted', 'held']",9,8,v14,17,3,14,0,0.1764705882352941,1.0,0.3,-23.33333333333333,1.629929542541504
2026-03-12 18:01:37,PSO_ELM_kswin,linear_gradual_drift_27,,0.0307546857061069,0.002520044401374,0.0502000438383677,12,116.76554989814758,9.7304624915123,10,"['held', 'promoted', 'promoted', 'promoted', 'promoted', 'promoted', 'promoted', 'held', 'promoted', 'promoted', 'promoted', 'promoted']",10,2,v0,12,3,9,0,0.25,1.0,0.4,8.0,119.71006441116332
2026-03-12 18:01:38,ELM_kswin,linear_gradual_drift_27,,0.0317544898955792,0.0022190133188688,0.0471064042235112,14,0.0152091979980468,0.0010863712855747,11,"['promoted', 'promoted', 'promoted', 'held', 'promoted', 'promoted', 'held', 'promoted', 'promoted', 'promoted', 'held', 'promoted', 'promoted', 'promoted']",11,3,v14,14,3,11,0,0.2142857142857142,1.0,0.3529411764705882,-24.666666666666668,1.478173017501831
2026-03-12 18:05:43,PSO_ELM_kswin,linear_gradual_drift_28,,0.0248254087669876,0.0011336457005826,0.0336696554865451,13,105.25935244560242,8.096873265046339,11,"['promoted', 'promoted', 'held', 'held', 'promoted', 'promoted', 'promoted', 'promoted', 'promoted', 'promoted', 'promoted', 'promoted', 'promoted']",11,2,v13,13,3,10,0,0.2307692307692307,1.0,0.375,10.333333333333334,107.9181923866272
2026-03-12 18:05:45,ELM_kswin,linear_gradual_drift_28,,0.0365749049890365,0.0030548161517076,0.0552703912751456,15,0.013035774230957,0.0008690516153971,8,"['held', 'promoted', 'promoted', 'promoted', 'held', 'promoted', 'promoted', 'held', 'promoted', 'held', 'held', 'promoted', 'held', 'promoted', 'held']",8,7,v14,15,3,12,0,0.2,1.0,0.3333333333333333,95.0,2.21098256111145
2026-03-12 18:09:06,PSO_ELM_kswin,linear_gradual_drift_29,,0.0391411555033769,0.0054484006596746,0.0738132824068587,15,48.68182158470154,3.245454772313436,15,"['promoted', 'promoted', 'promoted', 'promoted', 'promoted', 'promoted', 'promoted', 'promoted', 'promoted', 'promoted', 'promoted', 'promoted', 'promoted', 'promoted', 'promoted']",15,0,v15,15,2,13,1,0.1333333333333333,0.6666666666666666,0.2222222222222222,-59.0,50.74607753753662
2026-03-12 18:09:08,ELM_kswin,linear_gradual_drift_29,,0.0366287143591113,0.0042698065435617,0.065343756729788,14,0.0148155689239501,0.0010582549231392,11,"['promoted', 'held', 'held', 'promoted', 'held', 'promoted', 'promoted', 'promoted', 'promoted', 'promoted', 'promoted', 'promoted', 'promoted', 'promoted']",11,3,v14,14,2,12,1,0.1428571428571428,0.6666666666666666,0.2352941176470588,-104.0,2.4281277656555176
2026-03-12 18:12:51,PSO_ELM_kswin,linear_gradual_drift_30,,0.0347868257888931,0.0031160301244581,0.0558214127773397,13,53.01620960235596,4.078169969411997,10,"['held', 'promoted', 'promoted', 'promoted', 'held', 'held', 'promoted', 'promoted', 'promoted', 'promoted', 'promoted', 'promoted', 'promoted']",10,3,v10,13,2,11,1,0.1538461538461538,0.6666666666666666,0.25,-93.0,54.94587707519531
2026-03-12 18:12:54,ELM_kswin,linear_gradual_drift_30,,0.0373632115321932,0.0062604443825176,0.0791229700056667,12,0.0050609111785888,0.0004217425982157,11,"['held', 'promoted', 'promoted', 'promoted', 'promoted', 'promoted', 'promoted', 'promoted', 'promoted', 'promoted', 'promoted', 'promoted']",11,1,v12,12,2,10,1,0.1666666666666666,0.6666666666666666,0.2666666666666666,95.5,3.0063626766204834
2026-03-12 18:17:27,PSO_ELM_kswin,linear_abrupt_drift_1,,0.0508176298021731,0.0076167671792461,0.0872740922567868,15,42.34092259407044,2.822728172938029,14,"['promoted', 'promoted', 'promoted', 'promoted', 'promoted', 'promoted', 'promoted', 'promoted', 'promoted', 'held', 'promoted', 'promoted', 'promoted', 'promoted', 'promoted']",14,1,v15,15,3,12,0,0.2,1.0,0.3333333333333333,90.66666666666669,44.31500124931336
2026-03-12 18:17:28,ELM_kswin,linear_abrupt_drift_1,,0.0943408962033931,0.0526708327350587,0.2295012695717799,18,0.0093417167663574,0.0005189842647976,13,"['promoted', 'held', 'promoted', 'held', 'promoted', 'promoted', 'held', 'promoted', 'promoted', 'held', 'promoted', 'promoted', 'held', 'promoted', 'promoted', 'promoted', 'promoted', 'promoted']",13,5,v18,18,3,15,0,0.1666666666666666,1.0,0.2857142857142857,133.0,0.862886905670166
2026-03-12 18:21:37,PSO_ELM_kswin,linear_abrupt_drift_2,,0.034154067016913,0.0030449062869735,0.0551806695045783,14,47.751840353012085,3.410845739500864,9,"['held', 'promoted', 'promoted', 'held', 'promoted', 'promoted', 'promoted', 'held', 'held', 'promoted', 'promoted', 'held', 'promoted', 'promoted']",9,5,v11,14,3,11,0,0.2142857142857142,1.0,0.3529411764705882,-25.0,50.202343225479126
2026-03-12 18:21:38,ELM_kswin,linear_abrupt_drift_2,,0.072737981482184,0.02455225454993,0.1566915905526841,20,0.0227890014648437,0.0011394500732421,15,"['promoted', 'held', 'promoted', 'promoted', 'promoted', 'promoted', 'held', 'promoted', 'promoted', 'held', 'held', 'promoted', 'promoted', 'promoted', 'promoted', 'promoted', 'held', 'promoted', 'promoted', 'promoted']",15,5,v20,20,3,17,0,0.15,1.0,0.2608695652173913,63.333333333333336,1.088430404663086
2026-03-12 18:25:01,PSO_ELM_kswin,linear_abrupt_drift_3,,0.069530887488244,0.0206909307491215,0.1438434244208664,17,50.412824630737305,2.965460272396312,14,"['held', 'held', 'promoted', 'promoted', 'promoted', 'promoted', 'promoted', 'promoted', 'promoted', 'promoted', 'promoted', 'held', 'promoted', 'promoted', 'promoted', 'promoted', 'promoted']",14,3,v17,17,3,14,0,0.1764705882352941,1.0,0.3,-58.333333333333336,52.10415601730347
2026-03-12 18:25:02,ELM_kswin,linear_abrupt_drift_3,,0.0866149571996612,0.0329472437424338,0.1815137563448947,19,0.0127737522125244,0.0006723027480276,17,"['promoted', 'promoted', 'held', 'promoted', 'promoted', 'promoted', 'promoted', 'promoted', 'promoted', 'promoted', 'promoted', 'promoted', 'held', 'promoted', 'promoted', 'promoted', 'promoted', 'promoted', 'promoted']",17,2,v19,19,3,16,0,0.1578947368421052,1.0,0.2727272727272727,-56.0,1.2353177070617676
2026-03-12 18:28:14,PSO_ELM_kswin,linear_abrupt_drift_4,,0.0749498669273883,0.0355338801336964,0.1885043239124673,14,28.492107629776,2.035150544984,12,"['held', 'held', 'promoted', 'promoted', 'promoted', 'promoted', 'promoted', 'promoted', 'promoted', 'promoted', 'promoted', 'promoted', 'promoted', 'promoted']",12,2,v14,14,3,11,0,0.2142857142857142,1.0,0.3529411764705882,32.0,30.696630716323853
2026-03-12 18:28:15,ELM_kswin,linear_abrupt_drift_4,,0.0697964213595556,0.0329019959675687,0.1813890734514313,16,0.0207154750823974,0.0012947171926498,14,"['promoted', 'promoted', 'held', 'promoted', 'promoted', 'promoted', 'promoted', 'promoted', 'promoted', 'promoted', 'promoted', 'promoted', 'held', 'promoted', 'promoted', 'promoted']",14,2,v16,16,3,13,0,0.1875,1.0,0.3157894736842105,85.0,1.1178505420684814
2026-03-12 18:32:00,PSO_ELM_kswin,linear_abrupt_drift_5,,0.0529514651868883,0.0192543836221405,0.1387601658335005,15,67.21691679954529,4.481127786636352,14,"['promoted', 'promoted', 'promoted', 'promoted', 'promoted', 'held', 'promoted', 'promoted', 'promoted', 'promoted', 'promoted', 'promoted', 'promoted', 'promoted', 'promoted']",14,1,v13,15,3,12,0,0.2,1.0,0.3333333333333333,-35.0,69.3231852054596
2026-03-12 18:32:02,ELM_kswin,linear_abrupt_drift_5,,0.072687455819434,0.0586762426824189,0.2422317953581217,17,0.0115532875061035,0.0006796051474178,13,"['held', 'promoted', 'promoted', 'promoted', 'promoted', 'held', 'promoted', 'promoted', 'promoted', 'held', 'promoted', 'promoted', 'promoted', 'promoted', 'promoted', 'promoted', 'promoted']",14,3,v10,17,3,14,0,0.1764705882352941,1.0,0.3,-32.666666666666664,1.9058125019073489
2026-03-12 18:35:39,PSO_ELM_kswin,linear_abrupt_drift_6,,0.0491741042908773,0.0074137342721986,0.0861030445001724,17,59.8001766204834,3.517657448263729,14,"['promoted', 'promoted', 'promoted', 'promoted', 'promoted', 'promoted', 'held', 'promoted', 'promoted', 'held', 'held', 'promoted', 'promoted', 'promoted', 'promoted', 'promoted', 'promoted']",14,3,v15,17,3,14,0,0.1764705882352941,1.0,0.3,67.33333333333333,61.31769156455994
2026-03-12 18:35:41,ELM_kswin,linear_abrupt_drift_6,,0.0705623846849417,0.0983587437771683,0.3136219759155412,14,0.008044958114624,0.0005746398653302,13,"['promoted', 'held', 'promoted', 'promoted', 'promoted', 'promoted', 'promoted', 'promoted', 'promoted', 'promoted', 'promoted', 'promoted', 'promoted', 'promoted']",13,1,v13,14,2,12,1,0.1428571428571428,0.6666666666666666,0.2352941176470588,-25.5,2.4818055629730225
2026-03-12 18:40:10,PSO_ELM_kswin,linear_abrupt_drift_7,,0.0411377070215257,0.0061147039528699,0.0781965725135694,15,46.36487627029419,3.090991751352946,12,"['promoted', 'promoted', 'promoted', 'promoted', 'promoted', 'promoted', 'promoted', 'promoted', 'held', 'promoted', 'held', 'promoted', 'promoted', 'held', 'promoted']",12,3,v12,15,3,12,0,0.2,1.0,0.3333333333333333,11.0,48.0479371547699
2026-03-12 18:40:12,ELM_kswin,linear_abrupt_drift_7,,0.0473282428512198,0.0140689218228442,0.1186124859483361,15,0.0105702877044677,0.0007046858469645,12,"['held', 'promoted', 'held', 'promoted', 'promoted', 'promoted', 'held', 'promoted', 'promoted', 'promoted', 'promoted', 'promoted', 'promoted', 'promoted', 'promoted']",12,3,v14,15,3,12,0,0.2,1.0,0.3333333333333333,61.333333333333336,2.4670445919036865
2026-03-12 18:43:59,PSO_ELM_kswin,linear_abrupt_drift_8,,0.0463990537741786,0.0064544547269635,0.0803396211527258,15,66.64603900909424,4.443069267272949,10,"['held', 'promoted', 'held', 'held', 'promoted', 'promoted', 'promoted', 'promoted', 'promoted', 'promoted', 'promoted', 'held', 'promoted', 'promoted', 'held']",10,5,v14,15,2,13,1,0.1333333333333333,0.6666666666666666,0.2222222222222222,44.5,68.9889748096466
2026-03-12 18:43:59,ELM_kswin,linear_abrupt_drift_8,,0.2434021724930297,0.8532100573892614,0.9236937032313588,18,0.0160479545593261,0.0008915530310736,15,"['held', 'promoted', 'promoted', 'held', 'promoted', 'promoted', 'promoted', 'promoted', 'promoted', 'promoted', 'promoted', 'promoted', 'promoted', 'held', 'promoted', 'promoted', 'promoted', 'promoted']",15,3,v18,18,2,16,1,0.1111111111111111,0.6666666666666666,0.1904761904761905,40.5,0.7486941814422607
2026-03-12 18:47:51,PSO_ELM_kswin,linear_abrupt_drift_9,,0.0378685480613444,0.0035619610123109,0.0596821666187723,15,49.78516626358032,3.319011084238688,13,"['held', 'promoted', 'held', 'promoted', 'promoted', 'promoted', 'promoted', 'promoted', 'promoted', 'promoted', 'promoted', 'promoted', 'promoted', 'promoted', 'promoted']",13,2,v15,15,3,12,0,0.2,1.0,0.3333333333333333,51.0,51.78278994560242
2026-03-12 18:47:53,ELM_kswin,linear_abrupt_drift_9,,0.1735756038170643,0.1815556287786615,0.4260934507577668,18,0.0130558013916015,0.0007253222995334,17,"['promoted', 'promoted', 'promoted', 'promoted', 'held', 'promoted', 'promoted', 'promoted', 'promoted', 'promoted', 'promoted', 'promoted', 'promoted', 'promoted', 'promoted', 'promoted', 'promoted', 'promoted']",17,1,v18,18,3,15,0,0.1666666666666666,1.0,0.2857142857142857,81.66666666666667,1.3628380298614502
2026-03-12 18:51:16,PSO_ELM_kswin,linear_abrupt_drift_10,,0.0415314544310344,0.0037627352266862,0.0613411381267601,12,30.506616592407227,2.542218049367269,10,"['promoted', 'promoted', 'promoted', 'promoted', 'promoted', 'promoted', 'promoted', 'promoted', 'held', 'held', 'promoted', 'promoted']",10,2,v8,12,3,9,0,0.25,1.0,0.4,-54.66666666666666,33.4531888961792
2026-03-12 18:51:18,ELM_kswin,linear_abrupt_drift_10,,0.1288978336034314,0.1282114384711516,0.3580662487182388,18,0.0511684417724609,0.0028426912095811,16,"['promoted', 'promoted', 'promoted', 'promoted', 'promoted', 'promoted', 'promoted', 'held', 'promoted', 'promoted', 'promoted', 'promoted', 'held', 'promoted', 'promoted', 'promoted', 'promoted', 'promoted']",16,2,v16,18,3,15,0,0.1666666666666666,1.0,0.2857142857142857,-63.333333333333336,1.448888063430786
2026-03-12 18:55:48,PSO_ELM_kswin,linear_abrupt_drift_11,,0.1048237673472421,0.058586439759335,0.2420463586987728,18,64.02657675743103,3.5570320420795016,15,"['held', 'promoted', 'promoted', 'held', 'promoted', 'promoted', 'promoted', 'promoted', 'promoted', 'promoted', 'promoted', 'promoted', 'promoted', 'promoted', 'promoted', 'held', 'promoted', 'promoted']",15,3,v15,18,3,15,0,0.1666666666666666,1.0,0.2857142857142857,99.33333333333331,65.3337414264679
2026-03-12 18:55:50,ELM_kswin,linear_abrupt_drift_11,,0.1782187525058414,0.3035946884461625,0.5509942726074042,18,0.0241668224334716,0.0013426012463039,14,"['promoted', 'promoted', 'promoted', 'promoted', 'held', 'promoted', 'promoted', 'held', 'promoted', 'promoted', 'promoted', 'held', 'promoted', 'promoted', 'held', 'promoted', 'promoted', 'promoted']",14,4,v18,18,3,15,0,0.1666666666666666,1.0,0.2857142857142857,-26.33333333333333,1.5026254653930664
2026-03-12 18:59:52,PSO_ELM_kswin,linear_abrupt_drift_12,,0.0957004829636288,0.0564085238926256,0.237504787094125,16,70.18798851966858,4.386749282479286,14,"['promoted', 'promoted', 'promoted', 'promoted', 'promoted', 'promoted', 'promoted', 'promoted', 'promoted', 'held', 'held', 'promoted', 'promoted', 'promoted', 'promoted', 'promoted']",14,2,v16,16,3,13,0,0.1875,1.0,0.3157894736842105,4.666666666666667,71.81138634681702
2026-03-12 18:59:53,ELM_kswin,linear_abrupt_drift_12,,0.0999756131861313,0.0758609300879937,0.2754286297536872,17,0.0204472541809082,0.0012027796577004,14,"['promoted', 'promoted', 'promoted', 'promoted', 'promoted', 'promoted', 'held', 'held', 'held', 'promoted', 'promoted', 'promoted', 'promoted', 'promoted', 'promoted', 'promoted', 'promoted']",14,3,v17,17,3,14,0,0.1764705882352941,1.0,0.3,-2.6666666666666665,1.20515775680542
2026-03-12 19:04:36,PSO_ELM_kswin,linear_abrupt_drift_13,,0.029372467026448,0.0016089385469802,0.0401115762215875,17,69.20091795921326,4.0706422328948975,12,"['held', 'promoted', 'promoted', 'promoted', 'held', 'promoted', 'promoted', 'promoted', 'promoted', 'promoted', 'promoted', 'held', 'promoted', 'promoted', 'held', 'promoted', 'held']",12,5,v7,17,3,14,0,0.1764705882352941,1.0,0.3,27.666666666666668,70.80343270301819
2026-03-12 19:04:37,ELM_kswin,linear_abrupt_drift_13,,0.041495421573494,0.0127034114915438,0.1127094117256578,14,0.0219347476959228,0.0015667676925659,10,"['promoted', 'held', 'promoted', 'promoted', 'promoted', 'promoted', 'promoted', 'promoted', 'promoted', 'held', 'promoted', 'held', 'held', 'promoted']",10,4,v14,14,3,11,0,0.2142857142857142,1.0,0.3529411764705882,59.66666666666666,1.502108097076416
2026-03-12 19:08:40,PSO_ELM_kswin,linear_abrupt_drift_14,,0.0572080026253117,0.0092064782780003,0.0959503948819407,18,64.16029620170593,3.5644609000947742,15,"['promoted', 'promoted', 'promoted', 'promoted', 'promoted', 'promoted', 'held', 'promoted', 'promoted', 'promoted', 'promoted', 'promoted', 'held', 'promoted', 'promoted', 'promoted', 'promoted', 'held']",15,3,v17,18,3,15,0,0.1666666666666666,1.0,0.2857142857142857,-105.0,65.53065586090088
2026-03-12 19:08:41,ELM_kswin,linear_abrupt_drift_14,,0.0873803565351249,0.0338349191958625,0.183942706286122,17,0.0128712654113769,0.0007571332594927,13,"['promoted', 'held', 'promoted', 'held', 'promoted', 'promoted', 'promoted', 'promoted', 'promoted', 'held', 'promoted', 'promoted', 'held', 'promoted', 'promoted', 'promoted', 'promoted']",13,4,v12,17,3,14,0,0.1764705882352941,1.0,0.3,36.0,1.5124194622039795
2026-03-12 19:11:30,PSO_ELM_kswin,linear_abrupt_drift_15,,0.1209190012009834,0.2148156530804111,0.4634820957495673,14,45.56954598426819,3.2549675703048706,12,"['held', 'promoted', 'promoted', 'promoted', 'promoted', 'promoted', 'promoted', 'promoted', 'promoted', 'promoted', 'held', 'promoted', 'promoted', 'promoted']",12,2,v14,14,3,11,0,0.2142857142857142,1.0,0.3529411764705882,55.0,47.97709226608277
2026-03-12 19:11:31,ELM_kswin,linear_abrupt_drift_15,,0.0860982997002469,0.0267293335736535,0.1634910810217289,18,0.0167572498321533,0.0009309583240085,14,"['promoted', 'promoted', 'promoted', 'promoted', 'promoted', 'held', 'held', 'promoted', 'promoted', 'promoted', 'promoted', 'promoted', 'held', 'promoted', 'promoted', 'promoted', 'promoted', 'held']",14,4,v17,18,3,15,0,0.1666666666666666,1.0,0.2857142857142857,47.0,1.51354718208313
2026-03-12 19:16:37,PSO_ELM_kswin,linear_abrupt_drift_16,,0.0414882954681645,0.0053750741612868,0.07331489726711,15,86.82405090332031,5.788270060221354,11,"['held', 'held', 'promoted', 'held', 'promoted', 'promoted', 'promoted', 'promoted', 'promoted', 'promoted', 'promoted', 'promoted', 'promoted', 'held', 'promoted']",11,4,v15,15,3,12,0,0.2,1.0,0.3333333333333333,-56.0,89.00649285316467
2026-03-12 19:16:38,ELM_kswin,linear_abrupt_drift_16,,0.0384015144644701,0.0038998558187185,0.0624488255991941,16,0.0123956203460693,0.0007747262716293,12,"['promoted', 'promoted', 'held', 'promoted', 'promoted', 'held', 'promoted', 'promoted', 'held', 'promoted', 'held', 'promoted', 'promoted', 'promoted', 'promoted', 'promoted']",12,4,v16,16,3,13,0,0.1875,1.0,0.3157894736842105,-28.33333333333333,1.5904872417449951
2026-03-12 19:18:44,PSO_ELM_kswin,linear_abrupt_drift_17,,0.0825303491497773,0.0536850917457508,0.231700435359433,14,20.74348926544189,1.481677804674421,12,"['held', 'promoted', 'promoted', 'promoted', 'promoted', 'promoted', 'promoted', 'promoted', 'promoted', 'held', 'promoted', 'promoted', 'promoted', 'promoted']",12,2,v14,14,3,11,0,0.2142857142857142,1.0,0.3529411764705882,5.666666666666667,22.40971636772156
2026-03-12 19:18:46,ELM_kswin,linear_abrupt_drift_17,,0.151753783588817,0.2114541687408091,0.4598414604413233,16,0.0101408958435058,0.0006338059902191,11,"['promoted', 'promoted', 'promoted', 'promoted', 'held', 'promoted', 'promoted', 'promoted', 'promoted', 'promoted', 'held', 'held', 'promoted', 'promoted', 'held', 'held']",11,5,v14,16,3,13,0,0.1875,1.0,0.3157894736842105,49.0,1.514754295349121
2026-03-12 19:21:09,PSO_ELM_kswin,linear_abrupt_drift_18,,0.0688108261726692,0.0147962654311036,0.1216399006539533,16,43.70879006385803,2.731799378991127,14,"['promoted', 'held', 'promoted', 'promoted', 'promoted', 'promoted', 'promoted', 'promoted', 'promoted', 'promoted', 'promoted', 'held', 'promoted', 'promoted', 'promoted', 'promoted']",14,2,v16,16,3,13,0,0.1875,1.0,0.3157894736842105,48.0,44.96142268180847
2026-03-12 19:21:10,ELM_kswin,linear_abrupt_drift_18,,0.0677319238833448,0.017989668510701,0.1341255699361648,19,0.022989273071289,0.0012099617405941,12,"['held', 'promoted', 'promoted', 'held', 'promoted', 'promoted', 'held', 'held', 'promoted', 'promoted', 'promoted', 'held', 'promoted', 'promoted', 'promoted', 'held', 'held', 'promoted', 'promoted']",12,7,v15,19,3,16,0,0.1578947368421052,1.0,0.2727272727272727,-79.0,0.8111331462860107
2026-03-12 19:23:18,PSO_ELM_kswin,linear_abrupt_drift_19,,0.0813829512267051,0.0406935778616609,0.2017264927114457,15,24.32961797714233,1.621974531809489,12,"['held', 'promoted', 'promoted', 'promoted', 'promoted', 'promoted', 'promoted', 'promoted', 'held', 'promoted', 'promoted', 'held', 'promoted', 'promoted', 'promoted']",12,3,v13,15,3,12,0,0.2,1.0,0.3333333333333333,93.66666666666669,26.41335201263428
2026-03-12 19:23:19,ELM_kswin,linear_abrupt_drift_19,,0.0607181203037419,0.019970039118106,0.1413153888226827,18,0.0176739692687988,0.0009818871815999,13,"['promoted', 'held', 'promoted', 'held', 'held', 'promoted', 'promoted', 'promoted', 'promoted', 'promoted', 'promoted', 'promoted', 'held', 'promoted', 'promoted', 'promoted', 'held', 'promoted']",13,5,v18,18,3,15,0,0.1666666666666666,1.0,0.2857142857142857,84.33333333333333,1.6043753623962402
2026-03-12 19:26:23,PSO_ELM_kswin,linear_abrupt_drift_20,,0.0595924965570544,0.0260385516933925,0.161364654411654,16,54.8431601524353,3.4276975095272064,10,"['promoted', 'promoted', 'held', 'held', 'promoted', 'promoted', 'held', 'promoted', 'promoted', 'promoted', 'held', 'held', 'promoted', 'promoted', 'held', 'promoted']",10,6,v16,16,3,13,0,0.1875,1.0,0.3157894736842105,53.333333333333336,56.53454899787903
2026-03-12 19:26:25,ELM_kswin,linear_abrupt_drift_20,,0.0651021352061256,0.0308827216646068,0.1757348049323377,17,0.016118049621582,0.0009481205659754,14,"['promoted', 'promoted', 'held', 'promoted', 'promoted', 'held', 'held', 'promoted', 'promoted', 'promoted', 'promoted', 'promoted', 'promoted', 'promoted', 'promoted', 'promoted', 'promoted']",14,3,v17,17,3,14,0,0.1764705882352941,1.0,0.3,119.0,1.8225188255310056
2026-03-12 19:29:24,PSO_ELM_kswin,linear_abrupt_drift_21,,0.0392811174870694,0.0044327642870681,0.066579007855841,14,46.73669481277466,3.3383353437696184,10,"['promoted', 'promoted', 'held', 'promoted', 'promoted', 'held', 'promoted', 'promoted', 'promoted', 'held', 'promoted', 'held', 'promoted', 'promoted']",10,4,v14,14,3,11,0,0.2142857142857142,1.0,0.3529411764705882,1.0,48.57321000099182
2026-03-12 19:29:26,ELM_kswin,linear_abrupt_drift_21,,0.0964809998617264,0.097485340957742,0.3122264257838244,17,0.0111124515533447,0.0006536736207849,9,"['held', 'held', 'promoted', 'held', 'held', 'promoted', 'held', 'promoted', 'held', 'promoted', 'promoted', 'held', 'held', 'promoted', 'promoted', 'promoted', 'promoted']",9,8,v17,17,2,15,1,0.1176470588235294,0.6666666666666666,0.2,3.5,1.4525587558746338
2026-03-12 19:32:31,PSO_ELM_kswin,linear_abrupt_drift_22,,0.0799168054670808,0.079386132340518,0.2817554477565926,18,53.69598698616028,2.983110388120016,15,"['promoted', 'promoted', 'promoted', 'promoted', 'promoted', 'held', 'promoted', 'promoted', 'promoted', 'promoted', 'promoted', 'promoted', 'promoted', 'held', 'promoted', 'held', 'promoted', 'promoted']",15,3,v15,18,3,15,0,0.1666666666666666,1.0,0.2857142857142857,-32.333333333333336,54.65163850784302
2026-03-12 19:32:32,ELM_kswin,linear_abrupt_drift_22,,0.0961518701825885,0.1028084474868489,0.3206375640608083,19,0.010596752166748,0.0005577237982498,13,"['promoted', 'held', 'held', 'promoted', 'held', 'promoted', 'held', 'promoted', 'promoted', 'promoted', 'promoted', 'promoted', 'promoted', 'promoted', 'promoted', 'promoted', 'held', 'promoted', 'held']",13,6,v18,19,3,16,0,0.1578947368421052,1.0,0.2727272727272727,-26.666666666666668,0.9505393505096436
2026-03-12 19:35:19,PSO_ELM_kswin,linear_abrupt_drift_23,,0.0483063512488051,0.0085594087043123,0.0925170725018486,16,38.16946053504944,2.38559128344059,15,"['promoted', 'promoted', 'promoted', 'promoted', 'promoted', 'promoted', 'promoted', 'promoted', 'promoted', 'promoted', 'promoted', 'held', 'promoted', 'promoted', 'promoted', 'promoted']",15,1,v14,16,3,13,0,0.1875,1.0,0.3157894736842105,44.0,39.40363168716431
2026-03-12 19:35:20,ELM_kswin,linear_abrupt_drift_23,,0.0857751698261483,0.0336146353697625,0.1833429446958964,19,0.0104701519012451,0.0005510606263813,17,"['promoted', 'promoted', 'promoted', 'held', 'promoted', 'promoted', 'promoted', 'promoted', 'promoted', 'promoted', 'promoted', 'promoted', 'promoted', 'promoted', 'promoted', 'held', 'promoted', 'promoted', 'promoted']",17,2,v19,19,3,16,0,0.1578947368421052,1.0,0.2727272727272727,14.333333333333334,0.7798609733581543
2026-03-12 19:38:09,PSO_ELM_kswin,linear_abrupt_drift_24,,0.0956323958068798,0.0496803165222181,0.2228908174919239,18,38.60450077056885,2.1446944872538247,14,"['promoted', 'held', 'promoted', 'promoted', 'promoted', 'promoted', 'held', 'held', 'promoted', 'promoted', 'promoted', 'held', 'promoted', 'promoted', 'promoted', 'promoted', 'promoted', 'promoted']",14,4,v18,18,3,15,0,0.1666666666666666,1.0,0.2857142857142857,9.333333333333334,39.72184824943543
2026-03-12 19:38:10,ELM_kswin,linear_abrupt_drift_24,,0.1463267405505046,0.1506769652917859,0.3881713092073987,19,0.0069615840911865,0.000366399162694,15,"['promoted', 'promoted', 'held', 'promoted', 'promoted', 'promoted', 'promoted', 'promoted', 'held', 'promoted', 'promoted', 'held', 'promoted', 'promoted', 'promoted', 'promoted', 'held', 'promoted', 'promoted']",15,4,v19,19,3,16,0,0.1578947368421052,1.0,0.2727272727272727,65.66666666666667,0.7762963771820068
2026-03-12 19:41:22,PSO_ELM_kswin,linear_abrupt_drift_25,,0.0902507780958578,0.0366906244253557,0.1915479689930326,16,61.8882532119751,3.868015825748444,13,"['promoted', 'promoted', 'held', 'promoted', 'held', 'promoted', 'promoted', 'promoted', 'promoted', 'promoted', 'promoted', 'promoted', 'held', 'promoted', 'promoted', 'promoted']",13,3,v16,16,3,13,0,0.1875,1.0,0.3157894736842105,2.0,63.26427292823792
2026-03-12 19:41:23,ELM_kswin,linear_abrupt_drift_25,,0.0561773703014345,0.0145835476932436,0.1207623604159989,17,0.0192956924438476,0.001135040731991,12,"['promoted', 'held', 'promoted', 'promoted', 'held', 'promoted', 'promoted', 'promoted', 'promoted', 'held', 'held', 'promoted', 'held', 'promoted', 'promoted', 'promoted', 'promoted']",12,5,v17,17,3,14,0,0.1764705882352941,1.0,0.3,32.333333333333336,0.9814701080322266
2026-03-12 19:43:36,PSO_ELM_kswin,linear_abrupt_drift_26,,0.0258396428755574,0.0012042688011981,0.0347025762905028,14,59.70505738258362,4.26464695589883,8,"['held', 'held', 'held', 'promoted', 'held', 'held', 'promoted', 'promoted', 'promoted', 'promoted', 'held', 'promoted', 'promoted', 'promoted']",8,6,v14,14,3,11,0,0.2142857142857142,1.0,0.3529411764705882,54.66666666666666,61.17504405975342
2026-03-12 19:43:37,ELM_kswin,linear_abrupt_drift_26,,0.0531633713254536,0.0087207545198626,0.0933849801620297,16,0.0063037872314453,0.0003939867019653,12,"['promoted', 'promoted', 'held', 'promoted', 'promoted', 'promoted', 'promoted', 'promoted', 'held', 'promoted', 'promoted', 'promoted', 'held', 'promoted', 'promoted', 'held']",12,4,v15,16,3,13,0,0.1875,1.0,0.3157894736842105,-52.0,1.003651142120361
2026-03-12 19:46:27,PSO_ELM_kswin,linear_abrupt_drift_27,,0.0482792048713636,0.0276231356767108,0.1662020928770478,15,95.08657360076904,6.339104906717936,11,"['promoted', 'promoted', 'held', 'promoted', 'promoted', 'promoted', 'promoted', 'promoted', 'held', 'promoted', 'held', 'promoted', 'held', 'promoted', 'promoted']",11,4,v15,15,3,12,0,0.2,1.0,0.3333333333333333,31.0,96.71602845191956
2026-03-12 19:46:28,ELM_kswin,linear_abrupt_drift_27,,0.0525738171997662,0.0097710826427996,0.0988487867543131,18,0.0211372375488281,0.0011742909749348,13,"['promoted', 'promoted', 'promoted', 'held', 'promoted', 'promoted', 'promoted', 'promoted', 'promoted', 'promoted', 'promoted', 'held', 'held', 'held', 'promoted', 'promoted', 'held', 'promoted']",13,5,v15,18,3,15,0,0.1666666666666666,1.0,0.2857142857142857,134.33333333333334,0.8592238426208496
2026-03-12 19:48:34,PSO_ELM_kswin,linear_abrupt_drift_28,,0.0419258952306959,0.0053830298380975,0.0733691340966865,13,28.77868175506592,2.213744750389686,9,"['held', 'promoted', 'held', 'promoted', 'promoted', 'promoted', 'promoted', 'promoted', 'held', 'promoted', 'promoted', 'promoted', 'held']",9,4,v10,13,3,10,0,0.2307692307692307,1.0,0.375,-79.66666666666667,30.752753734588623
2026-03-12 19:48:35,ELM_kswin,linear_abrupt_drift_28,,0.0580601327076476,0.0116883077370177,0.1081124772494724,19,0.0162203311920166,0.000853701641685,18,"['promoted', 'promoted', 'promoted', 'promoted', 'promoted', 'promoted', 'promoted', 'promoted', 'promoted', 'promoted', 'promoted', 'promoted', 'promoted', 'promoted', 'held', 'promoted', 'promoted', 'promoted', 'promoted']",18,1,v19,19,3,16,0,0.1578947368421052,1.0,0.2727272727272727,-3.6666666666666665,1.0432639122009275
2026-03-12 19:51:21,PSO_ELM_kswin,linear_abrupt_drift_29,,0.0724325114484972,0.0860167330530458,0.2932860942033322,15,57.36900949478149,3.8246006329854327,14,"['held', 'promoted', 'promoted', 'promoted', 'promoted', 'promoted', 'promoted', 'promoted', 'promoted', 'promoted', 'promoted', 'promoted', 'promoted', 'promoted', 'promoted']",14,1,v15,15,3,12,0,0.2,1.0,0.3333333333333333,-97.66666666666669,59.48588061332703
2026-03-12 19:51:22,ELM_kswin,linear_abrupt_drift_29,,0.0742477939113183,0.0536442183867511,0.2316122155387128,18,0.0106675624847412,0.0005926423602634,16,"['promoted', 'held', 'held', 'promoted', 'promoted', 'promoted', 'promoted', 'promoted', 'promoted', 'promoted', 'promoted', 'promoted', 'promoted', 'promoted', 'promoted', 'promoted', 'promoted', 'promoted']",16,2,v18,18,3,15,0,0.1666666666666666,1.0,0.2857142857142857,-28.666666666666668,1.1370699405670166
2026-03-12 19:53:54,PSO_ELM_kswin,linear_abrupt_drift_30,,0.0486092451734635,0.0090696043825036,0.0952344705582154,17,65.02969717979431,3.825276304693783,10,"['held', 'held', 'promoted', 'promoted', 'promoted', 'held', 'promoted', 'promoted', 'promoted', 'held', 'held', 'held', 'promoted', 'promoted', 'promoted', 'held', 'promoted']",10,7,v17,17,3,14,0,0.1764705882352941,1.0,0.3,-43.333333333333336,66.17000365257263
2026-03-12 19:53:56,ELM_kswin,linear_abrupt_drift_30,,0.1113344559776916,0.1594148935207776,0.3992679470240224,16,0.0099508762359619,0.0006219297647476,13,"['promoted', 'promoted', 'promoted', 'promoted', 'held', 'held', 'promoted', 'promoted', 'held', 'promoted', 'promoted', 'promoted', 'promoted', 'promoted', 'promoted', 'promoted']",13,3,v16,16,3,13,0,0.1875,1.0,0.3157894736842105,-19.666666666666668,1.7651278972625732
2026-03-12 19:56:07,PSO_ELM_kswin,nonlinear_gradual_drift_1,,0.0178745686924011,0.0005094328963575,0.0225706202032107,6,25.919154167175293,4.319859027862549,5,"['held', 'promoted', 'promoted', 'promoted', 'promoted', 'promoted']",5,1,v4,6,0,6,3,0.0,0.0,0.0,,28.90611958503723
2026-03-12 19:56:11,ELM_kswin,nonlinear_gradual_drift_1,,0.0180541247345425,0.000548734463512,0.0234250819318113,6,0.002518892288208,0.000419815381368,2,"['held', 'promoted', 'held', 'promoted', 'held', 'held']",2,4,v0,6,1,5,2,0.1666666666666666,0.3333333333333333,0.2222222222222222,94.0,3.074136018753052
2026-03-12 19:57:48,PSO_ELM_kswin,nonlinear_gradual_drift_2,,0.0180854689214876,0.000516027923178,0.0227162479995717,3,22.09628868103028,7.365429560343425,2,"['held', 'promoted', 'promoted']",2,1,v0,3,0,3,3,0.0,0.0,0.0,,25.068243741989136
2026-03-12 19:57:51,ELM_kswin,nonlinear_gradual_drift_2,,0.0174546430840178,0.0004739910310799,0.0217713350780328,3,0.0014331340789794,0.0004777113596598,0,"['held', 'held', 'held']",0,3,v0,3,2,1,1,0.6666666666666666,0.6666666666666666,0.6666666666666666,35.0,2.947629928588867
2026-03-12 19:59:31,PSO_ELM_kswin,nonlinear_gradual_drift_3,,0.0181734360275985,0.0005229069004606,0.0228671576821579,9,26.012394189834595,2.890266021092733,7,"['promoted', 'promoted', 'promoted', 'held', 'held', 'promoted', 'promoted', 'promoted', 'promoted']",7,2,v9,9,3,6,0,0.3333333333333333,1.0,0.5,-44.333333333333336,28.09538769721985
2026-03-12 19:59:33,ELM_kswin,nonlinear_gradual_drift_3,,0.01904930514681,0.0005829098151398,0.0241435253254326,11,0.0205752849578857,0.0018704804507168,6,"['promoted', 'promoted', 'held', 'held', 'promoted', 'promoted', 'promoted', 'held', 'held', 'promoted']",6,4,v10,11,1,10,2,0.0909090909090909,0.3333333333333333,0.1428571428571428,236.0,1.853773832321167
2026-03-12 20:01:14,PSO_ELM_kswin,nonlinear_gradual_drift_4,,0.0183911955243277,0.000544884038459,0.0233427513044006,10,26.751723766326904,2.6751723766326903,7,"['promoted', 'held', 'held', 'promoted', 'promoted', 'promoted', 'promoted', 'promoted', 'promoted', 'held']",7,3,v9,10,1,9,2,0.1,0.3333333333333333,0.1538461538461538,59.0,28.799729108810425
2026-03-12 20:01:16,ELM_kswin,nonlinear_gradual_drift_4,,0.0201066046132953,0.0006414323476159,0.0253265147151344,8,0.0014364719390869,0.0001795589923858,5,"['promoted', 'held', 'held', 'promoted', 'promoted', 'promoted', 'promoted', 'held']",5,3,v7,8,2,6,1,0.25,0.6666666666666666,0.3636363636363636,29.5,2.2276852130889893
2026-03-12 20:02:45,PSO_ELM_kswin,nonlinear_gradual_drift_5,,0.0179597432752027,0.0005149050966901,0.022691520369737,5,13.20906925201416,2.641813850402832,2,"['held', 'promoted', 'held', 'held', 'promoted']",2,3,v5,5,1,4,2,0.2,0.3333333333333333,0.25,-24.0,15.867885112762451
2026-03-12 20:02:47,ELM_kswin,nonlinear_gradual_drift_5,,0.020679046990402,0.0007242831317886,0.0269125088349019,12,0.004626989364624,0.000385582447052,9,"['promoted', 'promoted', 'held', 'promoted', 'promoted', 'held', 'promoted', 'promoted', 'promoted', 'promoted', 'promoted', 'held']",9,3,v10,12,3,9,0,0.25,1.0,0.4,-50.0,1.6682908535003662
2026-03-12 20:04:41,PSO_ELM_kswin,nonlinear_gradual_drift_6,,0.0194512325957984,0.000614450981395,0.0247881217803013,9,36.24566435813904,4.027296039793226,9,"['promoted', 'promoted', 'promoted', 'promoted', 'promoted', 'promoted', 'promoted', 'promoted', 'promoted']",9,0,v9,9,2,7,1,0.2222222222222222,0.6666666666666666,0.3333333333333333,-88.5,38.43077206611633
2026-03-12 20:04:43,ELM_kswin,nonlinear_gradual_drift_6,,0.0184197423561777,0.0005358170349676,0.0231477220254541,7,0.0020380020141601,0.00029114314488,4,"['held', 'held', 'promoted', 'promoted', 'promoted', 'held', 'promoted']",4,3,v7,7,2,5,1,0.2857142857142857,0.6666666666666666,0.4,50.5,2.331209182739258
2026-03-12 20:06:23,PSO_ELM_kswin,nonlinear_gradual_drift_7,,0.0185117383385928,0.0005442886864488,0.0233299954232487,5,23.48514056205749,4.697028112411499,4,"['promoted', 'held', 'promoted', 'promoted', 'promoted']",4,1,v0,5,3,2,0,0.6,1.0,0.7499999999999999,-19.666666666666668,26.14872574806213
2026-03-12 20:06:25,ELM_kswin,nonlinear_gradual_drift_7,,0.0211492651967121,0.0009148349720141,0.0302462389730383,10,0.0030310153961181,0.0003031015396118,7,"['promoted', 'held', 'held', 'held', 'promoted', 'promoted', 'promoted', 'promoted', 'promoted', 'promoted']",7,3,v10,10,2,8,1,0.2,0.6666666666666666,0.3076923076923076,85.0,1.9288792610168457
2026-03-12 20:08:02,PSO_ELM_kswin,nonlinear_gradual_drift_8,,0.0174774550916365,0.0004842997550976,0.0220068115613692,4,22.820384740829468,5.705096185207367,3,"['promoted', 'promoted', 'promoted', 'held']",3,1,v0,4,1,3,2,0.25,0.3333333333333333,0.2857142857142857,79.0,25.713301181793213
2026-03-12 20:08:05,ELM_kswin,nonlinear_gradual_drift_8,,0.0204353572938187,0.0006695992006794,0.0258766149385785,7,0.0062572956085205,0.0008938993726457,7,"['promoted', 'promoted', 'promoted', 'promoted', 'promoted', 'promoted', 'promoted']",7,0,v7,7,1,6,2,0.1428571428571428,0.3333333333333333,0.2,-1.0,2.3092706203460693
2026-03-12 20:09:34,PSO_ELM_kswin,nonlinear_gradual_drift_9,,0.0181942896719824,0.0005252368829384,0.0229180471013219,8,14.866183280944824,1.858272910118103,7,"['held', 'promoted', 'promoted', 'promoted', 'promoted', 'promoted', 'promoted', 'promoted']",7,1,v7,8,1,7,2,0.125,0.3333333333333333,0.1818181818181818,177.0,17.195894718170166
2026-03-12 20:09:36,ELM_kswin,nonlinear_gradual_drift_9,,0.0195755482847213,0.0006248026570877,0.0249960528301517,7,0.0046651363372802,0.0006664480481828,3,"['held', 'held', 'held', 'promoted', 'held', 'promoted', 'promoted']",3,4,v7,7,1,6,2,0.1428571428571428,0.3333333333333333,0.2,113.0,2.4005634784698486
2026-03-12 20:11:40,PSO_ELM_kswin,nonlinear_gradual_drift_10,,0.0172311260978965,0.0004754866606491,0.0218056566204535,5,40.63330912590027,8.126661825180054,4,"['promoted', 'promoted', 'held', 'promoted', 'promoted']",4,1,v0,5,2,3,1,0.4,0.6666666666666666,0.5,22.5,43.54578304290772
2026-03-12 20:11:42,ELM_kswin,nonlinear_gradual_drift_10,,0.0191410216321098,0.0006027723328256,0.0245514222159453,10,0.0049951076507568,0.0004995107650756,8,"['promoted', 'promoted', 'held', 'held', 'promoted', 'promoted', 'promoted', 'promoted', 'promoted', 'promoted']",8,2,v10,10,1,9,2,0.1,0.3333333333333333,0.1538461538461538,48.0,2.212642192840576
2026-03-12 20:14:08,PSO_ELM_kswin,nonlinear_gradual_drift_11,,0.0179474448040939,0.0005286289667766,0.0229919326455303,9,54.71503043174744,6.079447825749715,5,"['held', 'held', 'held', 'held', 'promoted', 'promoted', 'promoted', 'promoted', 'promoted']",5,4,v7,9,2,7,1,0.2222222222222222,0.6666666666666666,0.3333333333333333,84.0,57.297224283218384
2026-03-12 20:14:11,ELM_kswin,nonlinear_gradual_drift_11,,0.0182157693407654,0.0005233588991364,0.0228770386880918,5,0.0020103454589843,0.0004020690917968,2,"['promoted', 'promoted', 'held', 'held', 'held']",2,3,v2,5,2,3,1,0.4,0.6666666666666666,0.5,-78.5,2.713218927383423
2026-03-12 20:16:27,PSO_ELM_kswin,nonlinear_gradual_drift_12,,0.0171372417910267,0.0004659407614995,0.0215856610160442,4,36.0185341835022,9.00463354587555,2,"['promoted', 'promoted', 'held', 'held']",2,2,v0,4,2,2,1,0.5,0.6666666666666666,0.5714285714285715,114.0,39.74974942207336
2026-03-12 20:16:31,ELM_kswin,nonlinear_gradual_drift_12,,0.0172203741856788,0.0004691044058769,0.0216588182012991,5,0.0075094699859619,0.0015018939971923,4,"['promoted', 'promoted', 'promoted', 'promoted', 'held']",4,1,v0,5,2,3,1,0.4,0.6666666666666666,0.5,-20.0,3.81362533569336
2026-03-12 20:19:01,PSO_ELM_kswin,nonlinear_gradual_drift_13,,0.0189170736123443,0.0005791358587323,0.0240652417135661,13,54.96614098548889,4.228164691191453,11,"['promoted', 'promoted', 'held', 'promoted', 'promoted', 'promoted', 'promoted', 'promoted', 'promoted', 'held', 'promoted', 'promoted', 'promoted']",11,2,v11,13,2,11,1,0.1538461538461538,0.6666666666666666,0.25,105.5,56.54539084434509
2026-03-12 20:19:03,ELM_kswin,nonlinear_gradual_drift_13,,0.0190943780919161,0.0005881512962841,0.0242518307821112,10,0.0063362121582031,0.0006336212158203,6,"['promoted', 'held', 'promoted', 'promoted', 'promoted', 'held', 'promoted', 'promoted', 'held', 'held']",6,4,v8,10,1,9,2,0.1,0.3333333333333333,0.1538461538461538,97.0,2.1609110832214355
2026-03-12 20:21:24,PSO_ELM_kswin,nonlinear_gradual_drift_14,,0.0190982273207911,0.0005825747198296,0.0241365846761634,10,42.37564897537232,4.237564897537231,6,"['held', 'held', 'held', 'promoted', 'promoted', 'promoted', 'promoted', 'promoted', 'promoted', 'held']",6,4,v5,10,2,8,1,0.2,0.6666666666666666,0.3076923076923076,115.0,44.7937068939209
2026-03-12 20:21:26,ELM_kswin,nonlinear_gradual_drift_14,,0.0197506065702228,0.0006421239732288,0.0253401652170781,11,0.0039699077606201,0.0003609007055109,9,"['held', 'promoted', 'promoted', 'promoted', 'promoted', 'promoted', 'promoted', 'promoted', 'promoted', 'promoted', 'held']",9,2,v10,11,2,9,1,0.1818181818181818,0.6666666666666666,0.2857142857142857,170.0,2.027477741241455
2026-03-12 20:23:38,PSO_ELM_kswin,nonlinear_gradual_drift_15,,0.0181694198984253,0.0005267049850014,0.0229500541394004,7,30.68666934967041,4.383809907095773,6,"['promoted', 'promoted', 'promoted', 'promoted', 'promoted', 'held', 'promoted']",6,1,v0,7,1,6,2,0.1428571428571428,0.3333333333333333,0.2,46.0,33.442580461502075
2026-03-12 20:23:41,ELM_kswin,nonlinear_gradual_drift_15,,0.0194769373829264,0.0006360706388227,0.0252204408927112,9,0.0028622150421142,0.0003180238935682,9,"['promoted', 'promoted', 'promoted', 'promoted', 'promoted', 'promoted', 'promoted', 'promoted', 'promoted']",9,0,v8,9,1,8,2,0.1111111111111111,0.3333333333333333,0.1666666666666666,114.0,2.9240732192993164
2026-03-12 20:25:53,PSO_ELM_kswin,nonlinear_gradual_drift_16,,0.0181122439056011,0.0005293621969028,0.0230078724984057,7,31.86338710784912,4.551912443978446,6,"['promoted', 'promoted', 'held', 'promoted', 'promoted', 'promoted', 'promoted']",6,1,v0,7,1,6,2,0.1428571428571428,0.3333333333333333,0.2,15.0,34.72376275062561
2026-03-12 20:25:57,ELM_kswin,nonlinear_gradual_drift_16,,0.0172265779694391,0.0004608794107517,0.0214681021693053,5,0.0018916130065917,0.0003783226013183,0,"['held', 'held', 'held', 'held', 'held']",0,5,v0,5,2,3,1,0.4,0.6666666666666666,0.5,99.0,3.613131523132324
2026-03-12 20:28:05,PSO_ELM_kswin,nonlinear_gradual_drift_17,,0.0184280993156252,0.0005432575094382,0.0233078851343972,10,20.395909547805783,2.0395909547805786,4,"['held', 'held', 'held', 'promoted', 'promoted', 'promoted', 'held', 'held', 'promoted', 'held']",4,6,v9,10,3,7,0,0.3,1.0,0.4615384615384615,46.333333333333336,22.729268312454224
2026-03-12 20:28:08,ELM_kswin,nonlinear_gradual_drift_17,,0.0201224514346754,0.0006642499941972,0.0257730478251458,7,0.006443977355957,0.0009205681937081,4,"['held', 'promoted', 'promoted', 'promoted', 'held', 'promoted', 'held']",4,3,v6,7,1,6,2,0.1428571428571428,0.3333333333333333,0.2,36.0,2.949835777282715
2026-03-12 20:29:38,PSO_ELM_kswin,nonlinear_gradual_drift_18,,0.0170483932901095,0.0004570535036481,0.0213788096873555,2,11.149147748947144,5.574573874473572,0,"['held', 'held']",0,2,v0,2,1,1,2,0.5,0.3333333333333333,0.4,17.0,14.175769090652466
2026-03-12 20:29:40,ELM_kswin,nonlinear_gradual_drift_18,,0.021381373126614,0.0007861278646708,0.0280379718359016,12,0.0096762180328369,0.0008063515027364,9,"['held', 'promoted', 'promoted', 'promoted', 'promoted', 'promoted', 'promoted', 'promoted', 'held', 'promoted', 'held', 'promoted']",9,3,v10,12,2,10,1,0.1666666666666666,0.6666666666666666,0.2666666666666666,-105.5,2.1970224380493164
2026-03-12 20:32:53,PSO_ELM_kswin,nonlinear_gradual_drift_19,,0.017724388673449,0.0004925844103971,0.0221942427308794,9,90.44643354415894,10.04960372712877,5,"['held', 'promoted', 'promoted', 'held', 'held', 'promoted', 'promoted', 'promoted', 'held']",5,4,v7,9,2,7,1,0.2222222222222222,0.6666666666666666,0.3333333333333333,-59.5,93.3152792453766
2026-03-12 20:32:57,ELM_kswin,nonlinear_gradual_drift_19,,0.0216134335322164,0.0008102003933939,0.0284640192768687,9,0.0115211009979248,0.0012801223331027,6,"['promoted', 'held', 'promoted', 'held', 'promoted', 'held', 'promoted', 'promoted', 'promoted']",6,3,v6,9,2,7,1,0.2222222222222222,0.6666666666666666,0.3333333333333333,-97.0,3.884239912033081
2026-03-12 20:35:42,PSO_ELM_kswin,nonlinear_gradual_drift_20,,0.0173239089902009,0.0004767879811579,0.0218354752904063,4,45.04082274436951,11.260205686092377,0,"['held', 'held', 'held', 'held']",0,4,v0,4,1,3,2,0.25,0.3333333333333333,0.2857142857142857,-232.0,47.90156602859497
2026-03-12 20:35:45,ELM_kswin,nonlinear_gradual_drift_20,,0.0191249183658815,0.0005853126530922,0.0241932356887664,8,0.0070202350616455,0.0008775293827056,3,"['promoted', 'held', 'held', 'held', 'promoted', 'promoted', 'held', 'held']",3,5,v6,8,2,6,1,0.25,0.6666666666666666,0.3636363636363636,15.5,2.654671192169189
2026-03-12 20:38:15,PSO_ELM_kswin,nonlinear_gradual_drift_21,,0.0172181471899992,0.0004702049770955,0.0216842103175464,7,36.92836356163025,5.275480508804321,3,"['held', 'held', 'promoted', 'promoted', 'held', 'promoted', 'held']",3,4,v0,7,1,6,2,0.1428571428571428,0.3333333333333333,0.2,48.0,39.40839838981629
2026-03-12 20:38:18,ELM_kswin,nonlinear_gradual_drift_21,,0.0174131678291815,0.0004840446288103,0.0220010142677635,9,0.0043144226074218,0.0004793802897135,5,"['promoted', 'held', 'promoted', 'held', 'held', 'held', 'promoted', 'promoted', 'promoted']",5,4,v8,9,1,8,2,0.1111111111111111,0.3333333333333333,0.1666666666666666,-129.0,2.272894859313965
2026-03-12 20:40:03,PSO_ELM_kswin,nonlinear_gradual_drift_22,,0.0173993670418653,0.0004743187700143,0.0217788606225017,3,22.13582682609558,7.37860894203186,1,"['held', 'promoted', 'held']",1,2,v2,3,1,2,2,0.3333333333333333,0.3333333333333333,0.3333333333333333,149.0,25.02796459197998
2026-03-12 20:40:06,ELM_kswin,nonlinear_gradual_drift_22,,0.0170232666945321,0.0004549143611954,0.0213287215086947,5,0.0015075206756591,0.0003015041351318,0,"['held', 'held', 'held', 'held', 'held']",0,5,v0,5,0,5,3,0.0,0.0,0.0,,2.6385929584503174
2026-03-12 20:43:11,PSO_ELM_kswin,nonlinear_gradual_drift_23,,0.0177001431820087,0.0004935251378133,0.022215425672567,7,68.7744882106781,9.824926887239728,2,"['held', 'promoted', 'promoted', 'held', 'held', 'held', 'held']",2,5,v0,7,2,5,1,0.2857142857142857,0.6666666666666666,0.4,162.5,71.32104349136353
2026-03-12 20:43:12,ELM_kswin,nonlinear_gradual_drift_23,,0.0217494797223235,0.0009655842568287,0.0310738516574421,12,0.0232720375061035,0.0019393364588419,9,"['held', 'promoted', 'promoted', 'held', 'promoted', 'held', 'promoted', 'promoted', 'promoted', 'promoted', 'promoted', 'promoted']",9,3,v9,12,1,11,2,0.0833333333333333,0.3333333333333333,0.1333333333333333,-106.0,1.6742606163024902
2026-03-12 20:45:47,PSO_ELM_kswin,nonlinear_gradual_drift_24,,0.0189805400489176,0.0005717536887513,0.0239113715363915,8,37.3140914440155,4.664261430501938,5,"['promoted', 'held', 'promoted', 'promoted', 'held', 'promoted', 'held', 'promoted']",5,3,v7,8,2,6,1,0.25,0.6666666666666666,0.3636363636363636,-169.5,39.8055112361908
2026-03-12 20:45:49,ELM_kswin,nonlinear_gradual_drift_24,,0.0206346337410503,0.0009696005981144,0.0311384103337739,8,0.01808762550354,0.0022609531879425,7,"['promoted', 'held', 'promoted', 'promoted', 'promoted', 'promoted', 'promoted', 'promoted']",7,1,v0,8,3,5,0,0.375,1.0,0.5454545454545454,-65.0,2.401292085647583
2026-03-12 20:48:48,PSO_ELM_kswin,nonlinear_gradual_drift_25,,0.0204575243550424,0.0008943836166113,0.0299062471168035,9,58.35548686981201,6.483942985534668,6,"['promoted', 'promoted', 'held', 'promoted', 'promoted', 'held', 'promoted', 'promoted', 'held']",6,3,v5,9,3,6,0,0.3333333333333333,1.0,0.5,-39.333333333333336,60.59017610549927
2026-03-12 20:48:50,ELM_kswin,nonlinear_gradual_drift_25,,0.0199456944284596,0.0006688192042711,0.025861539093239,11,0.0030248165130615,0.0002749833193692,7,"['held', 'held', 'held', 'promoted', 'promoted', 'held', 'promoted', 'promoted', 'promoted', 'promoted', 'promoted']",7,4,v9,11,2,9,1,0.1818181818181818,0.6666666666666666,0.2857142857142857,3.5,1.9498462677001955
2026-03-12 20:51:32,PSO_ELM_kswin,nonlinear_gradual_drift_26,,0.0180373168595198,0.0005332588561824,0.0230923982336712,6,35.809688329696655,5.968281388282776,3,"['held', 'held', 'held', 'promoted', 'promoted', 'promoted']",3,3,v0,6,2,4,1,0.3333333333333333,0.6666666666666666,0.4444444444444444,28.5,38.3603835105896
2026-03-12 20:51:34,ELM_kswin,nonlinear_gradual_drift_26,,0.0212755838523429,0.0007373533191024,0.0271542504794822,9,0.0075860023498535,0.0008428891499837,7,"['held', 'promoted', 'held', 'promoted', 'promoted', 'promoted', 'promoted', 'promoted', 'promoted']",7,2,v9,9,1,8,2,0.1111111111111111,0.3333333333333333,0.1666666666666666,60.0,2.1233553886413574
2026-03-12 20:54:14,PSO_ELM_kswin,nonlinear_gradual_drift_27,,0.0181248531625254,0.0005213672553891,0.0228334678791721,7,36.83279752731323,5.261828218187604,7,"['promoted', 'promoted', 'promoted', 'promoted', 'promoted', 'promoted', 'promoted']",7,0,v7,7,3,4,0,0.4285714285714285,1.0,0.6,-65.0,39.398035287857056
2026-03-12 20:54:15,ELM_kswin,nonlinear_gradual_drift_27,,0.0212461064642835,0.0007344693185377,0.0271010944158666,12,0.0068495273590087,0.000570793946584,6,"['held', 'promoted', 'held', 'held', 'promoted', 'held', 'promoted', 'promoted', 'held', 'held', 'promoted', 'promoted']",6,6,v12,12,2,10,1,0.1666666666666666,0.6666666666666666,0.2666666666666666,103.0,1.6870079040527344
2026-03-12 20:56:31,PSO_ELM_kswin,nonlinear_gradual_drift_28,,0.0180371184049801,0.0005060027523063,0.0224945049357907,6,14.300532579421995,2.383422096570333,2,"['promoted', 'held', 'held', 'held', 'promoted', 'held']",2,4,v4,6,2,4,1,0.3333333333333333,0.6666666666666666,0.4444444444444444,-190.5,16.973520040512085
2026-03-12 20:56:33,ELM_kswin,nonlinear_gradual_drift_28,,0.0194561834478797,0.0006036336978653,0.0245689580134221,7,0.0027451515197753,0.000392164502825,5,"['held', 'held', 'promoted', 'promoted', 'promoted', 'promoted', 'promoted']",5,2,v6,7,1,6,2,0.1428571428571428,0.3333333333333333,0.2,144.0,2.3179941177368164
2026-03-12 20:59:12,PSO_ELM_kswin,nonlinear_gradual_drift_29,,0.0181767125996599,0.0005238629412683,0.0228880523694854,9,37.84764838218689,4.205294264687432,6,"['held', 'promoted', 'promoted', 'promoted', 'promoted', 'held', 'promoted', 'held', 'promoted']",6,3,v9,9,1,8,2,0.1111111111111111,0.3333333333333333,0.1666666666666666,-49.0,40.19701266288757
2026-03-12 20:59:14,ELM_kswin,nonlinear_gradual_drift_29,,0.0184100453877823,0.0005361823528082,0.0231556116915163,12,0.0188570022583007,0.0015714168548583,10,"['promoted', 'promoted', 'promoted', 'held', 'promoted', 'promoted', 'promoted', 'promoted', 'promoted', 'promoted', 'promoted', 'held']",10,2,v11,12,3,9,0,0.25,1.0,0.4,-16.333333333333332,1.6976144313812256
2026-03-12 21:01:38,PSO_ELM_kswin,nonlinear_gradual_drift_30,,0.0183757551502039,0.0005414188429472,0.0232684086896218,7,25.63277816772461,3.6618254525320872,3,"['held', 'held', 'promoted', 'promoted', 'held', 'promoted', 'held']",3,4,v0,7,2,5,1,0.2857142857142857,0.6666666666666666,0.4,-136.5,28.169591426849365
2026-03-12 21:01:41,ELM_kswin,nonlinear_gradual_drift_30,,0.0187153324407188,0.0005556121870177,0.0235714273436665,8,0.0176591873168945,0.0022073984146118,6,"['promoted', 'promoted', 'held', 'held', 'promoted', 'promoted', 'promoted', 'promoted']",6,2,v8,8,2,6,1,0.25,0.6666666666666666,0.3636363636363636,119.0,2.469059944152832
2026-03-12 21:04:04,PSO_ELM_kswin,nonlinear_abrupt_drift_1,,0.0415383367225966,0.0039269246523833,0.0626651789463922,16,19.76272439956665,1.2351702749729156,13,"['promoted', 'promoted', 'held', 'promoted', 'held', 'promoted', 'promoted', 'promoted', 'promoted', 'promoted', 'promoted', 'promoted', 'held', 'promoted', 'promoted', 'promoted']",13,3,v16,16,3,13,0,0.1875,1.0,0.3157894736842105,88.33333333333333,20.88633704185486
2026-03-12 21:04:05,ELM_kswin,nonlinear_abrupt_drift_1,,0.1380991800125927,0.135287860710631,0.3678149816288497,17,0.0081725120544433,0.0004807360032025,14,"['held', 'promoted', 'held', 'promoted', 'promoted', 'promoted', 'promoted', 'promoted', 'promoted', 'promoted', 'held', 'promoted', 'promoted', 'promoted', 'promoted', 'promoted', 'promoted']",14,3,v17,17,3,14,0,0.1764705882352941,1.0,0.3,-46.66666666666666,0.9133188724517822
2026-03-12 21:07:09,PSO_ELM_kswin,nonlinear_abrupt_drift_2,,0.030934163558175,0.0018461883751906,0.0429672942502854,12,72.24498200416565,6.020415167013804,11,"['promoted', 'promoted', 'promoted', 'promoted', 'promoted', 'promoted', 'promoted', 'promoted', 'promoted', 'promoted', 'promoted', 'held']",11,1,v0,12,3,9,0,0.25,1.0,0.4,64.66666666666667,74.04033827781677
2026-03-12 21:07:10,ELM_kswin,nonlinear_abrupt_drift_2,,0.0379489056919786,0.0026732879891289,0.0517038488811902,16,0.0113670825958251,0.000710442662239,14,"['promoted', 'promoted', 'promoted', 'promoted', 'promoted', 'promoted', 'held', 'promoted', 'promoted', 'promoted', 'promoted', 'promoted', 'promoted', 'promoted', 'promoted', 'held']",14,2,v15,16,3,13,0,0.1875,1.0,0.3157894736842105,-3.333333333333333,1.10834002494812
2026-03-12 21:09:58,PSO_ELM_kswin,nonlinear_abrupt_drift_3,,0.0978488734037237,0.0339703224705973,0.1843103970767718,17,43.10615515708923,2.535656185711132,17,"['promoted', 'promoted', 'promoted', 'promoted', 'promoted', 'promoted', 'promoted', 'promoted', 'promoted', 'promoted', 'promoted', 'promoted', 'promoted', 'promoted', 'promoted', 'promoted', 'promoted']",17,0,v17,17,3,14,0,0.1764705882352941,1.0,0.3,-37.66666666666666,44.39908313751221
2026-03-12 21:09:59,ELM_kswin,nonlinear_abrupt_drift_3,,0.0783552392947221,0.013788241980003,0.1174233451235444,16,0.0289525985717773,0.001809537410736,15,"['promoted', 'promoted', 'promoted', 'promoted', 'promoted', 'promoted', 'promoted', 'promoted', 'promoted', 'promoted', 'promoted', 'promoted', 'promoted', 'held', 'promoted', 'promoted']",15,1,v16,16,3,13,0,0.1875,1.0,0.3157894736842105,0.6666666666666666,1.1767165660858154
2026-03-12 21:12:56,PSO_ELM_kswin,nonlinear_abrupt_drift_4,,0.0319949469732881,0.0031682826916027,0.0562875003140371,12,49.82400393486023,4.152000327905019,9,"['promoted', 'promoted', 'promoted', 'promoted', 'held', 'promoted', 'held', 'promoted', 'held', 'promoted', 'promoted', 'promoted']",9,3,v12,12,3,9,0,0.25,1.0,0.4,28.0,51.62695693969727
2026-03-12 21:12:57,ELM_kswin,nonlinear_abrupt_drift_4,,0.0442453139976439,0.0043431331795294,0.0659024519993715,16,0.012366771697998,0.0007729232311248,12,"['promoted', 'promoted', 'promoted', 'held', 'promoted', 'promoted', 'promoted', 'promoted', 'held', 'promoted', 'promoted', 'held', 'promoted', 'promoted', 'promoted', 'held']",12,4,v15,16,3,13,0,0.1875,1.0,0.3157894736842105,21.666666666666668,1.3201837539672852
2026-03-12 21:15:34,PSO_ELM_kswin,nonlinear_abrupt_drift_5,,0.0305270250035776,0.0111427245329515,0.1055591044531526,9,48.09391570091248,5.343768411212498,4,"['held', 'held', 'held', 'held', 'held', 'promoted', 'promoted', 'promoted', 'promoted']",4,5,v9,9,1,8,2,0.1111111111111111,0.3333333333333333,0.1666666666666666,-43.0,50.4005274772644
2026-03-12 21:15:35,ELM_kswin,nonlinear_abrupt_drift_5,,0.1465549498083158,0.1657831882114449,0.4071648170108082,20,0.0186972618103027,0.0009348630905151,16,"['promoted', 'promoted', 'promoted', 'promoted', 'held', 'promoted', 'promoted', 'promoted', 'held', 'held', 'held', 'promoted', 'promoted', 'promoted', 'promoted', 'promoted', 'promoted', 'promoted', 'promoted', 'promoted']",16,4,v20,20,3,17,0,0.15,1.0,0.2608695652173913,2.333333333333333,0.624314546585083
2026-03-12 21:18:27,PSO_ELM_kswin,nonlinear_abrupt_drift_6,,0.0557413381751589,0.017861327560026,0.1336462777634531,17,53.61715126037598,3.1539500741397632,16,"['promoted', 'promoted', 'promoted', 'promoted', 'promoted', 'promoted', 'promoted', 'promoted', 'held', 'promoted', 'promoted', 'promoted', 'promoted', 'promoted', 'promoted', 'promoted', 'promoted']",16,1,v15,17,3,14,0,0.1764705882352941,1.0,0.3,56.333333333333336,54.74003267288208
2026-03-12 21:18:28,ELM_kswin,nonlinear_abrupt_drift_6,,0.057887288311583,0.0132295225507859,0.1150196615835134,16,0.0143730640411376,0.0008983165025711,16,"['promoted', 'promoted', 'promoted', 'promoted', 'promoted', 'promoted', 'promoted', 'promoted', 'promoted', 'promoted', 'promoted', 'promoted', 'promoted', 'promoted', 'promoted', 'promoted']",16,0,v14,16,2,14,1,0.125,0.6666666666666666,0.2105263157894736,-41.5,1.278761625289917
2026-03-12 21:20:31,PSO_ELM_kswin,nonlinear_abrupt_drift_7,,0.0327670092297235,0.0018532238719143,0.0430490867721301,15,23.308600902557373,1.5539067268371582,14,"['promoted', 'promoted', 'promoted', 'promoted', 'promoted', 'promoted', 'promoted', 'promoted', 'held', 'promoted', 'promoted', 'promoted', 'promoted', 'promoted', 'promoted']",14,1,v15,15,3,12,0,0.2,1.0,0.3333333333333333,-66.66666666666667,24.88404560089112
2026-03-12 21:20:33,ELM_kswin,nonlinear_abrupt_drift_7,,0.0430579892614439,0.0041876235669386,0.064711850282144,15,0.0121581554412841,0.0008105436960856,13,"['promoted', 'held', 'promoted', 'promoted', 'promoted', 'promoted', 'promoted', 'promoted', 'promoted', 'promoted', 'promoted', 'held', 'promoted', 'promoted', 'promoted']",13,2,v8,15,3,12,0,0.2,1.0,0.3333333333333333,0.6666666666666666,1.4646780490875244
2026-03-12 21:23:01,PSO_ELM_kswin,nonlinear_abrupt_drift_8,,0.0259596312966034,0.0012794441327442,0.0357693183153418,11,46.87830662727356,4.261664238843051,7,"['held', 'promoted', 'held', 'held', 'promoted', 'promoted', 'promoted', 'promoted', 'held', 'promoted', 'promoted']",7,4,v8,11,2,9,1,0.1818181818181818,0.6666666666666666,0.2857142857142857,-14.5,49.07471299171448
2026-03-12 21:23:02,ELM_kswin,nonlinear_abrupt_drift_8,,0.0496995408366818,0.0064153776932383,0.0800960529192194,17,0.0174739360809326,0.001027878592996,15,"['promoted', 'promoted', 'promoted', 'promoted', 'promoted', 'promoted', 'promoted', 'promoted', 'promoted', 'promoted', 'promoted', 'promoted', 'promoted', 'promoted', 'held', 'held', 'promoted']",15,2,v17,17,3,14,0,0.1764705882352941,1.0,0.3,-15.666666666666666,1.1872835159301758
2026-03-12 21:25:01,PSO_ELM_kswin,nonlinear_abrupt_drift_9,,0.0313270397678567,0.0021787916982798,0.0466775288364737,15,24.09571957588196,1.6063813050587972,10,"['promoted', 'promoted', 'held', 'held', 'promoted', 'promoted', 'held', 'promoted', 'held', 'promoted', 'promoted', 'promoted', 'promoted', 'held', 'promoted']",10,5,v15,15,3,12,0,0.2,1.0,0.3333333333333333,-10.666666666666666,25.47108554840088
2026-03-12 21:25:03,ELM_kswin,nonlinear_abrupt_drift_9,,0.0396080788399149,0.004211098365306,0.0648929762401602,15,0.0135021209716796,0.0009001413981119,10,"['held', 'promoted', 'held', 'held', 'promoted', 'promoted', 'promoted', 'promoted', 'promoted', 'promoted', 'promoted', 'promoted', 'held', 'promoted', 'held']",10,5,v13,15,3,12,0,0.2,1.0,0.3333333333333333,-43.0,1.513087511062622
2026-03-12 21:27:06,PSO_ELM_kswin,nonlinear_abrupt_drift_10,,0.0619177814471868,0.0142423392129393,0.1193412720434104,15,31.300756454467773,2.0867170969645183,12,"['held', 'promoted', 'held', 'promoted', 'promoted', 'promoted', 'promoted', 'promoted', 'promoted', 'promoted', 'promoted', 'held', 'promoted', 'promoted', 'promoted']",12,3,v15,15,3,12,0,0.2,1.0,0.3333333333333333,43.66666666666666,33.19136691093445
2026-03-12 21:27:07,ELM_kswin,nonlinear_abrupt_drift_10,,0.0471908683707897,0.0053900146256379,0.0734167189789761,17,0.0095036029815673,0.0005590354695039,14,"['promoted', 'promoted', 'promoted', 'promoted', 'promoted', 'promoted', 'promoted', 'promoted', 'held', 'promoted', 'promoted', 'held', 'promoted', 'promoted', 'promoted', 'held', 'promoted']",14,3,v17,17,3,14,0,0.1764705882352941,1.0,0.3,-42.0,1.0357794761657717
2026-03-12 21:29:21,PSO_ELM_kswin,nonlinear_abrupt_drift_11,,0.148989445420535,0.44009132837577,0.6633937958526368,14,36.110074043273926,2.5792910030909946,13,"['promoted', 'promoted', 'promoted', 'promoted', 'promoted', 'promoted', 'promoted', 'promoted', 'promoted', 'promoted', 'held', 'promoted', 'promoted', 'promoted']",13,1,v14,14,3,11,0,0.2142857142857142,1.0,0.3529411764705882,-11.333333333333334,37.81700825691223
2026-03-12 21:29:22,ELM_kswin,nonlinear_abrupt_drift_11,,0.042935575279118,0.0036833003066756,0.0606901994285377,16,0.0098879337310791,0.0006179958581924,12,"['promoted', 'promoted', 'promoted', 'held', 'promoted', 'held', 'promoted', 'promoted', 'promoted', 'held', 'held', 'promoted', 'promoted', 'promoted', 'promoted', 'promoted']",12,4,v9,16,2,14,1,0.125,0.6666666666666666,0.2105263157894736,23.5,1.17106032371521
2026-03-12 21:31:46,PSO_ELM_kswin,nonlinear_abrupt_drift_12,,0.072279737178757,0.0172072813817018,0.1311765275561976,16,38.331178188323975,2.3956986367702484,11,"['promoted', 'promoted', 'held', 'held', 'promoted', 'promoted', 'promoted', 'promoted', 'held', 'promoted', 'promoted', 'promoted', 'promoted', 'held', 'promoted']",11,4,v12,16,3,13,0,0.1875,1.0,0.3157894736842105,-7.333333333333333,39.80174827575684
2026-03-12 21:31:48,ELM_kswin,nonlinear_abrupt_drift_12,,0.0395425543094375,0.0036506763174472,0.0604208268517342,12,0.0076351165771484,0.0006362597147623,5,"['held', 'held', 'promoted', 'promoted', 'promoted', 'promoted', 'promoted', 'held', 'held', 'held', 'held', 'held']",5,7,v0,12,2,10,1,0.1666666666666666,0.6666666666666666,0.2666666666666666,83.5,2.4065825939178467
2026-03-12 21:33:45,PSO_ELM_kswin,nonlinear_abrupt_drift_13,,0.0336394233751146,0.0037642966840298,0.0613538644588084,14,22.056914567947388,1.5754938977105275,14,"['promoted', 'promoted', 'promoted', 'promoted', 'promoted', 'promoted', 'promoted', 'promoted', 'promoted', 'promoted', 'promoted', 'promoted', 'promoted', 'promoted']",14,0,v10,14,2,12,1,0.1428571428571428,0.6666666666666666,0.2352941176470588,47.0,23.96878862380981
2026-03-12 21:33:46,ELM_kswin,nonlinear_abrupt_drift_13,,0.0346776245456469,0.0023273904292698,0.0482430350337729,14,0.0095021724700927,0.0006787266050066,9,"['promoted', 'held', 'held', 'promoted', 'promoted', 'promoted', 'promoted', 'held', 'held', 'promoted', 'promoted', 'promoted', 'promoted', 'held']",9,5,v13,14,3,11,0,0.2142857142857142,1.0,0.3529411764705882,109.0,1.5987176895141602
2026-03-12 21:35:55,PSO_ELM_kswin,nonlinear_abrupt_drift_14,,0.0420928348189894,0.0095219104055128,0.0975802767238996,11,21.445533514022827,1.949593955820257,11,"['promoted', 'promoted', 'promoted', 'promoted', 'promoted', 'promoted', 'promoted', 'promoted', 'promoted', 'promoted', 'promoted']",11,0,v11,11,3,8,0,0.2727272727272727,1.0,0.4285714285714285,-56.66666666666666,23.49815559387207
2026-03-12 21:35:57,ELM_kswin,nonlinear_abrupt_drift_14,,0.0423233941405518,0.0038131099504669,0.0617503842131118,17,0.0224695205688476,0.0013217365040498,14,"['promoted', 'promoted', 'promoted', 'held', 'promoted', 'promoted', 'promoted', 'promoted', 'held', 'promoted', 'promoted', 'promoted', 'promoted', 'held', 'promoted', 'promoted', 'promoted']",14,3,v15,17,3,14,0,0.1764705882352941,1.0,0.3,137.66666666666666,1.0129907131195068
2026-03-12 21:38:28,PSO_ELM_kswin,nonlinear_abrupt_drift_15,,0.0414295866864841,0.0061048822376767,0.0781337458315978,13,40.17250275611877,3.090192519701444,8,"['promoted', 'promoted', 'promoted', 'held', 'promoted', 'promoted', 'held', 'promoted', 'held', 'held', 'promoted', 'promoted', 'held']",8,5,v12,13,3,10,0,0.2307692307692307,1.0,0.375,-20.666666666666668,42.142080783844
2026-03-12 21:38:29,ELM_kswin,nonlinear_abrupt_drift_15,,0.0366194565699852,0.0037808606298076,0.0614887032698496,14,0.0051367282867431,0.0003669091633387,7,"['held', 'held', 'held', 'held', 'promoted', 'promoted', 'held', 'promoted', 'promoted', 'promoted', 'held', 'held', 'promoted', 'promoted']",7,7,v10,14,3,11,0,0.2142857142857142,1.0,0.3529411764705882,4.0,1.6045260429382324
2026-03-12 21:41:19,PSO_ELM_kswin,nonlinear_abrupt_drift_16,,0.0401357434051685,0.0053306176820174,0.0730110791730776,18,53.9030909538269,2.994616164101495,15,"['promoted', 'promoted', 'promoted', 'promoted', 'promoted', 'promoted', 'promoted', 'promoted', 'held', 'promoted', 'held', 'promoted', 'promoted', 'held', 'promoted', 'promoted', 'promoted', 'promoted']",15,3,v15,18,3,15,0,0.1666666666666666,1.0,0.2857142857142857,58.333333333333336,54.73081183433533
2026-03-12 21:41:20,ELM_kswin,nonlinear_abrupt_drift_16,,0.0422257672612726,0.0038953931845461,0.0624130850426905,17,0.0166022777557373,0.0009766045738669,11,"['held', 'promoted', 'held', 'promoted', 'held', 'promoted', 'promoted', 'held', 'promoted', 'promoted', 'promoted', 'held', 'promoted', 'promoted', 'promoted', 'held', 'promoted']",11,6,v17,17,3,14,0,0.1764705882352941,1.0,0.3,89.0,1.102336883544922
2026-03-12 21:42:29,PSO_ELM_kswin,nonlinear_abrupt_drift_17,,0.0368194124796776,0.0028547513599963,0.0534298732919736,14,40.51193118095398,2.8937093700681413,11,"['held', 'promoted', 'promoted', 'promoted', 'promoted', 'promoted', 'promoted', 'held', 'promoted', 'promoted', 'promoted', 'held', 'promoted', 'promoted']",11,3,v14,14,3,11,0,0.2142857142857142,1.0,0.3529411764705882,41.66666666666666,41.97084879875183
2026-03-12 21:42:29,ELM_kswin,nonlinear_abrupt_drift_17,,0.0810111191566013,0.0255421970666383,0.1598192637532732,19,0.0269131660461425,0.0014164824234811,11,"['held', 'held', 'promoted', 'promoted', 'promoted', 'promoted', 'held', 'held', 'held', 'held', 'promoted', 'promoted', 'promoted', 'promoted', 'held', 'promoted', 'held', 'promoted', 'promoted']",11,8,v19,19,3,16,0,0.1578947368421052,1.0,0.2727272727272727,55.66666666666666,0.5731034278869629
2026-03-12 21:45:20,PSO_ELM_kswin,nonlinear_abrupt_drift_18,,0.0388129331010619,0.0044981492151035,0.0670682429701538,16,52.466200828552246,3.2791375517845154,15,"['promoted', 'promoted', 'promoted', 'promoted', 'held', 'promoted', 'promoted', 'promoted', 'promoted', 'promoted', 'promoted', 'promoted', 'promoted', 'promoted', 'promoted', 'promoted']",15,1,v7,16,3,13,0,0.1875,1.0,0.3157894736842105,9.333333333333334,53.71085548400879
2026-03-12 21:45:21,ELM_kswin,nonlinear_abrupt_drift_18,,0.0937768568634341,0.0256120224850953,0.160037565855943,18,0.0128815174102783,0.0007156398561265,15,"['promoted', 'promoted', 'promoted', 'promoted', 'held', 'promoted', 'promoted', 'promoted', 'held', 'promoted', 'promoted', 'promoted', 'promoted', 'held', 'promoted', 'promoted', 'promoted', 'promoted']",15,3,v15,18,3,15,0,0.1666666666666666,1.0,0.2857142857142857,133.33333333333334,0.8534817695617676
2026-03-12 21:47:50,PSO_ELM_kswin,nonlinear_abrupt_drift_19,,0.1233028632880809,0.1791694829637201,0.4232841633745823,18,32.75891971588135,1.8199399842156303,12,"['held', 'promoted', 'promoted', 'promoted', 'promoted', 'held', 'held', 'promoted', 'held', 'promoted', 'promoted', 'promoted', 'held', 'promoted', 'held', 'promoted', 'promoted', 'promoted']",12,6,v18,18,2,16,1,0.1111111111111111,0.6666666666666666,0.1904761904761905,135.5,33.69530200958252
2026-03-12 21:47:51,ELM_kswin,nonlinear_abrupt_drift_19,,0.3520505868748976,2.273432027835403,1.507790445597598,17,0.0244135856628417,0.0014360932742848,14,"['held', 'held', 'promoted', 'promoted', 'promoted', 'held', 'promoted', 'promoted', 'promoted', 'promoted', 'promoted', 'promoted', 'promoted', 'promoted', 'promoted', 'promoted', 'promoted']",14,3,v17,17,2,15,1,0.1176470588235294,0.6666666666666666,0.2,-47.5,0.970940351486206
2026-03-12 21:50:35,PSO_ELM_kswin,nonlinear_abrupt_drift_20,,0.0327752868693058,0.0027293358391535,0.0522430458449113,16,42.34063506126404,2.6462896913290024,15,"['promoted', 'promoted', 'promoted', 'promoted', 'promoted', 'promoted', 'promoted', 'promoted', 'promoted', 'held', 'promoted', 'promoted', 'promoted', 'promoted', 'promoted', 'promoted']",15,1,v16,16,3,13,0,0.1875,1.0,0.3157894736842105,-8.666666666666666,43.45485997200012
2026-03-12 21:50:36,ELM_kswin,nonlinear_abrupt_drift_20,,0.0604845643747125,0.0215543547626844,0.1468140141903506,16,0.0191776752471923,0.0011986047029495,14,"['promoted', 'held', 'promoted', 'promoted', 'promoted', 'promoted', 'promoted', 'held', 'promoted', 'promoted', 'promoted', 'promoted', 'promoted', 'promoted', 'promoted', 'promoted']",14,2,v16,16,3,13,0,0.1875,1.0,0.3157894736842105,-59.333333333333336,1.1496524810791016
2026-03-12 21:52:55,PSO_ELM_kswin,nonlinear_abrupt_drift_21,,0.0508932092535577,0.0196060668122925,0.1400216655103508,17,20.51401805877685,1.206706944633933,14,"['promoted', 'promoted', 'promoted', 'promoted', 'promoted', 'promoted', 'held', 'promoted', 'promoted', 'promoted', 'promoted', 'held', 'promoted', 'held', 'promoted', 'promoted', 'promoted']",14,3,v15,17,3,14,0,0.1764705882352941,1.0,0.3,25.666666666666668,21.48517274856568
2026-03-12 21:52:56,ELM_kswin,nonlinear_abrupt_drift_21,,0.0461438052084979,0.0069913034553377,0.0836140147064935,14,0.0049629211425781,0.000354494367327,13,"['promoted', 'promoted', 'promoted', 'promoted', 'promoted', 'promoted', 'promoted', 'promoted', 'held', 'promoted', 'promoted', 'promoted', 'promoted', 'promoted']",13,1,v14,14,3,11,0,0.2142857142857142,1.0,0.3529411764705882,19.33333333333333,1.4003689289093018
2026-03-12 21:55:31,PSO_ELM_kswin,nonlinear_abrupt_drift_22,,0.0253086176061381,0.0011915660523622,0.0345190679532664,14,41.16179656982422,2.940128326416016,14,"['promoted', 'promoted', 'promoted', 'promoted', 'promoted', 'promoted', 'promoted', 'promoted', 'promoted', 'promoted', 'promoted', 'promoted', 'promoted', 'promoted']",14,0,v14,14,3,11,0,0.2142857142857142,1.0,0.3529411764705882,72.66666666666667,42.62449502944946
2026-03-12 21:55:32,ELM_kswin,nonlinear_abrupt_drift_22,,0.0652956935710098,0.0153358980965227,0.1238381932059843,16,0.0108745098114013,0.0006796568632125,15,"['promoted', 'promoted', 'promoted', 'promoted', 'promoted', 'promoted', 'promoted', 'promoted', 'promoted', 'promoted', 'promoted', 'promoted', 'promoted', 'held', 'promoted', 'promoted']",15,1,v16,16,3,13,0,0.1875,1.0,0.3157894736842105,-20.0,1.0526645183563232
2026-03-12 21:58:08,PSO_ELM_kswin,nonlinear_abrupt_drift_23,,0.0436939278155373,0.004400841056308,0.0663388352046371,18,42.750595808029175,2.3750331004460654,12,"['promoted', 'promoted', 'promoted', 'promoted', 'held', 'promoted', 'promoted', 'promoted', 'held', 'promoted', 'held', 'held', 'held', 'promoted', 'promoted', 'promoted', 'held', 'promoted']",12,6,v18,18,3,15,0,0.1666666666666666,1.0,0.2857142857142857,-12.0,43.67229628562927
2026-03-12 21:58:09,ELM_kswin,nonlinear_abrupt_drift_23,,0.0607505105195673,0.0123405644070544,0.1110880930030508,16,0.0089693069458007,0.0005605816841125,14,"['promoted', 'promoted', 'promoted', 'promoted', 'held', 'promoted', 'promoted', 'promoted', 'promoted', 'promoted', 'held', 'promoted', 'promoted', 'promoted', 'promoted', 'promoted']",14,2,v0,16,3,13,0,0.1875,1.0,0.3157894736842105,-75.0,1.2601022720336914
2026-03-12 22:00:33,PSO_ELM_kswin,nonlinear_abrupt_drift_24,,0.1406023729266213,0.2863869622633047,0.5351513451943335,17,31.05633664131165,1.826843331841861,12,"['promoted', 'promoted', 'promoted', 'held', 'promoted', 'held', 'promoted', 'held', 'promoted', 'promoted', 'promoted', 'promoted', 'held', 'promoted', 'promoted', 'promoted', 'held']",12,5,v16,17,3,14,0,0.1764705882352941,1.0,0.3,51.0,32.031479835510254
2026-03-12 22:00:34,ELM_kswin,nonlinear_abrupt_drift_24,,0.2764718090452064,1.0115179068434226,1.005742465466892,17,0.0127062797546386,0.000747428220861,13,"['held', 'promoted', 'held', 'promoted', 'promoted', 'promoted', 'promoted', 'held', 'promoted', 'promoted', 'promoted', 'promoted', 'held', 'promoted', 'promoted', 'promoted', 'promoted']",13,4,v17,17,3,14,0,0.1764705882352941,1.0,0.3,34.0,1.0253534317016602
2026-03-12 22:03:01,PSO_ELM_kswin,nonlinear_abrupt_drift_25,,0.0246827118331591,0.0011384288176557,0.0337406108073905,11,28.12765526771545,2.557059569792314,8,"['held', 'promoted', 'held', 'promoted', 'promoted', 'promoted', 'promoted', 'promoted', 'held', 'promoted', 'promoted']",8,3,v11,11,3,8,0,0.2727272727272727,1.0,0.4285714285714285,-27.0,30.085265159606934
2026-03-12 22:03:02,ELM_kswin,nonlinear_abrupt_drift_25,,0.0430617975587836,0.0047321447428348,0.0687905861498133,15,0.0196390151977539,0.0013092676798502,12,"['held', 'held', 'promoted', 'promoted', 'promoted', 'held', 'promoted', 'promoted', 'promoted', 'promoted', 'promoted', 'promoted', 'promoted', 'promoted', 'promoted']",12,3,v14,15,3,12,0,0.2,1.0,0.3333333333333333,80.0,1.162040948867798
2026-03-12 22:05:19,PSO_ELM_kswin,nonlinear_abrupt_drift_26,,0.0432822351339542,0.0046799584262277,0.0684102216501874,18,32.639232873916626,1.8132907152175903,14,"['promoted', 'promoted', 'promoted', 'promoted', 'promoted', 'promoted', 'held', 'promoted', 'promoted', 'promoted', 'promoted', 'promoted', 'held', 'held', 'promoted', 'promoted', 'promoted']",14,3,v17,18,3,15,0,0.1666666666666666,1.0,0.2857142857142857,-60.66666666666666,33.55825901031494
2026-03-12 22:05:20,ELM_kswin,nonlinear_abrupt_drift_26,,0.0719953496944398,0.0119379160391685,0.1092607708153687,16,0.0158693790435791,0.0009918361902236,14,"['promoted', 'promoted', 'promoted', 'promoted', 'promoted', 'promoted', 'held', 'promoted', 'promoted', 'held', 'promoted', 'promoted', 'promoted', 'promoted', 'promoted', 'promoted']",14,2,v14,16,3,13,0,0.1875,1.0,0.3157894736842105,-20.666666666666668,1.152683973312378
2026-03-12 22:07:42,PSO_ELM_kswin,nonlinear_abrupt_drift_27,,0.0387856435999387,0.0029668643113398,0.0544689297796449,18,20.94260048866272,1.1634778049257066,15,"['promoted', 'held', 'promoted', 'promoted', 'promoted', 'promoted', 'held', 'promoted', 'held', 'promoted', 'promoted', 'promoted', 'promoted', 'promoted', 'promoted', 'promoted', 'promoted', 'promoted']",15,3,v18,18,3,15,0,0.1666666666666666,1.0,0.2857142857142857,-4.0,21.80838298797608
2026-03-12 22:07:43,ELM_kswin,nonlinear_abrupt_drift_27,,0.1010632041178934,0.0909608921947586,0.3015972350582125,18,0.0163071155548095,0.000905950864156,15,"['promoted', 'held', 'promoted', 'promoted', 'promoted', 'promoted', 'promoted', 'held', 'promoted', 'promoted', 'promoted', 'promoted', 'promoted', 'promoted', 'promoted', 'held', 'promoted', 'promoted']",15,3,v17,18,3,15,0,0.1666666666666666,1.0,0.2857142857142857,-19.666666666666668,0.9068233966827391
2026-03-12 22:10:17,PSO_ELM_kswin,nonlinear_abrupt_drift_28,,0.0329352654300544,0.002287311021731,0.0478258405229962,10,38.04776263237,3.804776263237,9,"['promoted', 'promoted', 'promoted', 'promoted', 'promoted', 'promoted', 'promoted', 'promoted', 'held', 'promoted']",9,1,v0,10,3,7,0,0.3,1.0,0.4615384615384615,-48.66666666666666,40.07699704170227
2026-03-12 22:10:18,ELM_kswin,nonlinear_abrupt_drift_28,,0.0348817043496536,0.0022513410868007,0.0474482990928098,15,0.0094885826110839,0.0006325721740722,10,"['promoted', 'promoted', 'promoted', 'promoted', 'held', 'held', 'held', 'promoted', 'held', 'promoted', 'held', 'promoted', 'promoted', 'promoted', 'promoted']",10,5,v13,15,3,12,0,0.2,1.0,0.3333333333333333,80.33333333333333,1.3472964763641355
2026-03-12 22:12:43,PSO_ELM_kswin,nonlinear_abrupt_drift_29,,0.0275251785058809,0.0013905837711352,0.0372905319234685,14,19.180197954177856,1.3700141395841323,12,"['promoted', 'promoted', 'promoted', 'held', 'promoted', 'promoted', 'promoted', 'promoted', 'promoted', 'promoted', 'promoted', 'promoted', 'promoted', 'held']",12,2,v12,14,3,11,0,0.2142857142857142,1.0,0.3529411764705882,12.666666666666666,20.6460485458374
2026-03-12 22:12:44,ELM_kswin,nonlinear_abrupt_drift_29,,0.0322674164048186,0.0020080357660667,0.0448111120824591,15,0.0091850757598876,0.0006123383839925,13,"['promoted', 'promoted', 'promoted', 'promoted', 'promoted', 'promoted', 'promoted', 'promoted', 'promoted', 'promoted', 'promoted', 'held', 'promoted', 'held', 'promoted']",13,2,v13,15,2,13,1,0.1333333333333333,0.6666666666666666,0.2222222222222222,-150.0,1.2773990631103516
2026-03-12 22:15:36,PSO_ELM_kswin,nonlinear_abrupt_drift_30,,0.0365361532860129,0.0032494402626435,0.0570038618221918,13,50.25192499160767,3.865532691662128,12,"['promoted', 'promoted', 'held', 'promoted', 'promoted', 'promoted', 'promoted', 'promoted', 'promoted', 'promoted', 'promoted', 'promoted', 'promoted']",12,1,v13,13,3,10,0,0.2307692307692307,1.0,0.375,-94.66666666666669,52.02073407173157
2026-03-12 22:15:36,ELM_kswin,nonlinear_abrupt_drift_30,,0.04283294289166382,0.003640511062005055,0.060336647752465125,17,0.00784754753112793,0.0004616204430075253,13,"['held', 'promoted', 'promoted', 'held', 'promoted', 'promoted', 'promoted', 'promoted', 'promoted', 'promoted', 'promoted', 'held', 'held', 'promoted', 'promoted', 'promoted', 'promoted']",13,4,v17,17,3,14,0,0.17647058823529413,1.0,0.3,-96.66666666666667,0.94144606590271
