timestamp,model,dataset,notes,Return_MAE,Return_MSE,Return_RMSE,num_drifts_detected,total_retrain_time,average_retrain_time,model_switches,trial_verdicts,trials_promoted,trials_held,final_model,num_retrains,total_time
2026-03-15 01:52:56,PSO_LSTM_no_detector,linear_gradual_drift_1,,0.0326285667938722,0.0019469020007587,0.0441237124544016,0,100.09837412834167,4.003934965133667,6,"['held', 'held', 'held', 'held', 'promoted', 'promoted', 'promoted', 'promoted', 'held', 'held', 'held', 'held', 'held', 'held', 'held', 'held', 'held', 'promoted', 'promoted', 'held', 'held', 'held', 'held', 'held']",6,18,v5,25,116.96633219718932
2026-03-15 01:53:35,PSO_ELM_no_detector,linear_gradual_drift_1,,0.0384704540671844,0.0053052173605748,0.0728369230581226,0,38.348734855651855,1.5339493942260742,19,"['promoted', 'held', 'promoted', 'held', 'promoted', 'promoted', 'promoted', 'promoted', 'promoted', 'promoted', 'promoted', 'held', 'promoted', 'held', 'promoted', 'promoted', 'promoted', 'promoted', 'promoted', 'promoted', 'promoted', 'promoted', 'held', 'promoted']",19,5,v24,25,38.55074071884155
2026-03-15 01:53:50,LSTM_no_detector,linear_gradual_drift_1,,0.0288246682912013,0.0013436086610952,0.0366552678491811,0,4.532538175582886,0.1813015270233154,20,"['held', 'promoted', 'promoted', 'promoted', 'held', 'promoted', 'promoted', 'promoted', 'held', 'promoted', 'promoted', 'promoted', 'promoted', 'promoted', 'promoted', 'promoted', 'promoted', 'promoted', 'promoted', 'held', 'promoted', 'promoted', 'promoted', 'promoted']",20,4,v24,25,15.82882809638977
2026-03-15 01:53:51,ELM_no_detector,linear_gradual_drift_1,,0.0748536918003909,0.0334113101144861,0.1827876093023982,0,0.0126650333404541,0.0005066013336181,18,"['held', 'held', 'held', 'promoted', 'promoted', 'promoted', 'promoted', 'promoted', 'promoted', 'promoted', 'promoted', 'promoted', 'promoted', 'promoted', 'held', 'promoted', 'promoted', 'promoted', 'promoted', 'held', 'promoted', 'promoted', 'held', 'promoted']",18,6,v24,25,0.1904914379119873
2026-03-15 01:59:33,PSO_LSTM_no_detector,linear_gradual_drift_2,,0.0383641138608486,0.0027470136108265,0.0524119605703366,0,117.42455744743349,4.696982297897339,7,"['promoted', 'held', 'promoted', 'promoted', 'held', 'promoted', 'held', 'held', 'held', 'promoted', 'promoted', 'held', 'promoted', 'held', 'held', 'held', 'held', 'held', 'held', 'held', 'held', 'held', 'held', 'held']",7,17,v12,25,134.75855779647827
2026-03-15 02:00:19,PSO_ELM_no_detector,linear_gradual_drift_2,,0.0308664868495087,0.0022014933459969,0.0469200740195166,0,44.863773584365845,1.7945509433746338,16,"['promoted', 'promoted', 'held', 'promoted', 'promoted', 'promoted', 'promoted', 'held', 'held', 'held', 'promoted', 'held', 'promoted', 'held', 'promoted', 'promoted', 'held', 'held', 'promoted', 'promoted', 'promoted', 'promoted', 'promoted', 'promoted']",16,8,v24,25,45.08711338043213
2026-03-15 02:00:34,LSTM_no_detector,linear_gradual_drift_2,,0.0254588059308867,0.0010306108864493,0.0321031289199256,0,4.58149003982544,0.1832596015930175,16,"['promoted', 'promoted', 'held', 'promoted', 'held', 'held', 'promoted', 'promoted', 'promoted', 'held', 'held', 'promoted', 'held', 'promoted', 'promoted', 'promoted', 'held', 'held', 'promoted', 'promoted', 'promoted', 'promoted', 'promoted', 'promoted']",16,8,v24,25,15.131985664367676
2026-03-15 02:00:34,ELM_no_detector,linear_gradual_drift_2,,0.036769426314444,0.0028218622931985,0.0531212038003524,0,0.009505271911621,0.0003802108764648,17,"['promoted', 'promoted', 'held', 'promoted', 'held', 'held', 'promoted', 'held', 'promoted', 'promoted', 'promoted', 'promoted', 'promoted', 'held', 'held', 'promoted', 'promoted', 'held', 'promoted', 'promoted', 'promoted', 'promoted', 'promoted', 'promoted']",17,7,v19,25,0.1703786849975586
2026-03-15 02:06:36,PSO_LSTM_no_detector,linear_gradual_drift_3,,0.0244003568424114,0.0009298265657619,0.0304930576650159,0,122.34476709365843,4.893790683746338,2,"['held', 'held', 'held', 'held', 'held', 'held', 'held', 'held', 'promoted', 'promoted', 'held', 'held', 'held', 'held', 'held', 'held', 'held', 'held', 'held', 'held', 'held', 'held', 'held', 'held']",2,22,v0,25,138.2582812309265
2026-03-15 02:07:23,PSO_ELM_no_detector,linear_gradual_drift_3,,0.0667439779016194,0.0227480891907918,0.1508246968861263,0,46.65856122970581,1.8663424491882323,19,"['held', 'promoted', 'held', 'promoted', 'promoted', 'held', 'promoted', 'held', 'promoted', 'promoted', 'held', 'promoted', 'promoted', 'promoted', 'promoted', 'promoted', 'promoted', 'promoted', 'promoted', 'promoted', 'promoted', 'promoted', 'promoted', 'promoted']",19,5,v20,25,46.82759428024292
2026-03-15 02:07:39,LSTM_no_detector,linear_gradual_drift_3,,0.027037159118294,0.0011638294201323,0.0341149442346368,0,5.033627510070801,0.201345100402832,21,"['promoted', 'promoted', 'promoted', 'promoted', 'promoted', 'held', 'promoted', 'promoted', 'promoted', 'promoted', 'held', 'promoted', 'promoted', 'promoted', 'held', 'promoted', 'promoted', 'promoted', 'promoted', 'promoted', 'promoted', 'promoted', 'promoted', 'promoted']",21,3,v21,25,16.06293797492981
2026-03-15 02:07:39,ELM_no_detector,linear_gradual_drift_3,,0.0699113581444003,0.0170565508894785,0.1306007308152545,0,0.0096752643585205,0.0003870105743408,18,"['held', 'promoted', 'held', 'promoted', 'promoted', 'promoted', 'promoted', 'held', 'promoted', 'promoted', 'held', 'promoted', 'promoted', 'promoted', 'promoted', 'held', 'promoted', 'held', 'promoted', 'promoted', 'promoted', 'promoted', 'promoted', 'promoted']",18,6,v24,25,0.183206558227539
2026-03-15 02:12:42,PSO_LSTM_no_detector,linear_gradual_drift_4,,0.0453054120414178,0.0046872134584043,0.0684632270522239,0,64.55567622184753,2.5822270488739014,2,"['promoted', 'held', 'held', 'held', 'held', 'held', 'held', 'promoted', 'held', 'held', 'held', 'held', 'held', 'held', 'held', 'held', 'held', 'held', 'held', 'held', 'held', 'held', 'held', 'held']",2,22,v8,25,81.66711401939392
2026-03-15 02:13:14,PSO_ELM_no_detector,linear_gradual_drift_4,,0.0325710897751797,0.0023623545558506,0.0486040590470662,0,31.539019107818604,1.2615607643127442,18,"['promoted', 'promoted', 'promoted', 'promoted', 'held', 'promoted', 'promoted', 'held', 'held', 'promoted', 'promoted', 'promoted', 'promoted', 'held', 'promoted', 'held', 'promoted', 'promoted', 'promoted', 'promoted', 'promoted', 'held', 'promoted', 'promoted']",18,6,v24,25,31.69010710716248
2026-03-15 02:13:30,LSTM_no_detector,linear_gradual_drift_4,,0.0239962328859634,0.0009247814280532,0.0304102191385278,0,4.889606475830078,0.1955842590332031,20,"['promoted', 'promoted', 'promoted', 'held', 'promoted', 'promoted', 'promoted', 'promoted', 'promoted', 'promoted', 'held', 'promoted', 'promoted', 'promoted', 'promoted', 'promoted', 'held', 'promoted', 'promoted', 'promoted', 'promoted', 'promoted', 'promoted', 'held']",20,4,v23,25,15.42490553855896
2026-03-15 02:13:30,ELM_no_detector,linear_gradual_drift_4,,0.0390238848037853,0.0054831619349722,0.0740483756403353,0,0.0158562660217285,0.0006342506408691,17,"['promoted', 'promoted', 'held', 'held', 'promoted', 'promoted', 'promoted', 'promoted', 'held', 'promoted', 'promoted', 'promoted', 'promoted', 'held', 'promoted', 'promoted', 'promoted', 'held', 'promoted', 'promoted', 'held', 'held', 'promoted', 'promoted']",17,7,v24,25,0.1935205459594726
2026-03-15 02:18:33,PSO_LSTM_no_detector,linear_gradual_drift_5,,0.0421178437965016,0.0036689420699578,0.060571792692291,0,79.2640118598938,3.170560474395752,8,"['held', 'held', 'promoted', 'promoted', 'promoted', 'promoted', 'promoted', 'promoted', 'held', 'promoted', 'held', 'held', 'held', 'held', 'promoted', 'held', 'held', 'held', 'held', 'held', 'held', 'held', 'held', 'held']",8,16,v14,25,96.05699181556702
2026-03-15 02:19:12,PSO_ELM_no_detector,linear_gradual_drift_5,,0.0443619203809143,0.0081017169280206,0.0900095379835974,0,38.22656583786011,1.5290626335144042,18,"['promoted', 'promoted', 'promoted', 'promoted', 'promoted', 'held', 'promoted', 'promoted', 'held', 'promoted', 'held', 'promoted', 'promoted', 'held', 'promoted', 'held', 'promoted', 'promoted', 'promoted', 'promoted', 'promoted', 'held', 'promoted', 'promoted']",18,6,v24,25,38.40448141098023
2026-03-15 02:19:27,LSTM_no_detector,linear_gradual_drift_5,,0.025797570949196,0.0010796411376755,0.0328578930802865,0,4.586979389190674,0.1834791755676269,18,"['promoted', 'held', 'held', 'promoted', 'promoted', 'promoted', 'promoted', 'promoted', 'held', 'promoted', 'promoted', 'held', 'promoted', 'held', 'promoted', 'held', 'promoted', 'promoted', 'promoted', 'promoted', 'promoted', 'promoted', 'promoted', 'promoted']",18,6,v24,25,15.395735502243042
2026-03-15 02:19:27,ELM_no_detector,linear_gradual_drift_5,,0.0507956167052742,0.031894600213856,0.1785905938560484,0,0.0161120891571044,0.0006444835662841,16,"['promoted', 'promoted', 'promoted', 'promoted', 'promoted', 'promoted', 'promoted', 'promoted', 'held', 'promoted', 'promoted', 'held', 'promoted', 'held', 'promoted', 'held', 'promoted', 'held', 'promoted', 'promoted', 'promoted', 'held', 'held', 'held']",16,8,v21,25,0.1794304847717285
2026-03-15 02:24:51,PSO_LSTM_no_detector,linear_gradual_drift_6,,0.023160682798715,0.0008441154989106,0.0290536658428962,0,92.2734375,3.6909375,2,"['held', 'held', 'held', 'held', 'held', 'held', 'held', 'held', 'held', 'held', 'held', 'held', 'held', 'held', 'held', 'held', 'held', 'held', 'held', 'promoted', 'held', 'promoted', 'held', 'held']",2,22,v22,25,108.04890775680542
2026-03-15 02:26:13,PSO_ELM_no_detector,linear_gradual_drift_6,,0.0347672513340517,0.0039036411851835,0.0624791259956755,0,81.19655704498291,3.2478622817993164,15,"['held', 'promoted', 'promoted', 'promoted', 'held', 'held', 'promoted', 'held', 'held', 'held', 'held', 'held', 'promoted', 'promoted', 'promoted', 'promoted', 'held', 'promoted', 'promoted', 'promoted', 'promoted', 'promoted', 'promoted', 'promoted']",15,9,v22,25,81.35324358940125
2026-03-15 02:26:28,LSTM_no_detector,linear_gradual_drift_6,,0.0239109541584165,0.0009180464191075,0.030299280834824,0,5.08242130279541,0.2032968521118164,21,"['promoted', 'promoted', 'promoted', 'held', 'promoted', 'promoted', 'promoted', 'promoted', 'promoted', 'promoted', 'promoted', 'promoted', 'promoted', 'held', 'promoted', 'held', 'promoted', 'promoted', 'promoted', 'promoted', 'promoted', 'promoted', 'promoted', 'promoted']",21,3,v24,25,15.525822162628174
2026-03-15 02:26:28,ELM_no_detector,linear_gradual_drift_6,,0.0573234208555048,0.0230158731500621,0.1517098320810556,0,0.0148584842681884,0.0005943393707275,19,"['held', 'promoted', 'promoted', 'promoted', 'held', 'promoted', 'promoted', 'promoted', 'promoted', 'held', 'held', 'promoted', 'promoted', 'promoted', 'promoted', 'promoted', 'promoted', 'held', 'promoted', 'promoted', 'promoted', 'promoted', 'promoted', 'promoted']",19,5,v24,25,0.1951847076416015
2026-03-15 02:31:46,PSO_LSTM_no_detector,linear_gradual_drift_7,,0.0456083907327753,0.0047781489846757,0.0691241563035366,0,96.2614312171936,3.850457248687744,8,"['held', 'held', 'promoted', 'promoted', 'promoted', 'promoted', 'promoted', 'held', 'held', 'held', 'held', 'promoted', 'promoted', 'promoted', 'held', 'held', 'held', 'held', 'held', 'held', 'held', 'held', 'held', 'held']",8,16,v12,25,113.59286260604858
2026-03-15 02:33:07,PSO_ELM_no_detector,linear_gradual_drift_7,,0.040956643764029,0.0065133406633488,0.080705270356705,0,80.29216504096985,3.211686601638794,17,"['held', 'promoted', 'held', 'held', 'held', 'promoted', 'promoted', 'promoted', 'promoted', 'held', 'promoted', 'promoted', 'promoted', 'promoted', 'promoted', 'held', 'promoted', 'held', 'promoted', 'promoted', 'promoted', 'promoted', 'promoted', 'promoted']",17,7,v23,25,80.43672823905945
2026-03-15 02:33:21,LSTM_no_detector,linear_gradual_drift_7,,0.0254125609249958,0.0010279329210208,0.0320613929987586,0,4.35591197013855,0.174236478805542,18,"['promoted', 'held', 'promoted', 'promoted', 'held', 'held', 'promoted', 'promoted', 'promoted', 'promoted', 'held', 'promoted', 'promoted', 'promoted', 'promoted', 'held', 'promoted', 'promoted', 'promoted', 'promoted', 'promoted', 'held', 'promoted', 'promoted']",18,6,v24,25,14.657615184783936
2026-03-15 02:33:21,ELM_no_detector,linear_gradual_drift_7,,0.0446351401847849,0.0071477305247048,0.0845442518726427,0,0.0152506828308105,0.0006100273132324,20,"['promoted', 'held', 'promoted', 'promoted', 'promoted', 'promoted', 'promoted', 'promoted', 'promoted', 'promoted', 'promoted', 'promoted', 'promoted', 'promoted', 'held', 'promoted', 'held', 'held', 'promoted', 'promoted', 'promoted', 'promoted', 'promoted', 'promoted']",20,4,v24,25,0.1718032360076904
2026-03-15 02:38:15,PSO_LSTM_no_detector,linear_gradual_drift_8,,0.0249709335890595,0.0009770657221698,0.0312580505177439,0,55.04951763153076,2.2019807052612306,2,"['held', 'held', 'promoted', 'held', 'promoted', 'held', 'held', 'held', 'held', 'held', 'held', 'held', 'held', 'held', 'held', 'held', 'held', 'held', 'held', 'held', 'held', 'held', 'held', 'held']",2,22,v0,25,70.87015104293823
2026-03-15 02:38:46,PSO_ELM_no_detector,linear_gradual_drift_8,,0.0278496888714018,0.0017558615609533,0.041903001813156,0,30.98608112335205,1.239443244934082,19,"['held', 'held', 'promoted', 'promoted', 'held', 'promoted', 'promoted', 'promoted', 'held', 'promoted', 'promoted', 'promoted', 'promoted', 'promoted', 'promoted', 'promoted', 'held', 'promoted', 'promoted', 'promoted', 'promoted', 'promoted', 'promoted', 'promoted']",19,5,v24,25,31.1317105293274
2026-03-15 02:39:02,LSTM_no_detector,linear_gradual_drift_8,,0.0261674771983964,0.0011000425856448,0.0331668899000921,0,4.811946153640747,0.1924778461456298,20,"['held', 'promoted', 'promoted', 'promoted', 'held', 'held', 'promoted', 'promoted', 'promoted', 'promoted', 'held', 'promoted', 'promoted', 'promoted', 'promoted', 'promoted', 'promoted', 'promoted', 'promoted', 'promoted', 'promoted', 'promoted', 'promoted', 'promoted']",20,4,v24,25,15.37030863761902
2026-03-15 02:39:02,ELM_no_detector,linear_gradual_drift_8,,0.0421777026019585,0.0059509968652228,0.077142704549574,0,0.0123264789581298,0.0004930591583251,17,"['promoted', 'held', 'held', 'held', 'held', 'promoted', 'promoted', 'promoted', 'promoted', 'promoted', 'promoted', 'promoted', 'promoted', 'promoted', 'promoted', 'promoted', 'held', 'promoted', 'promoted', 'promoted', 'promoted', 'held', 'held', 'promoted']",17,7,v24,25,0.1896305084228515
2026-03-15 02:44:37,PSO_LSTM_no_detector,linear_gradual_drift_9,,0.0237677924519262,0.000895766807347,0.0299293636308403,0,88.7907042503357,3.551628170013428,5,"['promoted', 'promoted', 'held', 'promoted', 'promoted', 'held', 'held', 'held', 'held', 'held', 'held', 'held', 'held', 'promoted', 'held', 'held', 'held', 'held', 'held', 'held', 'held', 'held', 'held', 'held']",5,19,v13,25,105.10564732551576
2026-03-15 02:45:34,PSO_ELM_no_detector,linear_gradual_drift_9,,0.0339475660153972,0.0035249516752182,0.0593713034657167,0,57.30792737007141,2.2923170948028564,14,"['held', 'promoted', 'promoted', 'held', 'held', 'held', 'promoted', 'promoted', 'held', 'held', 'held', 'promoted', 'promoted', 'promoted', 'promoted', 'promoted', 'held', 'promoted', 'promoted', 'promoted', 'held', 'held', 'promoted', 'promoted']",14,10,v24,25,57.4894335269928
2026-03-15 02:45:51,LSTM_no_detector,linear_gradual_drift_9,,0.0257680383527788,0.0011216776861629,0.0334914569131142,0,5.874429225921631,0.2349771690368652,19,"['promoted', 'promoted', 'promoted', 'promoted', 'promoted', 'promoted', 'promoted', 'promoted', 'held', 'held', 'promoted', 'promoted', 'held', 'promoted', 'held', 'promoted', 'promoted', 'promoted', 'promoted', 'promoted', 'held', 'promoted', 'promoted', 'promoted']",19,5,v24,25,17.272194385528564
2026-03-15 02:45:52,ELM_no_detector,linear_gradual_drift_9,,0.0406742280975278,0.0040685860270293,0.0637854687764332,0,0.0135843753814697,0.0005433750152587,17,"['promoted', 'held', 'promoted', 'held', 'promoted', 'held', 'promoted', 'promoted', 'promoted', 'promoted', 'promoted', 'promoted', 'promoted', 'promoted', 'held', 'held', 'promoted', 'held', 'promoted', 'promoted', 'held', 'promoted', 'promoted', 'promoted']",17,7,v24,25,0.1795926094055175
2026-03-15 02:51:42,PSO_LSTM_no_detector,linear_gradual_drift_10,,0.0364581561911389,0.0023617403170541,0.0485977398348336,0,118.61853647232056,4.744741458892822,5,"['held', 'promoted', 'held', 'promoted', 'promoted', 'held', 'held', 'held', 'held', 'held', 'held', 'held', 'held', 'held', 'held', 'held', 'held', 'held', 'held', 'held', 'held', 'held', 'promoted', 'promoted']",5,19,v2,25,136.47485494613647
2026-03-15 02:52:23,PSO_ELM_no_detector,linear_gradual_drift_10,,0.0456196432423961,0.0094374291011104,0.0971464312319834,0,40.95233750343323,1.6380935001373291,17,"['held', 'held', 'promoted', 'promoted', 'promoted', 'held', 'promoted', 'promoted', 'promoted', 'promoted', 'promoted', 'held', 'promoted', 'held', 'promoted', 'held', 'promoted', 'promoted', 'promoted', 'held', 'promoted', 'promoted', 'promoted', 'promoted']",17,7,v21,25,41.126544713974
2026-03-15 02:52:39,LSTM_no_detector,linear_gradual_drift_10,,0.0258082246127628,0.001083107610203,0.0329106002710841,0,5.067878723144531,0.2027151489257812,20,"['held', 'promoted', 'promoted', 'promoted', 'promoted', 'promoted', 'promoted', 'promoted', 'promoted', 'promoted', 'promoted', 'held', 'held', 'held', 'promoted', 'promoted', 'promoted', 'promoted', 'promoted', 'promoted', 'promoted', 'promoted', 'promoted', 'promoted']",20,4,v24,25,15.59151530265808
2026-03-15 02:52:39,ELM_no_detector,linear_gradual_drift_10,,0.0477279504934199,0.0084807905308591,0.0920912076740184,0,0.0128231048583984,0.0005129241943359,20,"['held', 'promoted', 'promoted', 'promoted', 'promoted', 'promoted', 'promoted', 'promoted', 'promoted', 'promoted', 'held', 'promoted', 'promoted', 'promoted', 'promoted', 'promoted', 'held', 'promoted', 'promoted', 'held', 'promoted', 'promoted', 'promoted', 'promoted']",20,4,v20,25,0.1739938259124755
2026-03-15 02:58:07,PSO_LSTM_no_detector,linear_gradual_drift_11,,0.0338578237544833,0.0023379342195824,0.0483521893980247,0,98.57316374778748,3.942926549911499,7,"['held', 'promoted', 'promoted', 'promoted', 'promoted', 'promoted', 'held', 'held', 'held', 'held', 'held', 'held', 'held', 'promoted', 'promoted', 'held', 'held', 'held', 'held', 'held', 'held', 'held', 'held', 'held']",7,17,v15,25,115.01954436302184
2026-03-15 02:58:52,PSO_ELM_no_detector,linear_gradual_drift_11,,0.049639959745887,0.0117448515517262,0.108373666320404,0,44.94994878768921,1.7979979515075684,20,"['held', 'promoted', 'promoted', 'held', 'promoted', 'promoted', 'promoted', 'promoted', 'promoted', 'promoted', 'held', 'promoted', 'promoted', 'promoted', 'promoted', 'promoted', 'held', 'promoted', 'promoted', 'promoted', 'promoted', 'promoted', 'promoted', 'promoted']",20,4,v20,25,45.10372614860535
2026-03-15 02:59:07,LSTM_no_detector,linear_gradual_drift_11,,0.0244756559012119,0.0009645312100179,0.0310569027756792,0,4.748249053955078,0.1899299621582031,18,"['promoted', 'promoted', 'promoted', 'promoted', 'promoted', 'held', 'promoted', 'promoted', 'promoted', 'promoted', 'held', 'promoted', 'promoted', 'held', 'held', 'promoted', 'held', 'promoted', 'promoted', 'promoted', 'promoted', 'promoted', 'held', 'promoted']",18,6,v24,25,15.280256271362305
2026-03-15 02:59:07,ELM_no_detector,linear_gradual_drift_11,,0.0422671050541688,0.0072551116357755,0.0851769430995003,0,0.019681692123413,0.0007872676849365,19,"['promoted', 'promoted', 'promoted', 'promoted', 'held', 'held', 'promoted', 'held', 'promoted', 'promoted', 'promoted', 'promoted', 'promoted', 'promoted', 'held', 'held', 'promoted', 'promoted', 'promoted', 'promoted', 'promoted', 'promoted', 'promoted', 'promoted']",19,5,v21,25,0.1823019981384277
2026-03-15 03:04:00,PSO_LSTM_no_detector,linear_gradual_drift_12,,0.0397275558255267,0.0029637131750461,0.0544399960970434,0,159.2302544116974,6.369210176467895,4,"['held', 'held', 'held', 'held', 'held', 'held', 'held', 'promoted', 'held', 'promoted', 'promoted', 'promoted', 'held', 'held', 'held', 'held', 'held', 'held', 'held', 'held', 'held', 'held', 'held', 'held']",4,20,v10,25,176.77681922912598
2026-03-15 03:04:45,PSO_ELM_no_detector,linear_gradual_drift_12,,0.0296534487855397,0.0024423016750901,0.0494196486742886,0,45.123616218566895,1.804944648742676,14,"['held', 'held', 'held', 'promoted', 'promoted', 'held', 'promoted', 'promoted', 'promoted', 'held', 'promoted', 'promoted', 'promoted', 'held', 'promoted', 'held', 'promoted', 'promoted', 'promoted', 'promoted', 'held', 'held', 'held', 'promoted']",14,10,v24,25,45.29998421669006
2026-03-15 03:05:00,LSTM_no_detector,linear_gradual_drift_12,,0.0450390400292913,0.0034960389909922,0.0591273117179552,0,3.9489924907684326,0.1579596996307373,15,"['held', 'promoted', 'held', 'promoted', 'promoted', 'promoted', 'promoted', 'promoted', 'held', 'held', 'promoted', 'held', 'promoted', 'promoted', 'held', 'promoted', 'held', 'promoted', 'promoted', 'promoted', 'held', 'promoted', 'held', 'promoted']",15,9,v24,25,14.327239751815796
2026-03-15 03:05:00,ELM_no_detector,linear_gradual_drift_12,,0.0395149518905634,0.0074531708622656,0.0863317488660204,0,0.0209894180297851,0.0008395767211914,19,"['held', 'promoted', 'promoted', 'promoted', 'held', 'promoted', 'promoted', 'promoted', 'promoted', 'promoted', 'promoted', 'held', 'promoted', 'held', 'promoted', 'promoted', 'promoted', 'promoted', 'promoted', 'promoted', 'promoted', 'promoted', 'held', 'promoted']",19,5,v24,25,0.1787598133087158
2026-03-15 03:10:22,PSO_LSTM_no_detector,linear_gradual_drift_13,,0.0261811730502599,0.0011838182031858,0.0344066592854618,0,91.39224481582642,3.6556897926330567,8,"['held', 'promoted', 'promoted', 'held', 'held', 'held', 'held', 'held', 'held', 'promoted', 'held', 'promoted', 'held', 'held', 'held', 'held', 'held', 'held', 'held', 'promoted', 'promoted', 'promoted', 'promoted', 'held']",8,16,v0,25,107.4472541809082
2026-03-15 03:11:08,PSO_ELM_no_detector,linear_gradual_drift_13,,0.0301166226688417,0.0025740529694755,0.0507351255983025,0,45.41892838478088,1.8167571353912355,18,"['held', 'held', 'promoted', 'promoted', 'promoted', 'promoted', 'promoted', 'promoted', 'promoted', 'promoted', 'promoted', 'promoted', 'promoted', 'held', 'held', 'promoted', 'promoted', 'promoted', 'promoted', 'promoted', 'held', 'held', 'promoted', 'promoted']",18,6,v24,25,45.61454820632935
2026-03-15 03:11:23,LSTM_no_detector,linear_gradual_drift_13,,0.0266383750466329,0.0011432395469308,0.0338118255486282,0,4.877800226211548,0.1951120090484619,19,"['held', 'held', 'promoted', 'promoted', 'promoted', 'promoted', 'promoted', 'promoted', 'held', 'promoted', 'promoted', 'promoted', 'promoted', 'held', 'promoted', 'held', 'promoted', 'promoted', 'promoted', 'promoted', 'promoted', 'promoted', 'promoted', 'promoted']",19,5,v24,25,15.268148422241213
2026-03-15 03:11:23,ELM_no_detector,linear_gradual_drift_13,,0.0359769311185733,0.0037191411290066,0.0609847614491246,0,0.0140759944915771,0.000563039779663,18,"['held', 'promoted', 'held', 'promoted', 'promoted', 'held', 'promoted', 'promoted', 'held', 'promoted', 'promoted', 'held', 'promoted', 'promoted', 'promoted', 'held', 'promoted', 'promoted', 'promoted', 'promoted', 'promoted', 'promoted', 'promoted', 'promoted']",18,6,v24,25,0.1735932826995849
2026-03-15 03:16:05,PSO_LSTM_no_detector,linear_gradual_drift_14,,0.0353173468698632,0.0026343789931825,0.0513262018191732,0,56.40481305122376,2.2561925220489503,1,"['held', 'held', 'held', 'held', 'held', 'held', 'held', 'held', 'held', 'held', 'held', 'held', 'held', 'held', 'held', 'promoted', 'held', 'held', 'held', 'held', 'held', 'held', 'held', 'held']",1,23,v16,25,72.47773575782776
2026-03-15 03:16:58,PSO_ELM_no_detector,linear_gradual_drift_14,,0.0307006302482235,0.0020848549542752,0.0456602119385709,0,52.669984579086304,2.106799383163452,14,"['held', 'promoted', 'promoted', 'held', 'held', 'held', 'promoted', 'promoted', 'promoted', 'held', 'promoted', 'held', 'promoted', 'promoted', 'promoted', 'held', 'held', 'held', 'promoted', 'promoted', 'promoted', 'promoted', 'promoted', 'held']",14,10,v23,25,52.8144953250885
2026-03-15 03:17:13,LSTM_no_detector,linear_gradual_drift_14,,0.0256303361659708,0.0010586055924631,0.0325362197014825,0,4.675028085708618,0.1870011234283447,20,"['held', 'held', 'promoted', 'promoted', 'promoted', 'promoted', 'promoted', 'promoted', 'promoted', 'promoted', 'promoted', 'promoted', 'promoted', 'promoted', 'held', 'promoted', 'promoted', 'promoted', 'promoted', 'promoted', 'promoted', 'promoted', 'promoted', 'held']",20,4,v23,25,14.891745328903198
2026-03-15 03:17:13,ELM_no_detector,linear_gradual_drift_14,,0.0514929159014522,0.0098651531717114,0.0993234774447184,0,0.0252139568328857,0.0010085582733154,16,"['held', 'promoted', 'held', 'promoted', 'promoted', 'promoted', 'held', 'promoted', 'promoted', 'held', 'held', 'held', 'promoted', 'promoted', 'held', 'promoted', 'promoted', 'promoted', 'promoted', 'promoted', 'promoted', 'held', 'promoted', 'promoted']",16,8,v24,25,0.1867082118988037
2026-03-15 03:22:40,PSO_LSTM_no_detector,linear_gradual_drift_15,,0.0417983697171205,0.0039535257696143,0.0628770687104158,0,96.05289125442503,3.8421156501770017,5,"['held', 'promoted', 'promoted', 'held', 'held', 'held', 'held', 'promoted', 'promoted', 'held', 'promoted', 'held', 'held', 'held', 'held', 'held', 'held', 'held', 'held', 'held', 'held', 'held', 'held', 'held']",5,19,v8,25,112.56671285629272
2026-03-15 03:23:40,PSO_ELM_no_detector,linear_gradual_drift_15,,0.0443515363011869,0.0075767848312897,0.0870447289115759,0,60.14210391044617,2.4056841564178466,16,"['held', 'held', 'held', 'held', 'promoted', 'promoted', 'promoted', 'promoted', 'promoted', 'held', 'promoted', 'promoted', 'promoted', 'promoted', 'promoted', 'promoted', 'held', 'held', 'promoted', 'promoted', 'held', 'promoted', 'promoted', 'promoted']",16,8,v24,25,60.32488536834717
2026-03-15 03:23:56,LSTM_no_detector,linear_gradual_drift_15,,0.0257030055024186,0.0010610103453454,0.0325731537519085,0,5.011800527572632,0.2004720211029052,19,"['promoted', 'promoted', 'promoted', 'promoted', 'promoted', 'held', 'promoted', 'promoted', 'promoted', 'held', 'promoted', 'promoted', 'promoted', 'held', 'held', 'promoted', 'promoted', 'promoted', 'promoted', 'promoted', 'promoted', 'held', 'promoted', 'promoted']",19,5,v24,25,15.357150793075562
2026-03-15 03:23:56,ELM_no_detector,linear_gradual_drift_15,,0.0357998032917894,0.0029957561538837,0.0547335012024973,0,0.0145034790039062,0.0005801391601562,16,"['promoted', 'promoted', 'promoted', 'promoted', 'held', 'held', 'promoted', 'promoted', 'promoted', 'promoted', 'promoted', 'promoted', 'promoted', 'promoted', 'promoted', 'held', 'promoted', 'held', 'promoted', 'promoted', 'held', 'held', 'held', 'held']",16,8,v20,25,0.1713042259216308
2026-03-15 03:30:13,PSO_LSTM_no_detector,linear_gradual_drift_16,,0.0245480640132749,0.000987209395157,0.0314198885287177,0,160.18630123138428,6.407452049255372,8,"['held', 'held', 'held', 'held', 'held', 'held', 'held', 'held', 'held', 'held', 'promoted', 'held', 'promoted', 'held', 'held', 'held', 'held', 'held', 'promoted', 'promoted', 'promoted', 'promoted', 'promoted', 'promoted']",8,16,v0,25,175.5964331626892
2026-03-15 03:31:20,PSO_ELM_no_detector,linear_gradual_drift_16,,0.0329929495312527,0.0028370276616751,0.0532637556099376,0,66.3511872291565,2.65404748916626,20,"['held', 'held', 'promoted', 'promoted', 'held', 'promoted', 'promoted', 'held', 'promoted', 'promoted', 'promoted', 'promoted', 'promoted', 'promoted', 'promoted', 'promoted', 'promoted', 'promoted', 'promoted', 'promoted', 'promoted', 'promoted', 'promoted', 'promoted']",20,4,v21,25,66.56349468231201
2026-03-15 03:31:36,LSTM_no_detector,linear_gradual_drift_16,,0.024375134974815,0.0009631527708244,0.0310347026862575,0,5.201854944229126,0.208074197769165,19,"['held', 'promoted', 'promoted', 'promoted', 'promoted', 'promoted', 'promoted', 'promoted', 'promoted', 'promoted', 'held', 'promoted', 'promoted', 'held', 'held', 'promoted', 'promoted', 'promoted', 'held', 'promoted', 'promoted', 'promoted', 'promoted', 'promoted']",19,5,v24,25,16.24357843399048
2026-03-15 03:31:36,ELM_no_detector,linear_gradual_drift_16,,0.0444283177696175,0.0050403034567852,0.0709950945966354,0,0.013845682144165,0.0005538272857666,15,"['held', 'held', 'promoted', 'promoted', 'held', 'held', 'held', 'held', 'promoted', 'held', 'promoted', 'promoted', 'promoted', 'promoted', 'promoted', 'held', 'held', 'promoted', 'promoted', 'promoted', 'promoted', 'promoted', 'promoted', 'promoted']",15,9,v23,25,0.1740138530731201
2026-03-15 03:38:01,PSO_LSTM_no_detector,linear_gradual_drift_17,,0.0243273686938295,0.0009238291965665,0.0303945586670793,0,133.13421869277954,5.325368747711182,4,"['held', 'held', 'held', 'promoted', 'promoted', 'held', 'held', 'held', 'held', 'promoted', 'promoted', 'held', 'held', 'held', 'held', 'held', 'held', 'held', 'held', 'held', 'held', 'held', 'held', 'held']",4,20,v0,25,148.86602878570557
2026-03-15 03:38:32,PSO_ELM_no_detector,linear_gradual_drift_17,,0.0297989286249036,0.0018572015084426,0.0430952608582738,0,31.0312180519104,1.241248722076416,19,"['promoted', 'promoted', 'held', 'promoted', 'promoted', 'promoted', 'promoted', 'promoted', 'held', 'promoted', 'held', 'promoted', 'promoted', 'held', 'promoted', 'promoted', 'held', 'promoted', 'promoted', 'promoted', 'promoted', 'promoted', 'promoted', 'promoted']",19,5,v24,25,31.2041699886322
2026-03-15 03:38:48,LSTM_no_detector,linear_gradual_drift_17,,0.0252079382886828,0.0010158793484655,0.0318728622571854,0,4.452895879745483,0.1781158351898193,21,"['promoted', 'promoted', 'promoted', 'promoted', 'promoted', 'promoted', 'promoted', 'promoted', 'held', 'promoted', 'held', 'promoted', 'promoted', 'promoted', 'promoted', 'promoted', 'held', 'promoted', 'promoted', 'promoted', 'promoted', 'promoted', 'promoted', 'promoted']",21,3,v24,25,15.784661293029783
2026-03-15 03:38:48,ELM_no_detector,linear_gradual_drift_17,,0.0341531253781833,0.0026175458057547,0.0511619566255508,0,0.0104072093963623,0.0004162883758544,16,"['promoted', 'held', 'held', 'held', 'promoted', 'promoted', 'promoted', 'held', 'promoted', 'promoted', 'promoted', 'held', 'held', 'promoted', 'promoted', 'promoted', 'promoted', 'held', 'promoted', 'promoted', 'promoted', 'promoted', 'held', 'promoted']",16,8,v24,25,0.1764583587646484
2026-03-15 03:42:58,PSO_LSTM_no_detector,linear_gradual_drift_18,,0.0411153043063098,0.0031730525738138,0.0563298550842612,0,126.39163208007812,5.055665283203125,10,"['held', 'promoted', 'promoted', 'promoted', 'promoted', 'held', 'promoted', 'promoted', 'held', 'held', 'promoted', 'promoted', 'promoted', 'held', 'promoted', 'held', 'held', 'held', 'held', 'held', 'held', 'held', 'held', 'held']",10,14,v9,25,144.1106767654419
2026-03-15 03:43:50,PSO_ELM_no_detector,linear_gradual_drift_18,,0.0671927553313122,0.0314570254329899,0.1773612850454968,0,51.98668742179871,2.079467496871948,19,"['promoted', 'promoted', 'promoted', 'held', 'promoted', 'promoted', 'promoted', 'promoted', 'held', 'promoted', 'promoted', 'held', 'promoted', 'held', 'promoted', 'promoted', 'promoted', 'promoted', 'promoted', 'promoted', 'promoted', 'promoted', 'held', 'promoted']",19,5,v24,25,52.17926859855652
2026-03-15 03:44:04,LSTM_no_detector,linear_gradual_drift_18,,0.0461228256435675,0.0036969800237673,0.060802796183789,0,3.4286670684814453,0.1371466827392578,17,"['held', 'held', 'promoted', 'promoted', 'held', 'promoted', 'promoted', 'promoted', 'promoted', 'promoted', 'held', 'promoted', 'held', 'held', 'promoted', 'promoted', 'promoted', 'promoted', 'promoted', 'held', 'promoted', 'promoted', 'promoted', 'promoted']",17,7,v24,25,14.03682255744934
2026-03-15 03:44:04,ELM_no_detector,linear_gradual_drift_18,,0.1054192742845277,0.0588887621351742,0.2426700684781175,0,0.0168802738189697,0.0006752109527587,19,"['held', 'held', 'promoted', 'promoted', 'promoted', 'promoted', 'promoted', 'promoted', 'held', 'promoted', 'promoted', 'promoted', 'held', 'promoted', 'promoted', 'promoted', 'promoted', 'promoted', 'promoted', 'promoted', 'promoted', 'promoted', 'promoted', 'held']",19,5,v23,25,0.1576151847839355
2026-03-15 03:49:09,PSO_LSTM_no_detector,linear_gradual_drift_19,,0.0387760110994267,0.0034695570509216,0.0589029460292242,0,74.68382096290588,2.987352838516236,8,"['held', 'held', 'held', 'held', 'held', 'held', 'held', 'held', 'held', 'promoted', 'promoted', 'promoted', 'promoted', 'held', 'promoted', 'held', 'promoted', 'promoted', 'promoted', 'held', 'held', 'held', 'held', 'held']",8,16,v16,25,90.32548308372498
2026-03-15 03:49:34,PSO_ELM_no_detector,linear_gradual_drift_19,,0.0258991345653165,0.0013852460331021,0.0372188934964781,0,24.06854057312012,0.9627416229248048,16,"['held', 'held', 'promoted', 'held', 'promoted', 'promoted', 'promoted', 'held', 'held', 'promoted', 'held', 'promoted', 'promoted', 'promoted', 'promoted', 'promoted', 'held', 'promoted', 'promoted', 'promoted', 'held', 'promoted', 'promoted', 'promoted']",16,8,v24,25,24.293829917907715
2026-03-15 03:49:49,LSTM_no_detector,linear_gradual_drift_19,,0.0256013146228687,0.0010522524255524,0.0324384405536461,0,4.787174701690674,0.1914869880676269,21,"['held', 'promoted', 'promoted', 'promoted', 'promoted', 'promoted', 'promoted', 'held', 'promoted', 'promoted', 'promoted', 'promoted', 'promoted', 'promoted', 'promoted', 'promoted', 'promoted', 'promoted', 'promoted', 'promoted', 'promoted', 'promoted', 'held', 'promoted']",21,3,v24,25,15.3831889629364
2026-03-15 03:49:49,ELM_no_detector,linear_gradual_drift_19,,0.0398841890905367,0.00411393806013,0.0641399879960233,0,0.0183284282684326,0.0007331371307373,20,"['promoted', 'promoted', 'promoted', 'promoted', 'held', 'promoted', 'promoted', 'promoted', 'promoted', 'promoted', 'promoted', 'held', 'promoted', 'promoted', 'promoted', 'promoted', 'promoted', 'held', 'promoted', 'held', 'promoted', 'promoted', 'promoted', 'promoted']",20,4,v24,25,0.1692450046539306
2026-03-15 03:54:57,PSO_LSTM_no_detector,linear_gradual_drift_20,,0.0240231260751435,0.0009160146942467,0.030265734655658,0,82.134761095047,3.28539044380188,4,"['held', 'held', 'held', 'held', 'held', 'held', 'held', 'held', 'held', 'held', 'held', 'promoted', 'promoted', 'held', 'held', 'held', 'held', 'held', 'held', 'held', 'held', 'held', 'promoted', 'promoted']",4,20,v0,25,98.06832838058472
2026-03-15 03:55:48,PSO_ELM_no_detector,linear_gradual_drift_20,,0.0294439187230996,0.0027102243135624,0.0520598147668855,0,50.88463854789734,2.0353855419158937,16,"['held', 'held', 'held', 'promoted', 'promoted', 'promoted', 'promoted', 'promoted', 'promoted', 'promoted', 'held', 'promoted', 'promoted', 'held', 'promoted', 'held', 'promoted', 'promoted', 'promoted', 'held', 'promoted', 'held', 'promoted', 'promoted']",16,8,v24,25,51.06512260437012
2026-03-15 03:56:04,LSTM_no_detector,linear_gradual_drift_20,,0.026835059106307,0.0011529923693752,0.0339557413315521,0,4.891556739807129,0.1956622695922851,20,"['held', 'promoted', 'promoted', 'promoted', 'promoted', 'promoted', 'promoted', 'promoted', 'promoted', 'promoted', 'promoted', 'promoted', 'promoted', 'promoted', 'held', 'promoted', 'promoted', 'promoted', 'promoted', 'held', 'promoted', 'held', 'promoted', 'promoted']",20,4,v24,25,15.716776847839355
2026-03-15 03:56:04,ELM_no_detector,linear_gradual_drift_20,,0.0304801622476432,0.0018172899489239,0.0426296838942531,0,0.01666259765625,0.00066650390625,16,"['promoted', 'held', 'held', 'promoted', 'held', 'held', 'promoted', 'held', 'promoted', 'held', 'promoted', 'promoted', 'promoted', 'promoted', 'promoted', 'promoted', 'held', 'promoted', 'promoted', 'promoted', 'promoted', 'held', 'promoted', 'promoted']",16,8,v24,25,0.1607828140258789
2026-03-15 04:01:46,PSO_LSTM_no_detector,linear_gradual_drift_21,,0.075655388571984,0.0118958468109536,0.1090680833743475,0,125.14118981361388,5.005647592544555,5,"['held', 'held', 'held', 'held', 'held', 'held', 'promoted', 'held', 'promoted', 'promoted', 'promoted', 'held', 'promoted', 'held', 'held', 'held', 'held', 'held', 'held', 'held', 'held', 'held', 'held', 'held']",5,19,v9,25,141.46502041816711
2026-03-15 04:02:49,PSO_ELM_no_detector,linear_gradual_drift_21,,0.0286279612988867,0.0017144448911375,0.0414058557590293,0,62.62877893447876,2.5051511573791503,15,"['promoted', 'held', 'held', 'promoted', 'promoted', 'held', 'promoted', 'held', 'promoted', 'promoted', 'promoted', 'promoted', 'promoted', 'held', 'promoted', 'held', 'held', 'held', 'promoted', 'promoted', 'held', 'promoted', 'promoted', 'promoted']",15,9,v24,25,62.79683780670166
2026-03-15 04:03:05,LSTM_no_detector,linear_gradual_drift_21,,0.0236416849691294,0.000898944898009,0.0299824098099037,0,5.10984468460083,0.2043937873840332,20,"['promoted', 'held', 'promoted', 'held', 'promoted', 'held', 'promoted', 'promoted', 'promoted', 'promoted', 'promoted', 'held', 'promoted', 'promoted', 'promoted', 'promoted', 'promoted', 'promoted', 'promoted', 'promoted', 'promoted', 'promoted', 'promoted', 'promoted']",20,4,v24,25,15.637877702713013
2026-03-15 04:03:05,ELM_no_detector,linear_gradual_drift_21,,0.0329343756858525,0.0027386184581553,0.0523318111491982,0,0.0115571022033691,0.0004622840881347,16,"['promoted', 'held', 'held', 'held', 'promoted', 'promoted', 'promoted', 'held', 'held', 'promoted', 'promoted', 'held', 'promoted', 'promoted', 'promoted', 'held', 'promoted', 'promoted', 'promoted', 'promoted', 'promoted', 'promoted', 'held', 'promoted']",16,8,v21,25,0.1488692760467529
2026-03-15 04:07:44,PSO_LSTM_no_detector,linear_gradual_drift_22,,0.0314758391340697,0.0015714341295434,0.0396413184637376,0,60.46634030342102,2.4186536121368407,7,"['promoted', 'promoted', 'promoted', 'promoted', 'promoted', 'promoted', 'promoted', 'held', 'held', 'held', 'held', 'held', 'held', 'held', 'held', 'held', 'held', 'held', 'held', 'held', 'held', 'held', 'held', 'held']",7,17,v2,25,79.09438991546631
2026-03-15 04:08:22,PSO_ELM_no_detector,linear_gradual_drift_22,,0.0245568251872539,0.0011157710018201,0.0334031585605333,0,37.87702202796936,1.5150808811187744,16,"['promoted', 'held', 'promoted', 'held', 'promoted', 'promoted', 'promoted', 'held', 'promoted', 'held', 'held', 'promoted', 'promoted', 'promoted', 'promoted', 'promoted', 'promoted', 'held', 'promoted', 'promoted', 'promoted', 'held', 'promoted', 'held']",16,8,v22,25,37.99622678756714
2026-03-15 04:08:37,LSTM_no_detector,linear_gradual_drift_22,,0.0246121477820995,0.0009781842250697,0.0312759368376031,0,4.680898904800415,0.1872359561920166,16,"['promoted', 'promoted', 'held', 'held', 'promoted', 'held', 'promoted', 'promoted', 'promoted', 'promoted', 'promoted', 'promoted', 'promoted', 'promoted', 'promoted', 'held', 'held', 'held', 'promoted', 'promoted', 'promoted', 'held', 'promoted', 'held']",16,8,v22,25,15.148395776748655
2026-03-15 04:08:37,ELM_no_detector,linear_gradual_drift_22,,0.0368378456976975,0.0053056652610042,0.0728399976730108,0,0.023141860961914,0.0009256744384765,13,"['promoted', 'promoted', 'promoted', 'held', 'held', 'held', 'held', 'promoted', 'promoted', 'held', 'promoted', 'held', 'promoted', 'held', 'promoted', 'promoted', 'held', 'held', 'promoted', 'held', 'promoted', 'promoted', 'promoted', 'held']",13,11,v23,25,0.1741411685943603
2026-03-15 04:14:31,PSO_LSTM_no_detector,linear_gradual_drift_23,,0.0310441782053023,0.0028514718131016,0.0533991742735939,0,121.72695398330688,4.869078159332275,3,"['held', 'held', 'held', 'held', 'held', 'held', 'promoted', 'held', 'held', 'held', 'held', 'held', 'held', 'held', 'held', 'held', 'held', 'held', 'held', 'held', 'held', 'promoted', 'promoted', 'held']",3,21,v6,25,138.67346024513245
2026-03-15 04:15:24,PSO_ELM_no_detector,linear_gradual_drift_23,,0.089392066608661,0.0416208119697575,0.2040117937026129,0,52.23149299621582,2.089259719848633,16,"['held', 'held', 'held', 'promoted', 'held', 'promoted', 'promoted', 'promoted', 'promoted', 'promoted', 'promoted', 'held', 'promoted', 'held', 'held', 'promoted', 'promoted', 'promoted', 'promoted', 'promoted', 'promoted', 'promoted', 'promoted', 'held']",16,8,v23,25,52.35149574279785
2026-03-15 04:15:40,LSTM_no_detector,linear_gradual_drift_23,,0.0267150810173571,0.0011599424268001,0.0340579275176884,0,5.216149568557739,0.2086459827423095,15,"['promoted', 'held', 'promoted', 'promoted', 'held', 'promoted', 'promoted', 'promoted', 'held', 'promoted', 'promoted', 'held', 'promoted', 'held', 'held', 'held', 'held', 'promoted', 'promoted', 'promoted', 'promoted', 'promoted', 'promoted', 'held']",15,9,v23,25,16.488815307617188
2026-03-15 04:15:40,ELM_no_detector,linear_gradual_drift_23,,0.0403315801132616,0.0041823091832949,0.0646707753416868,0,0.0233876705169677,0.0009355068206787,17,"['promoted', 'promoted', 'held', 'promoted', 'promoted', 'promoted', 'promoted', 'held', 'promoted', 'promoted', 'promoted', 'held', 'promoted', 'held', 'held', 'promoted', 'promoted', 'held', 'promoted', 'promoted', 'promoted', 'promoted', 'promoted', 'held']",17,7,v23,25,0.1892151832580566
2026-03-15 04:21:31,PSO_LSTM_no_detector,linear_gradual_drift_24,,0.024407073839876,0.0009387276636563,0.0306386628894991,0,121.8193871974945,4.87277548789978,7,"['held', 'held', 'held', 'held', 'held', 'held', 'held', 'held', 'held', 'held', 'held', 'held', 'promoted', 'held', 'promoted', 'promoted', 'promoted', 'held', 'held', 'promoted', 'promoted', 'held', 'held', 'promoted']",7,17,v24,25,138.06680130958557
2026-03-15 04:22:31,PSO_ELM_no_detector,linear_gradual_drift_24,,0.0429766656452596,0.0048033483087628,0.0693061924272488,0,59.719547510147095,2.388781900405884,17,"['promoted', 'held', 'held', 'promoted', 'held', 'promoted', 'promoted', 'promoted', 'promoted', 'promoted', 'promoted', 'promoted', 'promoted', 'promoted', 'held', 'held', 'promoted', 'held', 'promoted', 'promoted', 'promoted', 'promoted', 'held', 'promoted']",17,7,v24,25,59.903491258621216
2026-03-15 04:22:47,LSTM_no_detector,linear_gradual_drift_24,,0.0260956751668044,0.0010856769500062,0.0329496122891644,0,4.705899238586426,0.188235969543457,17,"['held', 'promoted', 'held', 'promoted', 'held', 'promoted', 'promoted', 'promoted', 'promoted', 'promoted', 'held', 'promoted', 'promoted', 'held', 'promoted', 'promoted', 'promoted', 'held', 'held', 'promoted', 'promoted', 'promoted', 'promoted', 'promoted']",17,7,v24,25,16.254218816757202
2026-03-15 04:22:47,ELM_no_detector,linear_gradual_drift_24,,0.039375276544193,0.0038628604933236,0.0621519146392425,0,0.0176172256469726,0.0007046890258789,18,"['held', 'promoted', 'promoted', 'promoted', 'held', 'held', 'promoted', 'held', 'promoted', 'promoted', 'promoted', 'promoted', 'promoted', 'promoted', 'promoted', 'promoted', 'promoted', 'held', 'promoted', 'promoted', 'promoted', 'promoted', 'held', 'promoted']",18,6,v24,25,0.1711933612823486
2026-03-15 04:28:03,PSO_LSTM_no_detector,linear_gradual_drift_25,,0.0371693750307989,0.0029221957998412,0.0540573380757993,0,89.09410619735718,3.563764247894288,3,"['held', 'held', 'held', 'held', 'held', 'held', 'promoted', 'held', 'held', 'held', 'held', 'held', 'held', 'held', 'held', 'promoted', 'held', 'promoted', 'held', 'held', 'held', 'held', 'held', 'held']",3,21,v7,25,106.19958639144896
2026-03-15 04:29:03,PSO_ELM_no_detector,linear_gradual_drift_25,,0.0412894351860605,0.0047884637970474,0.0691987268455675,0,59.9154224395752,2.396616897583008,15,"['held', 'held', 'promoted', 'held', 'held', 'held', 'promoted', 'held', 'promoted', 'promoted', 'promoted', 'promoted', 'promoted', 'promoted', 'held', 'promoted', 'held', 'promoted', 'promoted', 'promoted', 'held', 'promoted', 'promoted', 'promoted']",15,9,v19,25,60.06093120574951
2026-03-15 04:29:18,LSTM_no_detector,linear_gradual_drift_25,,0.0236793237253986,0.0009052493215232,0.0300873614915505,0,4.4008612632751465,0.1760344505310058,20,"['promoted', 'held', 'promoted', 'held', 'promoted', 'promoted', 'promoted', 'promoted', 'promoted', 'promoted', 'promoted', 'promoted', 'promoted', 'held', 'promoted', 'promoted', 'held', 'promoted', 'promoted', 'promoted', 'promoted', 'promoted', 'promoted', 'promoted']",20,4,v22,25,14.843682527542114
2026-03-15 04:29:18,ELM_no_detector,linear_gradual_drift_25,,0.0327158126525001,0.0022884430826243,0.0478376743020017,0,0.0238161087036132,0.0009526443481445,15,"['held', 'held', 'held', 'held', 'promoted', 'promoted', 'held', 'promoted', 'promoted', 'promoted', 'promoted', 'promoted', 'promoted', 'promoted', 'held', 'promoted', 'held', 'promoted', 'promoted', 'promoted', 'held', 'held', 'promoted', 'promoted']",15,9,v24,25,0.17769455909729
2026-03-15 04:35:22,PSO_LSTM_no_detector,linear_gradual_drift_26,,0.0413785008782588,0.0032234143759937,0.0567751211006523,0,124.8964385986328,4.995857543945313,10,"['held', 'held', 'held', 'held', 'held', 'held', 'held', 'promoted', 'promoted', 'promoted', 'promoted', 'promoted', 'promoted', 'held', 'promoted', 'promoted', 'promoted', 'held', 'promoted', 'held', 'held', 'held', 'held', 'held']",10,14,v15,25,141.31365776062012
2026-03-15 04:36:36,PSO_ELM_no_detector,linear_gradual_drift_26,,0.0332564764621008,0.0028923003079131,0.0537801107093799,0,73.22824907302856,2.9291299629211425,16,"['held', 'promoted', 'promoted', 'promoted', 'held', 'held', 'promoted', 'held', 'promoted', 'promoted', 'held', 'held', 'promoted', 'promoted', 'promoted', 'promoted', 'held', 'promoted', 'promoted', 'promoted', 'promoted', 'promoted', 'promoted', 'held']",16,8,v23,25,73.4110209941864
2026-03-15 04:36:50,LSTM_no_detector,linear_gradual_drift_26,,0.0279095544195369,0.0012491951207749,0.0353439545152337,0,4.44490909576416,0.1777963638305664,22,"['promoted', 'promoted', 'held', 'promoted', 'promoted', 'promoted', 'promoted', 'promoted', 'promoted', 'promoted', 'promoted', 'promoted', 'promoted', 'promoted', 'held', 'promoted', 'promoted', 'promoted', 'promoted', 'promoted', 'promoted', 'promoted', 'promoted', 'promoted']",22,2,v24,25,14.877722024917604
2026-03-15 04:36:51,ELM_no_detector,linear_gradual_drift_26,,0.1282644044403452,0.1916334200687461,0.4377595459481679,0,0.0237512588500976,0.0009500503540039,15,"['promoted', 'promoted', 'promoted', 'promoted', 'held', 'promoted', 'promoted', 'held', 'promoted', 'promoted', 'held', 'promoted', 'promoted', 'held', 'held', 'held', 'held', 'promoted', 'held', 'promoted', 'promoted', 'promoted', 'promoted', 'held']",15,9,v23,25,0.1828925609588623
2026-03-15 04:42:08,PSO_LSTM_no_detector,linear_gradual_drift_27,,0.0249728764442202,0.0011130897100231,0.0333629991161345,0,85.20642256736755,3.4082569026947023,4,"['held', 'held', 'held', 'held', 'held', 'promoted', 'promoted', 'held', 'held', 'held', 'held', 'held', 'held', 'held', 'held', 'held', 'held', 'promoted', 'promoted', 'held', 'held', 'held', 'held', 'held']",4,20,v0,25,100.5565264225006
2026-03-15 04:43:01,PSO_ELM_no_detector,linear_gradual_drift_27,,0.0354916261779779,0.0036538213727402,0.0604468475004299,0,52.468448638916016,2.098737945556641,16,"['promoted', 'promoted', 'promoted', 'held', 'held', 'promoted', 'promoted', 'held', 'promoted', 'held', 'promoted', 'promoted', 'promoted', 'held', 'promoted', 'promoted', 'held', 'promoted', 'promoted', 'promoted', 'held', 'held', 'promoted', 'promoted']",16,8,v24,25,52.65386414527893
2026-03-15 04:43:16,LSTM_no_detector,linear_gradual_drift_27,,0.0269776075400757,0.0012382510066552,0.0351887909234639,0,4.884611129760742,0.1953844451904297,22,"['promoted', 'promoted', 'held', 'promoted', 'promoted', 'promoted', 'promoted', 'promoted', 'promoted', 'promoted', 'promoted', 'promoted', 'held', 'promoted', 'promoted', 'promoted', 'promoted', 'promoted', 'promoted', 'promoted', 'promoted', 'promoted', 'promoted', 'promoted']",22,2,v24,25,15.333691835403442
2026-03-15 04:43:16,ELM_no_detector,linear_gradual_drift_27,,0.0461896522573152,0.0068539933228179,0.0827888478167072,0,0.0064826011657714,0.0002593040466308,16,"['promoted', 'held', 'held', 'held', 'promoted', 'promoted', 'promoted', 'held', 'promoted', 'held', 'promoted', 'promoted', 'promoted', 'held', 'promoted', 'promoted', 'promoted', 'promoted', 'promoted', 'promoted', 'held', 'promoted', 'held', 'promoted']",16,8,v24,25,0.1704757213592529
2026-03-15 04:49:20,PSO_LSTM_no_detector,linear_gradual_drift_28,,0.0250750149051597,0.0010067295724745,0.0317290020718357,0,127.82651233673096,5.113060493469238,9,"['promoted', 'promoted', 'promoted', 'promoted', 'held', 'promoted', 'promoted', 'held', 'held', 'promoted', 'promoted', 'held', 'held', 'held', 'held', 'held', 'held', 'held', 'held', 'held', 'held', 'held', 'promoted', 'held']",9,15,v23,25,143.55678963661194
2026-03-15 04:50:05,PSO_ELM_no_detector,linear_gradual_drift_28,,0.0314330442715698,0.0026146486657109,0.0511336353656859,0,44.98819851875305,1.799527940750122,19,"['promoted', 'promoted', 'promoted', 'promoted', 'held', 'promoted', 'promoted', 'promoted', 'held', 'held', 'promoted', 'promoted', 'held', 'promoted', 'promoted', 'promoted', 'promoted', 'promoted', 'promoted', 'promoted', 'promoted', 'promoted', 'promoted', 'held']",19,5,v23,25,45.23251438140869
2026-03-15 04:50:21,LSTM_no_detector,linear_gradual_drift_28,,0.0259115213856376,0.0010946505053209,0.0330855029479822,0,5.426034688949585,0.2170413875579834,18,"['held', 'held', 'promoted', 'held', 'promoted', 'promoted', 'promoted', 'promoted', 'held', 'promoted', 'promoted', 'promoted', 'held', 'promoted', 'promoted', 'promoted', 'promoted', 'promoted', 'promoted', 'promoted', 'held', 'promoted', 'promoted', 'promoted']",18,6,v24,25,16.19765067100525
2026-03-15 04:50:21,ELM_no_detector,linear_gradual_drift_28,,0.050958799527225,0.0157882388189705,0.125651258724179,0,0.0158483982086181,0.0006339359283447,13,"['promoted', 'promoted', 'promoted', 'promoted', 'held', 'promoted', 'promoted', 'held', 'held', 'held', 'held', 'held', 'held', 'promoted', 'promoted', 'held', 'held', 'promoted', 'promoted', 'promoted', 'held', 'promoted', 'promoted', 'held']",13,11,v23,25,0.185525894165039
2026-03-15 04:56:22,PSO_LSTM_no_detector,linear_gradual_drift_29,,0.0423685841542068,0.003296329466849,0.0574136696863128,0,130.91773056983948,5.236709222793579,6,"['held', 'held', 'held', 'held', 'held', 'held', 'promoted', 'promoted', 'promoted', 'promoted', 'promoted', 'promoted', 'held', 'held', 'held', 'held', 'held', 'held', 'held', 'held', 'held', 'held', 'held', 'held']",6,18,v7,25,148.39506077766418
2026-03-15 04:56:53,PSO_ELM_no_detector,linear_gradual_drift_29,,0.0222550720789478,0.0009156731980586,0.0302600924991751,0,30.856457233428955,1.2342582893371583,13,"['held', 'promoted', 'held', 'held', 'held', 'held', 'promoted', 'held', 'promoted', 'held', 'held', 'promoted', 'promoted', 'promoted', 'held', 'promoted', 'held', 'promoted', 'promoted', 'promoted', 'promoted', 'promoted', 'promoted', 'held']",13,11,v23,25,31.00759983062744
2026-03-15 04:57:08,LSTM_no_detector,linear_gradual_drift_29,,0.0252586715254955,0.0010417122653559,0.0322755676225209,0,4.645727634429932,0.1858291053771972,20,"['promoted', 'promoted', 'promoted', 'promoted', 'promoted', 'held', 'promoted', 'promoted', 'promoted', 'promoted', 'promoted', 'promoted', 'held', 'held', 'promoted', 'promoted', 'held', 'promoted', 'promoted', 'promoted', 'promoted', 'promoted', 'promoted', 'promoted']",20,4,v24,25,15.131391048431396
2026-03-15 04:57:08,ELM_no_detector,linear_gradual_drift_29,,0.0304616187303123,0.0019498936089249,0.0441575996734982,0,0.0099613666534423,0.0003984546661376,19,"['promoted', 'held', 'held', 'held', 'held', 'promoted', 'promoted', 'promoted', 'promoted', 'promoted', 'promoted', 'promoted', 'promoted', 'promoted', 'held', 'promoted', 'promoted', 'promoted', 'promoted', 'promoted', 'promoted', 'promoted', 'promoted', 'promoted']",19,5,v24,25,0.1743521690368652
2026-03-15 05:02:43,PSO_LSTM_no_detector,linear_gradual_drift_30,,0.0234332243164728,0.0008656740012495,0.0294223384735066,0,97.9922103881836,3.919688415527344,1,"['held', 'held', 'held', 'held', 'held', 'held', 'held', 'held', 'held', 'held', 'held', 'held', 'held', 'held', 'held', 'held', 'held', 'held', 'promoted', 'held', 'held', 'held', 'held', 'held']",1,23,v19,25,114.18226981163023
2026-03-15 05:03:14,PSO_ELM_no_detector,linear_gradual_drift_30,,0.0359372238089798,0.0036129504036217,0.0601078231482533,0,31.44838857650757,1.2579355430603028,21,"['promoted', 'promoted', 'held', 'promoted', 'promoted', 'promoted', 'promoted', 'promoted', 'promoted', 'promoted', 'held', 'promoted', 'promoted', 'promoted', 'promoted', 'promoted', 'promoted', 'promoted', 'promoted', 'held', 'promoted', 'promoted', 'promoted', 'promoted']",21,3,v24,25,31.632573127746586
2026-03-15 05:03:30,LSTM_no_detector,linear_gradual_drift_30,,0.0245193197971343,0.0009629120791491,0.0310308246611192,0,4.84399676322937,0.1937598705291748,22,"['promoted', 'promoted', 'promoted', 'promoted', 'promoted', 'promoted', 'promoted', 'promoted', 'promoted', 'promoted', 'held', 'promoted', 'promoted', 'promoted', 'promoted', 'promoted', 'held', 'promoted', 'promoted', 'promoted', 'promoted', 'promoted', 'promoted', 'promoted']",22,2,v24,25,16.02048373222351
2026-03-15 05:03:30,ELM_no_detector,linear_gradual_drift_30,,0.059475118719208,0.0316410775818111,0.1778793905482341,0,0.0139834880828857,0.0005593395233154,19,"['held', 'promoted', 'held', 'held', 'promoted', 'promoted', 'promoted', 'promoted', 'promoted', 'promoted', 'held', 'promoted', 'promoted', 'promoted', 'promoted', 'promoted', 'promoted', 'promoted', 'promoted', 'promoted', 'promoted', 'promoted', 'promoted', 'held']",19,5,v23,25,0.1627943515777588
2026-03-15 05:08:18,PSO_LSTM_no_detector,linear_abrupt_drift_1,,0.0507538175482736,0.0047460807334118,0.0688918045446035,0,134.84351778030396,5.393740711212158,7,"['held', 'promoted', 'promoted', 'promoted', 'promoted', 'promoted', 'held', 'held', 'held', 'held', 'held', 'held', 'held', 'held', 'held', 'promoted', 'promoted', 'held', 'held', 'held', 'held', 'held', 'held', 'held']",7,17,v16,25,153.40282440185547
2026-03-15 05:08:42,PSO_ELM_no_detector,linear_abrupt_drift_1,,0.0837520327556318,0.0394897940347773,0.1987203915927536,0,23.83261442184448,0.9533045768737792,16,"['held', 'promoted', 'held', 'promoted', 'promoted', 'promoted', 'promoted', 'promoted', 'promoted', 'held', 'held', 'held', 'promoted', 'promoted', 'held', 'promoted', 'promoted', 'promoted', 'promoted', 'promoted', 'held', 'promoted', 'held', 'promoted']",16,8,v24,25,24.0419499874115
2026-03-15 05:08:56,LSTM_no_detector,linear_abrupt_drift_1,,0.0421026452471321,0.0029969013636103,0.0547439618917954,0,3.6827144622802734,0.1473085784912109,18,"['promoted', 'promoted', 'promoted', 'promoted', 'promoted', 'promoted', 'promoted', 'promoted', 'held', 'promoted', 'held', 'held', 'promoted', 'promoted', 'promoted', 'promoted', 'promoted', 'held', 'promoted', 'held', 'held', 'promoted', 'promoted', 'promoted']",18,6,v22,25,14.021135568618774
2026-03-15 05:08:56,ELM_no_detector,linear_abrupt_drift_1,,0.0643440501046035,0.0122364732254821,0.1106185934889889,0,0.0179564952850341,0.0007182598114013,16,"['promoted', 'held', 'promoted', 'promoted', 'held', 'held', 'promoted', 'promoted', 'promoted', 'promoted', 'held', 'held', 'promoted', 'promoted', 'held', 'promoted', 'promoted', 'promoted', 'promoted', 'promoted', 'promoted', 'promoted', 'held', 'held']",16,8,v22,25,0.2130436897277832
2026-03-15 05:13:49,PSO_LSTM_no_detector,linear_abrupt_drift_2,,0.0442712020973373,0.0038095411936273,0.0617214808120106,0,93.61832547187804,3.744733018875122,3,"['held', 'promoted', 'promoted', 'promoted', 'held', 'held', 'held', 'held', 'held', 'held', 'held', 'held', 'held', 'held', 'held', 'held', 'held', 'held', 'held', 'held', 'held', 'held', 'held', 'held']",3,21,v4,25,110.27328658103944
2026-03-15 05:14:35,PSO_ELM_no_detector,linear_abrupt_drift_2,,0.0413765760386073,0.0059928495238883,0.0774134970395236,0,45.38456988334656,1.8153827953338624,22,"['promoted', 'promoted', 'promoted', 'promoted', 'promoted', 'promoted', 'held', 'promoted', 'promoted', 'promoted', 'promoted', 'promoted', 'promoted', 'promoted', 'held', 'promoted', 'promoted', 'promoted', 'promoted', 'promoted', 'promoted', 'promoted', 'promoted', 'promoted']",22,2,v24,25,45.539329528808594
2026-03-15 05:14:49,LSTM_no_detector,linear_abrupt_drift_2,,0.0250138024388205,0.0010242264413383,0.0320035379503327,0,3.7225866317749023,0.1489034652709961,20,"['promoted', 'promoted', 'promoted', 'promoted', 'promoted', 'promoted', 'promoted', 'promoted', 'promoted', 'promoted', 'held', 'promoted', 'held', 'promoted', 'promoted', 'promoted', 'held', 'held', 'promoted', 'promoted', 'promoted', 'promoted', 'promoted', 'promoted']",20,4,v24,25,14.224937677383425
2026-03-15 05:14:49,ELM_no_detector,linear_abrupt_drift_2,,0.0815877416380963,0.0349194069519396,0.1868673512198951,0,0.015010118484497,0.0006004047393798,13,"['held', 'promoted', 'promoted', 'promoted', 'promoted', 'held', 'promoted', 'held', 'promoted', 'promoted', 'held', 'held', 'promoted', 'promoted', 'held', 'promoted', 'held', 'held', 'promoted', 'promoted', 'held', 'held', 'promoted', 'held']",13,11,v23,25,0.1624503135681152
2026-03-15 05:19:29,PSO_LSTM_no_detector,linear_abrupt_drift_3,,0.0389936548818448,0.0030208731346937,0.0549624702382792,0,78.8486716747284,3.153946866989136,1,"['promoted', 'held', 'held', 'held', 'held', 'held', 'held', 'held', 'held', 'held', 'held', 'held', 'held', 'held', 'held', 'held', 'held', 'held', 'held', 'held', 'held', 'held', 'held', 'held']",1,23,v1,25,96.5204005241394
2026-03-15 05:20:14,PSO_ELM_no_detector,linear_abrupt_drift_3,,0.0658617403543785,0.0178260443551206,0.1335142103115643,0,45.1441445350647,1.805765781402588,17,"['promoted', 'promoted', 'held', 'held', 'held', 'promoted', 'promoted', 'promoted', 'promoted', 'promoted', 'promoted', 'promoted', 'promoted', 'promoted', 'promoted', 'held', 'promoted', 'held', 'promoted', 'promoted', 'promoted', 'held', 'held', 'promoted']",17,7,v24,25,45.36938428878784
2026-03-15 05:20:29,LSTM_no_detector,linear_abrupt_drift_3,,0.0330088241853102,0.0018727827847479,0.0432756604195466,0,4.236520051956177,0.169460802078247,18,"['promoted', 'promoted', 'held', 'held', 'promoted', 'held', 'promoted', 'promoted', 'promoted', 'promoted', 'promoted', 'promoted', 'promoted', 'held', 'held', 'promoted', 'promoted', 'held', 'promoted', 'promoted', 'promoted', 'promoted', 'promoted', 'promoted']",18,6,v24,25,14.84574031829834
2026-03-15 05:20:29,ELM_no_detector,linear_abrupt_drift_3,,0.1751779414419097,0.1945011971781308,0.4410228987004312,0,0.0197927951812744,0.0007917118072509,20,"['promoted', 'promoted', 'promoted', 'promoted', 'held', 'held', 'promoted', 'promoted', 'promoted', 'promoted', 'promoted', 'promoted', 'promoted', 'promoted', 'promoted', 'promoted', 'promoted', 'promoted', 'promoted', 'held', 'promoted', 'promoted', 'held', 'promoted']",20,4,v24,25,0.1737747192382812
2026-03-15 05:26:06,PSO_LSTM_no_detector,linear_abrupt_drift_4,,0.1232169595184739,0.028047596005474,0.1674741651881687,0,144.36038446426392,5.7744153785705565,6,"['promoted', 'promoted', 'held', 'held', 'promoted', 'promoted', 'promoted', 'promoted', 'held', 'held', 'held', 'held', 'held', 'held', 'held', 'held', 'held', 'held', 'held', 'held', 'held', 'held', 'held', 'held']",6,18,v8,25,161.0829017162323
2026-03-15 05:26:58,PSO_ELM_no_detector,linear_abrupt_drift_4,,0.0506666381579515,0.0133965063959241,0.1157432779729527,0,52.18201756477356,2.0872807025909426,19,"['promoted', 'promoted', 'held', 'held', 'held', 'promoted', 'promoted', 'promoted', 'promoted', 'promoted', 'promoted', 'promoted', 'promoted', 'promoted', 'promoted', 'promoted', 'promoted', 'promoted', 'promoted', 'held', 'promoted', 'promoted', 'promoted', 'held']",19,5,v23,25,52.31009483337402
2026-03-15 05:27:13,LSTM_no_detector,linear_abrupt_drift_4,,0.0340704941083177,0.002046561342381,0.045238936132286,0,4.414511442184448,0.1765804576873779,20,"['promoted', 'promoted', 'promoted', 'promoted', 'promoted', 'promoted', 'held', 'promoted', 'promoted', 'held', 'promoted', 'promoted', 'promoted', 'promoted', 'promoted', 'held', 'promoted', 'promoted', 'promoted', 'promoted', 'held', 'promoted', 'promoted', 'promoted']",20,4,v24,25,14.887973546981812
2026-03-15 05:27:13,ELM_no_detector,linear_abrupt_drift_4,,0.0641691663930586,0.0317352585021891,0.1781439263690716,0,0.0120806694030761,0.000483226776123,18,"['promoted', 'promoted', 'held', 'held', 'promoted', 'held', 'promoted', 'promoted', 'promoted', 'promoted', 'promoted', 'promoted', 'promoted', 'promoted', 'promoted', 'promoted', 'promoted', 'promoted', 'held', 'promoted', 'promoted', 'held', 'held', 'promoted']",18,6,v24,25,0.192462682723999
2026-03-15 05:32:39,PSO_LSTM_no_detector,linear_abrupt_drift_5,,0.037248800709437,0.002584864085321,0.0508415586437029,0,102.73389410972597,4.109355764389038,10,"['promoted', 'promoted', 'held', 'promoted', 'promoted', 'held', 'promoted', 'held', 'held', 'held', 'held', 'held', 'held', 'promoted', 'promoted', 'promoted', 'promoted', 'promoted', 'held', 'held', 'held', 'held', 'held', 'held']",10,14,v13,25,119.3680624961853
2026-03-15 05:33:25,PSO_ELM_no_detector,linear_abrupt_drift_5,,0.0614798490928243,0.0147788216924991,0.1215681771373543,0,45.18390440940857,1.8073561763763428,19,"['promoted', 'promoted', 'promoted', 'promoted', 'held', 'promoted', 'promoted', 'promoted', 'held', 'promoted', 'promoted', 'promoted', 'promoted', 'promoted', 'promoted', 'held', 'promoted', 'promoted', 'promoted', 'held', 'promoted', 'held', 'promoted', 'promoted']",19,5,v21,25,45.33971118927002
2026-03-15 05:33:40,LSTM_no_detector,linear_abrupt_drift_5,,0.0255075611743707,0.0010839480044948,0.0329233656313392,0,4.833517551422119,0.1933407020568847,20,"['promoted', 'held', 'promoted', 'promoted', 'promoted', 'promoted', 'promoted', 'promoted', 'promoted', 'promoted', 'promoted', 'promoted', 'promoted', 'held', 'promoted', 'promoted', 'promoted', 'promoted', 'promoted', 'held', 'promoted', 'promoted', 'promoted', 'held']",20,4,v23,25,15.385252237319946
2026-03-15 05:33:40,ELM_no_detector,linear_abrupt_drift_5,,0.0779167179213702,0.0477988771990189,0.2186295432895996,0,0.0122730731964111,0.0004909229278564,17,"['promoted', 'promoted', 'promoted', 'promoted', 'held', 'held', 'promoted', 'promoted', 'promoted', 'promoted', 'promoted', 'promoted', 'promoted', 'promoted', 'held', 'held', 'held', 'promoted', 'promoted', 'promoted', 'promoted', 'held', 'promoted', 'held']",17,7,v23,25,0.17055344581604
2026-03-15 05:38:35,PSO_LSTM_no_detector,linear_abrupt_drift_6,,0.0474787434560224,0.003946728382648,0.0628229924681089,0,97.20379328727722,3.8881517314910887,6,"['promoted', 'promoted', 'promoted', 'promoted', 'promoted', 'promoted', 'held', 'held', 'held', 'held', 'held', 'held', 'held', 'held', 'held', 'held', 'held', 'held', 'held', 'held', 'held', 'held', 'held', 'held']",6,18,v3,25,115.42541480064392
2026-03-15 05:39:06,PSO_ELM_no_detector,linear_abrupt_drift_6,,0.048225584953515,0.0081278754666069,0.0901547306945508,0,31.092129468917847,1.2436851787567138,18,"['held', 'held', 'promoted', 'promoted', 'held', 'held', 'promoted', 'promoted', 'promoted', 'promoted', 'promoted', 'promoted', 'promoted', 'promoted', 'promoted', 'promoted', 'held', 'promoted', 'promoted', 'promoted', 'held', 'promoted', 'promoted', 'promoted']",18,6,v22,25,31.243571996688843
2026-03-15 05:39:22,LSTM_no_detector,linear_abrupt_drift_6,,0.0276039801712888,0.0012692073996385,0.0356259371755825,0,4.688898086547852,0.187555923461914,16,"['promoted', 'promoted', 'promoted', 'promoted', 'held', 'promoted', 'promoted', 'promoted', 'promoted', 'promoted', 'promoted', 'held', 'promoted', 'held', 'promoted', 'held', 'held', 'promoted', 'promoted', 'promoted', 'held', 'promoted', 'held', 'held']",16,8,v22,25,15.554965257644652
2026-03-15 05:39:22,ELM_no_detector,linear_abrupt_drift_6,,0.0677952054854611,0.0513342650096216,0.2265706622879971,0,0.0151798725128173,0.0006071949005126,16,"['held', 'held', 'promoted', 'held', 'held', 'held', 'promoted', 'promoted', 'promoted', 'promoted', 'promoted', 'promoted', 'promoted', 'promoted', 'promoted', 'held', 'promoted', 'promoted', 'promoted', 'promoted', 'held', 'held', 'promoted', 'promoted']",16,8,v24,25,0.1639328002929687
2026-03-15 05:44:23,PSO_LSTM_no_detector,linear_abrupt_drift_7,,0.0580566786946283,0.0056552756872087,0.0752015670528797,0,69.15929675102234,2.766371870040893,9,"['promoted', 'promoted', 'promoted', 'promoted', 'promoted', 'promoted', 'promoted', 'promoted', 'promoted', 'held', 'held', 'held', 'held', 'held', 'held', 'held', 'held', 'held', 'held', 'held', 'held', 'held', 'held', 'held']",9,15,v5,25,86.23781943321228
2026-03-15 05:45:16,PSO_ELM_no_detector,linear_abrupt_drift_7,,0.0463223631563899,0.0058733774755621,0.0766379636705083,0,52.05577182769776,2.08223087310791,19,"['promoted', 'held', 'promoted', 'held', 'promoted', 'promoted', 'promoted', 'promoted', 'promoted', 'promoted', 'held', 'promoted', 'promoted', 'promoted', 'held', 'promoted', 'promoted', 'promoted', 'promoted', 'promoted', 'promoted', 'held', 'promoted', 'promoted']",19,5,v24,25,52.24334478378296
2026-03-15 05:45:31,LSTM_no_detector,linear_abrupt_drift_7,,0.0283295161967843,0.0013285805085701,0.0364496983330479,0,4.490785360336304,0.1796314144134521,21,"['promoted', 'promoted', 'promoted', 'promoted', 'promoted', 'promoted', 'promoted', 'promoted', 'promoted', 'promoted', 'promoted', 'promoted', 'promoted', 'promoted', 'promoted', 'promoted', 'promoted', 'held', 'promoted', 'held', 'promoted', 'held', 'promoted', 'promoted']",21,3,v24,25,15.065813779830933
2026-03-15 05:45:31,ELM_no_detector,linear_abrupt_drift_7,,0.0786977464620776,0.0351705182680514,0.1875380448550413,0,0.0153858661651611,0.0006154346466064,17,"['held', 'promoted', 'promoted', 'held', 'promoted', 'promoted', 'promoted', 'held', 'held', 'promoted', 'held', 'promoted', 'promoted', 'promoted', 'promoted', 'promoted', 'promoted', 'held', 'promoted', 'promoted', 'promoted', 'held', 'promoted', 'promoted']",17,7,v20,25,0.1741435527801513
2026-03-15 05:49:20,PSO_LSTM_no_detector,linear_abrupt_drift_8,,0.0545900544604163,0.0048289315969554,0.0694905144387017,0,86.81004571914673,3.4724018287658693,7,"['held', 'promoted', 'promoted', 'promoted', 'held', 'promoted', 'held', 'promoted', 'promoted', 'promoted', 'held', 'held', 'held', 'held', 'held', 'held', 'held', 'held', 'held', 'held', 'held', 'held', 'held', 'held']",7,17,v3,25,103.39542889595032
2026-03-15 05:49:51,PSO_ELM_no_detector,linear_abrupt_drift_8,,0.0771904405683625,0.0533472646746784,0.230970267945202,0,31.43278956413269,1.2573115825653076,20,"['promoted', 'held', 'promoted', 'promoted', 'promoted', 'promoted', 'promoted', 'promoted', 'promoted', 'promoted', 'promoted', 'promoted', 'promoted', 'held', 'promoted', 'promoted', 'held', 'promoted', 'promoted', 'promoted', 'promoted', 'promoted', 'held', 'promoted']",20,4,v24,25,31.533395051956177
2026-03-15 05:50:09,LSTM_no_detector,linear_abrupt_drift_8,,0.0474027937700344,0.0037951107188443,0.0616044699583099,0,5.220389366149902,0.2088155746459961,21,"['promoted', 'promoted', 'promoted', 'promoted', 'promoted', 'promoted', 'promoted', 'promoted', 'held', 'promoted', 'held', 'promoted', 'promoted', 'held', 'promoted', 'promoted', 'promoted', 'promoted', 'promoted', 'promoted', 'promoted', 'promoted', 'promoted', 'promoted']",21,3,v24,25,17.790462493896484
2026-03-15 05:50:09,ELM_no_detector,linear_abrupt_drift_8,,0.1681369601361598,0.3629088352257626,0.6024191524393648,0,0.0111024379730224,0.0004440975189208,18,"['promoted', 'promoted', 'promoted', 'held', 'held', 'promoted', 'promoted', 'promoted', 'promoted', 'promoted', 'promoted', 'promoted', 'promoted', 'promoted', 'promoted', 'promoted', 'held', 'promoted', 'promoted', 'promoted', 'held', 'held', 'held', 'promoted']",18,6,v24,25,0.1614861488342285
2026-03-15 05:55:54,PSO_LSTM_no_detector,linear_abrupt_drift_9,,0.0361395795679957,0.0024620262195997,0.0496188091312135,0,164.3892858028412,6.575571432113647,7,"['held', 'promoted', 'promoted', 'held', 'promoted', 'promoted', 'held', 'held', 'held', 'held', 'held', 'held', 'held', 'promoted', 'promoted', 'promoted', 'held', 'held', 'held', 'held', 'held', 'held', 'held', 'held']",7,17,v16,25,181.49930000305176
2026-03-15 05:56:38,PSO_ELM_no_detector,linear_abrupt_drift_9,,0.0481065034625605,0.0100020087521203,0.1000100432562667,0,44.03943419456482,1.7615773677825928,21,"['held', 'promoted', 'promoted', 'promoted', 'promoted', 'held', 'promoted', 'promoted', 'promoted', 'promoted', 'promoted', 'promoted', 'promoted', 'promoted', 'promoted', 'promoted', 'promoted', 'promoted', 'promoted', 'promoted', 'held', 'promoted', 'promoted', 'promoted']",21,3,v24,25,44.25416588783264
2026-03-15 05:56:53,LSTM_no_detector,linear_abrupt_drift_9,,0.0378623032078324,0.0025879556044896,0.0508719530241337,0,3.6640048027038574,0.1465601921081543,16,"['promoted', 'promoted', 'promoted', 'held', 'held', 'promoted', 'promoted', 'held', 'promoted', 'promoted', 'promoted', 'promoted', 'promoted', 'promoted', 'promoted', 'held', 'promoted', 'held', 'promoted', 'held', 'held', 'held', 'promoted', 'promoted']",16,8,v24,25,14.033619165420532
2026-03-15 05:56:53,ELM_no_detector,linear_abrupt_drift_9,,0.100752471389892,0.0400770429384435,0.2001925146913429,0,0.0247211456298828,0.0009888458251953,20,"['promoted', 'promoted', 'promoted', 'promoted', 'promoted', 'held', 'promoted', 'promoted', 'promoted', 'held', 'promoted', 'promoted', 'promoted', 'promoted', 'promoted', 'promoted', 'promoted', 'promoted', 'promoted', 'promoted', 'held', 'promoted', 'promoted', 'held']",20,4,v23,25,0.1876814365386963
2026-03-15 06:02:27,PSO_LSTM_no_detector,linear_abrupt_drift_10,,0.0387234110438853,0.0027464206248439,0.0524063032930576,0,158.55199909210205,6.342079963684082,9,"['held', 'promoted', 'promoted', 'promoted', 'promoted', 'promoted', 'promoted', 'held', 'held', 'held', 'held', 'held', 'held', 'held', 'promoted', 'held', 'held', 'promoted', 'promoted', 'held', 'held', 'held', 'held', 'held']",9,15,v0,25,174.71948337554932
2026-03-15 06:03:13,PSO_ELM_no_detector,linear_abrupt_drift_10,,0.1147318679642165,0.1672157506627296,0.4089202253040678,0,45.40388298034668,1.816155319213867,20,"['held', 'held', 'promoted', 'promoted', 'promoted', 'promoted', 'promoted', 'promoted', 'promoted', 'promoted', 'promoted', 'promoted', 'promoted', 'promoted', 'promoted', 'held', 'held', 'promoted', 'promoted', 'promoted', 'promoted', 'promoted', 'promoted', 'promoted']",20,4,v20,25,45.566349506378174
2026-03-15 06:03:26,LSTM_no_detector,linear_abrupt_drift_10,,0.0548474591660806,0.0051656674458157,0.0718725778431226,0,3.266946792602539,0.1306778717041015,21,"['promoted', 'held', 'promoted', 'promoted', 'promoted', 'promoted', 'held', 'promoted', 'promoted', 'promoted', 'promoted', 'promoted', 'promoted', 'promoted', 'promoted', 'promoted', 'promoted', 'promoted', 'promoted', 'promoted', 'held', 'promoted', 'promoted', 'promoted']",21,3,v24,25,13.41339111328125
2026-03-15 06:03:27,ELM_no_detector,linear_abrupt_drift_10,,0.078519398999947,0.0254718221349565,0.159598941522043,0,0.0116560459136962,0.0004662418365478,22,"['held', 'promoted', 'promoted', 'promoted', 'promoted', 'promoted', 'promoted', 'promoted', 'promoted', 'promoted', 'promoted', 'held', 'promoted', 'promoted', 'promoted', 'promoted', 'promoted', 'promoted', 'promoted', 'promoted', 'promoted', 'promoted', 'promoted', 'promoted']",22,2,v20,25,0.1877431869506836
2026-03-15 06:09:15,PSO_LSTM_no_detector,linear_abrupt_drift_11,,0.1813021542749394,0.0534603906142028,0.2312150311164974,0,168.94239354133606,6.757695741653443,5,"['promoted', 'held', 'promoted', 'held', 'promoted', 'promoted', 'held', 'held', 'promoted', 'held', 'held', 'held', 'held', 'held', 'held', 'held', 'held', 'held', 'held', 'held', 'held', 'held', 'held', 'held']",5,19,v9,25,184.4995710849762
2026-03-15 06:09:39,PSO_ELM_no_detector,linear_abrupt_drift_11,,0.0476312183763779,0.0073390519501146,0.0856682668793679,0,24.18250298500061,0.9673001194000244,20,"['promoted', 'promoted', 'promoted', 'promoted', 'promoted', 'promoted', 'promoted', 'held', 'promoted', 'promoted', 'promoted', 'promoted', 'promoted', 'promoted', 'promoted', 'held', 'held', 'promoted', 'promoted', 'promoted', 'promoted', 'promoted', 'promoted', 'held']",20,4,v23,25,24.36607265472412
2026-03-15 06:09:54,LSTM_no_detector,linear_abrupt_drift_11,,0.0349495044597882,0.0020649948576934,0.0454422144893213,0,4.138173818588257,0.1655269527435302,16,"['promoted', 'promoted', 'promoted', 'held', 'promoted', 'promoted', 'promoted', 'held', 'promoted', 'promoted', 'held', 'promoted', 'promoted', 'held', 'promoted', 'held', 'held', 'promoted', 'promoted', 'promoted', 'promoted', 'promoted', 'held', 'held']",16,8,v20,25,14.532262325286863
2026-03-15 06:09:54,ELM_no_detector,linear_abrupt_drift_11,,0.0889435553664767,0.1181653700252037,0.3437519018495807,0,0.0159709453582763,0.000638837814331,20,"['promoted', 'promoted', 'promoted', 'promoted', 'promoted', 'promoted', 'held', 'promoted', 'promoted', 'promoted', 'promoted', 'promoted', 'promoted', 'promoted', 'promoted', 'promoted', 'held', 'promoted', 'held', 'promoted', 'promoted', 'promoted', 'promoted', 'held']",20,4,v23,25,0.1730654239654541
2026-03-15 06:16:40,PSO_LSTM_no_detector,linear_abrupt_drift_12,,0.0363494018044914,0.0025267372693727,0.0502666616095877,0,166.33550357818604,6.653420143127441,8,"['promoted', 'promoted', 'held', 'held', 'promoted', 'promoted', 'promoted', 'held', 'held', 'held', 'held', 'held', 'held', 'held', 'held', 'held', 'promoted', 'held', 'promoted', 'held', 'promoted', 'held', 'held', 'held']",8,16,v21,25,182.67406964302063
2026-03-15 06:17:25,PSO_ELM_no_detector,linear_abrupt_drift_12,,0.0486833497923732,0.0068748467115427,0.0829146953895555,0,44.6207594871521,1.784830379486084,18,"['promoted', 'promoted', 'held', 'held', 'promoted', 'promoted', 'promoted', 'promoted', 'promoted', 'held', 'promoted', 'promoted', 'promoted', 'promoted', 'promoted', 'held', 'promoted', 'held', 'promoted', 'promoted', 'promoted', 'promoted', 'held', 'promoted']",18,6,v24,25,44.8160195350647
2026-03-15 06:17:40,LSTM_no_detector,linear_abrupt_drift_12,,0.0297019235276758,0.0014617980684694,0.0382334679105816,0,4.578569412231445,0.1831427764892578,21,"['promoted', 'promoted', 'promoted', 'promoted', 'promoted', 'promoted', 'held', 'promoted', 'promoted', 'promoted', 'promoted', 'promoted', 'promoted', 'promoted', 'held', 'promoted', 'held', 'promoted', 'promoted', 'promoted', 'promoted', 'promoted', 'promoted', 'promoted']",21,3,v22,25,15.14716410636902
2026-03-15 06:17:40,ELM_no_detector,linear_abrupt_drift_12,,0.1047916027076883,0.1010580266789842,0.3178962514390257,0,0.011606216430664,0.0004642486572265,17,"['promoted', 'promoted', 'held', 'promoted', 'held', 'promoted', 'promoted', 'promoted', 'promoted', 'held', 'held', 'promoted', 'promoted', 'promoted', 'promoted', 'held', 'promoted', 'held', 'promoted', 'promoted', 'held', 'promoted', 'promoted', 'promoted']",17,7,v24,25,0.1631875038146972
2026-03-15 06:21:38,PSO_LSTM_no_detector,linear_abrupt_drift_13,,0.0384436212126021,0.0029242625814781,0.0540764512655754,0,81.08350920677185,3.243340368270874,7,"['promoted', 'promoted', 'promoted', 'promoted', 'held', 'held', 'held', 'held', 'held', 'held', 'promoted', 'promoted', 'promoted', 'held', 'held', 'held', 'held', 'held', 'held', 'held', 'held', 'held', 'held', 'held']",7,17,v10,25,96.88386058807372
2026-03-15 06:22:02,PSO_ELM_no_detector,linear_abrupt_drift_13,,0.0404118202924137,0.0053241009059999,0.0729664368459904,0,24.096434116363525,0.963857364654541,23,"['promoted', 'promoted', 'held', 'promoted', 'promoted', 'promoted', 'promoted', 'promoted', 'promoted', 'promoted', 'promoted', 'promoted', 'promoted', 'promoted', 'promoted', 'promoted', 'promoted', 'promoted', 'promoted', 'promoted', 'promoted', 'promoted', 'promoted', 'promoted']",23,1,v24,25,24.27008295059204
2026-03-15 06:22:19,LSTM_no_detector,linear_abrupt_drift_13,,0.0388362114993479,0.0025876492951859,0.0508689423438894,0,4.746269702911377,0.1898507881164551,19,"['promoted', 'promoted', 'held', 'promoted', 'held', 'promoted', 'promoted', 'promoted', 'promoted', 'promoted', 'promoted', 'promoted', 'promoted', 'promoted', 'held', 'held', 'promoted', 'promoted', 'promoted', 'promoted', 'promoted', 'promoted', 'promoted', 'held']",19,5,v23,25,16.818378925323486
2026-03-15 06:22:19,ELM_no_detector,linear_abrupt_drift_13,,0.035830877408927,0.0030984162028473,0.0556634188929076,0,0.0192291736602783,0.0007691669464111,20,"['promoted', 'promoted', 'promoted', 'promoted', 'promoted', 'promoted', 'promoted', 'promoted', 'promoted', 'promoted', 'promoted', 'promoted', 'promoted', 'held', 'promoted', 'held', 'promoted', 'promoted', 'promoted', 'promoted', 'held', 'held', 'promoted', 'promoted']",20,4,v24,25,0.1819863319396972
2026-03-15 06:27:50,PSO_LSTM_no_detector,linear_abrupt_drift_14,,0.101158874881799,0.0146336447049656,0.1209696024006263,0,85.23643898963928,3.4094575595855714,6,"['promoted', 'promoted', 'promoted', 'held', 'promoted', 'promoted', 'held', 'promoted', 'held', 'held', 'held', 'held', 'held', 'held', 'held', 'held', 'held', 'held', 'held', 'held', 'held', 'held', 'held', 'held']",6,18,v6,25,102.56558299064636
2026-03-15 06:28:29,PSO_ELM_no_detector,linear_abrupt_drift_14,,0.0611153628421899,0.0160822221458339,0.1268157014956506,0,38.25139141082764,1.5300556564331054,19,"['promoted', 'promoted', 'promoted', 'promoted', 'held', 'promoted', 'promoted', 'promoted', 'promoted', 'promoted', 'promoted', 'promoted', 'promoted', 'promoted', 'held', 'held', 'promoted', 'promoted', 'promoted', 'promoted', 'promoted', 'held', 'promoted', 'held']",19,5,v23,25,38.38202500343323
2026-03-15 06:28:44,LSTM_no_detector,linear_abrupt_drift_14,,0.0283102875595546,0.0013296159137724,0.0364638987736154,0,4.765880107879639,0.1906352043151855,19,"['promoted', 'held', 'promoted', 'promoted', 'promoted', 'promoted', 'promoted', 'promoted', 'promoted', 'promoted', 'held', 'promoted', 'promoted', 'promoted', 'held', 'promoted', 'promoted', 'promoted', 'promoted', 'held', 'promoted', 'promoted', 'promoted', 'held']",19,5,v23,25,15.26379942893982
2026-03-15 06:28:44,ELM_no_detector,linear_abrupt_drift_14,,0.0819547373246436,0.0496995810461407,0.2229340284616521,0,0.0166699886322021,0.000666799545288,18,"['promoted', 'held', 'promoted', 'held', 'promoted', 'promoted', 'promoted', 'promoted', 'promoted', 'promoted', 'held', 'promoted', 'promoted', 'promoted', 'promoted', 'promoted', 'promoted', 'held', 'promoted', 'held', 'promoted', 'promoted', 'promoted', 'held']",18,6,v23,25,0.1630616188049316
2026-03-15 06:33:30,PSO_LSTM_no_detector,linear_abrupt_drift_15,,0.0405681990097065,0.0030684987124992,0.0553940313797367,0,148.8645179271698,5.954580717086792,10,"['promoted', 'promoted', 'promoted', 'promoted', 'promoted', 'promoted', 'promoted', 'held', 'held', 'held', 'held', 'held', 'promoted', 'promoted', 'promoted', 'held', 'held', 'held', 'held', 'held', 'held', 'held', 'held', 'held']",10,14,v15,25,164.73137497901917
2026-03-15 06:34:15,PSO_ELM_no_detector,linear_abrupt_drift_15,,0.0384612449020486,0.0040511321463894,0.0636485046673483,0,45.15571808815002,1.806228723526001,18,"['promoted', 'promoted', 'held', 'held', 'held', 'promoted', 'promoted', 'promoted', 'promoted', 'promoted', 'promoted', 'promoted', 'promoted', 'promoted', 'held', 'promoted', 'promoted', 'promoted', 'promoted', 'promoted', 'held', 'held', 'promoted', 'promoted']",18,6,v20,25,45.34271955490112
2026-03-15 06:34:29,LSTM_no_detector,linear_abrupt_drift_15,,0.0508870575697162,0.0044479529274886,0.0666929750984964,0,3.890959262847901,0.155638370513916,18,"['promoted', 'promoted', 'promoted', 'held', 'held', 'promoted', 'promoted', 'promoted', 'promoted', 'promoted', 'promoted', 'promoted', 'held', 'promoted', 'promoted', 'held', 'held', 'promoted', 'promoted', 'promoted', 'held', 'promoted', 'promoted', 'promoted']",18,6,v17,25,14.568675756454468
2026-03-15 06:34:30,ELM_no_detector,linear_abrupt_drift_15,,0.1203943243721927,0.2902970057926508,0.5387921730989146,0,0.0178165435791015,0.000712661743164,17,"['promoted', 'promoted', 'held', 'promoted', 'promoted', 'promoted', 'promoted', 'promoted', 'promoted', 'promoted', 'promoted', 'promoted', 'promoted', 'promoted', 'promoted', 'promoted', 'held', 'held', 'promoted', 'promoted', 'held', 'held', 'held', 'held']",17,7,v20,25,0.1716635227203369
2026-03-15 06:40:08,PSO_LSTM_no_detector,linear_abrupt_drift_16,,0.0518836823753854,0.0046714623222482,0.0683480966980664,0,116.58253216743468,4.663301286697387,5,"['held', 'promoted', 'promoted', 'promoted', 'promoted', 'promoted', 'held', 'held', 'held', 'held', 'held', 'held', 'held', 'held', 'held', 'held', 'held', 'held', 'held', 'held', 'held', 'held', 'held', 'held']",5,19,v2,25,134.24804854393005
2026-03-15 06:40:47,PSO_ELM_no_detector,linear_abrupt_drift_16,,0.0327361293717514,0.0021698468310406,0.0465816147320018,0,38.21093678474426,1.5284374713897706,21,"['held', 'promoted', 'promoted', 'promoted', 'held', 'promoted', 'promoted', 'promoted', 'held', 'promoted', 'promoted', 'promoted', 'promoted', 'promoted', 'promoted', 'promoted', 'promoted', 'promoted', 'promoted', 'promoted', 'promoted', 'promoted', 'promoted', 'promoted']",21,3,v24,25,38.34186244010925
2026-03-15 06:41:02,LSTM_no_detector,linear_abrupt_drift_16,,0.0271341782738369,0.0012259280612062,0.0350132555071116,0,4.371598958969116,0.1748639583587646,17,"['held', 'promoted', 'promoted', 'promoted', 'held', 'promoted', 'promoted', 'promoted', 'promoted', 'promoted', 'promoted', 'promoted', 'promoted', 'held', 'promoted', 'held', 'promoted', 'promoted', 'held', 'held', 'held', 'promoted', 'promoted', 'promoted']",17,7,v24,25,15.013051986694336
2026-03-15 06:41:02,ELM_no_detector,linear_abrupt_drift_16,,0.0390770903567675,0.0041662702886341,0.0645466520327283,0,0.0178003311157226,0.0007120132446289,15,"['promoted', 'promoted', 'promoted', 'promoted', 'held', 'held', 'promoted', 'promoted', 'held', 'held', 'held', 'promoted', 'promoted', 'held', 'held', 'promoted', 'promoted', 'held', 'held', 'promoted', 'promoted', 'promoted', 'promoted', 'promoted']",15,9,v23,25,0.1757252216339111
2026-03-15 06:46:05,PSO_LSTM_no_detector,linear_abrupt_drift_17,,0.0394938195483966,0.0027213854342031,0.0521668997948237,0,148.5941834449768,5.9437673377990725,5,"['held', 'promoted', 'promoted', 'promoted', 'held', 'held', 'held', 'held', 'held', 'held', 'held', 'held', 'promoted', 'held', 'promoted', 'held', 'held', 'held', 'held', 'held', 'held', 'held', 'held', 'held']",5,19,v15,25,165.199862241745
2026-03-15 06:46:30,PSO_ELM_no_detector,linear_abrupt_drift_17,,0.1317522616985425,0.6161024014067731,0.7849219078397374,0,24.39740300178528,0.9758961200714112,19,"['held', 'promoted', 'promoted', 'promoted', 'promoted', 'promoted', 'promoted', 'promoted', 'promoted', 'promoted', 'promoted', 'promoted', 'promoted', 'promoted', 'promoted', 'promoted', 'promoted', 'promoted', 'promoted', 'promoted', 'held', 'held', 'held', 'held']",19,5,v20,25,24.57503604888916
2026-03-15 06:46:44,LSTM_no_detector,linear_abrupt_drift_17,,0.0512784837127832,0.0043735929423366,0.0661331455651143,0,3.4832897186279297,0.1393315887451172,20,"['promoted', 'promoted', 'promoted', 'promoted', 'promoted', 'promoted', 'held', 'promoted', 'promoted', 'promoted', 'held', 'promoted', 'promoted', 'promoted', 'promoted', 'promoted', 'held', 'promoted', 'promoted', 'held', 'promoted', 'promoted', 'promoted', 'promoted']",20,4,v24,25,14.068377494812012
2026-03-15 06:46:44,ELM_no_detector,linear_abrupt_drift_17,,0.0787137089863253,0.0190262534574919,0.1379356859463565,0,0.019576072692871,0.0007830429077148,20,"['promoted', 'promoted', 'promoted', 'promoted', 'promoted', 'promoted', 'promoted', 'promoted', 'promoted', 'promoted', 'promoted', 'promoted', 'promoted', 'held', 'promoted', 'held', 'promoted', 'held', 'promoted', 'promoted', 'promoted', 'promoted', 'held', 'promoted']",20,4,v24,25,0.1827850341796875
2026-03-15 06:51:33,PSO_LSTM_no_detector,linear_abrupt_drift_18,,0.0684231841394335,0.0078692803314793,0.0887089642115119,0,97.17927718162537,3.887171087265015,8,"['promoted', 'promoted', 'promoted', 'promoted', 'promoted', 'promoted', 'promoted', 'promoted', 'held', 'held', 'held', 'held', 'held', 'held', 'held', 'held', 'held', 'held', 'held', 'held', 'held', 'held', 'held', 'held']",8,16,v4,25,114.0666275024414
2026-03-15 06:52:19,PSO_ELM_no_detector,linear_abrupt_drift_18,,0.2421386399685502,0.4447888725241869,0.6669249376985291,0,45.452107667922974,1.818084306716919,20,"['held', 'promoted', 'promoted', 'promoted', 'promoted', 'promoted', 'promoted', 'promoted', 'promoted', 'promoted', 'promoted', 'promoted', 'promoted', 'held', 'promoted', 'promoted', 'promoted', 'promoted', 'promoted', 'promoted', 'promoted', 'held', 'promoted', 'held']",20,4,v20,25,45.64566659927368
2026-03-15 06:52:34,LSTM_no_detector,linear_abrupt_drift_18,,0.0293709633250139,0.0015084666605108,0.0388389837728909,0,4.407067775726318,0.1762827110290527,21,"['held', 'promoted', 'promoted', 'held', 'promoted', 'promoted', 'promoted', 'promoted', 'promoted', 'promoted', 'promoted', 'promoted', 'promoted', 'promoted', 'promoted', 'promoted', 'promoted', 'promoted', 'promoted', 'promoted', 'promoted', 'held', 'promoted', 'promoted']",21,3,v24,25,15.113399267196655
2026-03-15 06:52:34,ELM_no_detector,linear_abrupt_drift_18,,0.1207338616324729,0.1019748646847024,0.3193350351663633,0,0.018925666809082,0.0007570266723632,18,"['held', 'held', 'promoted', 'promoted', 'promoted', 'promoted', 'promoted', 'promoted', 'promoted', 'promoted', 'promoted', 'promoted', 'held', 'promoted', 'held', 'promoted', 'promoted', 'promoted', 'promoted', 'promoted', 'promoted', 'held', 'held', 'promoted']",18,6,v23,25,0.1594245433807373
2026-03-15 06:56:44,PSO_LSTM_no_detector,linear_abrupt_drift_19,,0.0790091548937954,0.0087319051007048,0.0934446633077826,0,69.08606481552124,2.7634425926208497,5,"['promoted', 'held', 'held', 'held', 'held', 'held', 'held', 'held', 'held', 'held', 'held', 'held', 'promoted', 'promoted', 'held', 'promoted', 'promoted', 'held', 'held', 'held', 'held', 'held', 'held', 'held']",5,19,v1,25,85.81202435493469
2026-03-15 06:57:09,PSO_ELM_no_detector,linear_abrupt_drift_19,,0.0425577809289846,0.0100128442311541,0.1000642005472192,0,24.19595408439636,0.9678381633758544,20,"['promoted', 'promoted', 'promoted', 'held', 'promoted', 'held', 'promoted', 'promoted', 'promoted', 'promoted', 'promoted', 'promoted', 'promoted', 'promoted', 'promoted', 'promoted', 'promoted', 'held', 'promoted', 'held', 'promoted', 'promoted', 'promoted', 'promoted']",20,4,v24,25,24.339733123779297
2026-03-15 06:57:23,LSTM_no_detector,linear_abrupt_drift_19,,0.0370598759911665,0.0023299005760899,0.0482690436624757,0,4.2104651927948,0.1684186077117919,18,"['promoted', 'promoted', 'promoted', 'held', 'held', 'promoted', 'promoted', 'promoted', 'promoted', 'promoted', 'promoted', 'held', 'held', 'promoted', 'promoted', 'promoted', 'promoted', 'promoted', 'promoted', 'promoted', 'promoted', 'held', 'held', 'promoted']",18,6,v24,25,14.506536483764648
2026-03-15 06:57:24,ELM_no_detector,linear_abrupt_drift_19,,0.0495438333434864,0.0097297543824057,0.0986395173467801,0,0.0146374702453613,0.0005854988098144,19,"['promoted', 'held', 'promoted', 'held', 'promoted', 'promoted', 'promoted', 'promoted', 'promoted', 'promoted', 'promoted', 'promoted', 'promoted', 'promoted', 'promoted', 'promoted', 'promoted', 'held', 'promoted', 'promoted', 'held', 'promoted', 'held', 'promoted']",19,5,v24,25,0.1822254657745361
2026-03-15 07:03:06,PSO_LSTM_no_detector,linear_abrupt_drift_20,,0.0429498181798505,0.0041007300870897,0.0640369431429217,0,94.80736899375916,3.7922947597503662,3,"['promoted', 'promoted', 'held', 'held', 'promoted', 'held', 'held', 'held', 'held', 'held', 'held', 'held', 'held', 'held', 'held', 'held', 'held', 'held', 'held', 'held', 'held', 'held', 'held', 'held']",3,21,v3,25,114.08052206039427
2026-03-15 07:03:51,PSO_ELM_no_detector,linear_abrupt_drift_20,,0.0451118327758042,0.0086664059639353,0.0930935334163192,0,44.39626574516296,1.7758506298065186,19,"['promoted', 'promoted', 'promoted', 'held', 'promoted', 'held', 'promoted', 'promoted', 'promoted', 'promoted', 'promoted', 'promoted', 'promoted', 'held', 'promoted', 'held', 'held', 'promoted', 'promoted', 'promoted', 'promoted', 'promoted', 'promoted', 'promoted']",19,5,v24,25,44.59975028038025
2026-03-15 07:04:06,LSTM_no_detector,linear_abrupt_drift_20,,0.0266737005811012,0.0011652272658701,0.0341354253799508,0,4.440235376358032,0.1776094150543213,20,"['promoted', 'promoted', 'promoted', 'held', 'promoted', 'promoted', 'promoted', 'promoted', 'promoted', 'promoted', 'held', 'promoted', 'held', 'promoted', 'promoted', 'promoted', 'promoted', 'promoted', 'promoted', 'promoted', 'promoted', 'held', 'promoted', 'promoted']",20,4,v24,25,14.832253694534302
2026-03-15 07:04:06,ELM_no_detector,linear_abrupt_drift_20,,0.0476983593845048,0.0083922823190743,0.0916094008225923,0,0.0197043418884277,0.0007881736755371,17,"['promoted', 'promoted', 'promoted', 'promoted', 'promoted', 'promoted', 'promoted', 'promoted', 'promoted', 'promoted', 'held', 'held', 'promoted', 'held', 'promoted', 'held', 'promoted', 'held', 'promoted', 'held', 'promoted', 'held', 'promoted', 'promoted']",17,7,v24,25,0.1894874572753906
2026-03-15 07:08:43,PSO_LSTM_no_detector,linear_abrupt_drift_21,,0.0435387217641846,0.0041001028209951,0.0640320452663752,0,127.40941882133484,5.096376752853393,8,"['promoted', 'promoted', 'promoted', 'promoted', 'promoted', 'promoted', 'held', 'held', 'held', 'held', 'held', 'held', 'held', 'held', 'promoted', 'promoted', 'held', 'held', 'held', 'held', 'held', 'held', 'held', 'held']",8,16,v1,25,145.37196803092957
2026-03-15 07:09:21,PSO_ELM_no_detector,linear_abrupt_drift_21,,0.0319585533042171,0.0028251827209188,0.0531524479296942,0,38.21871948242188,1.528748779296875,20,"['promoted', 'promoted', 'promoted', 'promoted', 'held', 'held', 'promoted', 'promoted', 'promoted', 'promoted', 'promoted', 'promoted', 'promoted', 'promoted', 'promoted', 'promoted', 'promoted', 'held', 'promoted', 'promoted', 'promoted', 'held', 'promoted', 'promoted']",20,4,v23,25,38.37635016441345
2026-03-15 07:09:36,LSTM_no_detector,linear_abrupt_drift_21,,0.0375409108190367,0.0025182291442579,0.0501819603469006,0,4.130054712295532,0.1652021884918212,20,"['promoted', 'promoted', 'promoted', 'held', 'promoted', 'held', 'promoted', 'promoted', 'promoted', 'promoted', 'promoted', 'promoted', 'promoted', 'promoted', 'promoted', 'held', 'held', 'promoted', 'promoted', 'promoted', 'promoted', 'promoted', 'promoted', 'promoted']",20,4,v18,25,14.737972974777222
2026-03-15 07:09:36,ELM_no_detector,linear_abrupt_drift_21,,0.0453094956933439,0.0054815023307921,0.0740371685762773,0,0.0205686092376709,0.0008227443695068,15,"['held', 'promoted', 'promoted', 'held', 'held', 'promoted', 'promoted', 'promoted', 'held', 'promoted', 'promoted', 'held', 'promoted', 'promoted', 'held', 'promoted', 'held', 'held', 'held', 'promoted', 'promoted', 'promoted', 'promoted', 'promoted']",15,9,v24,25,0.1710774898529052
2026-03-15 07:14:23,PSO_LSTM_no_detector,linear_abrupt_drift_22,,0.0690119247492174,0.0072408204725737,0.0850930107151798,0,133.1197488307953,5.324789953231812,13,"['promoted', 'promoted', 'promoted', 'promoted', 'promoted', 'promoted', 'promoted', 'promoted', 'promoted', 'promoted', 'promoted', 'promoted', 'held', 'promoted', 'held', 'held', 'held', 'held', 'held', 'held', 'held', 'held', 'held', 'held']",13,11,v14,25,149.74757146835327
2026-03-15 07:14:58,PSO_ELM_no_detector,linear_abrupt_drift_22,,0.0411234307089716,0.0088989126121821,0.0943340480006142,0,34.85880637168884,1.3943522548675538,17,"['held', 'held', 'promoted', 'promoted', 'held', 'promoted', 'promoted', 'promoted', 'promoted', 'held', 'promoted', 'held', 'promoted', 'promoted', 'promoted', 'promoted', 'promoted', 'promoted', 'promoted', 'promoted', 'promoted', 'held', 'promoted', 'held']",17,7,v22,25,35.02387094497681
2026-03-15 07:15:13,LSTM_no_detector,linear_abrupt_drift_22,,0.0440030261758309,0.0031968996181542,0.0565411320911975,0,4.4111058712005615,0.1764442348480224,18,"['promoted', 'promoted', 'promoted', 'promoted', 'held', 'promoted', 'promoted', 'promoted', 'promoted', 'promoted', 'promoted', 'promoted', 'promoted', 'promoted', 'promoted', 'held', 'promoted', 'held', 'held', 'held', 'promoted', 'held', 'promoted', 'promoted']",18,6,v21,25,15.254238605499268
2026-03-15 07:15:13,ELM_no_detector,linear_abrupt_drift_22,,0.0899622079368432,0.0705623780816282,0.2656357996988135,0,0.0158057212829589,0.0006322288513183,17,"['promoted', 'promoted', 'promoted', 'promoted', 'held', 'promoted', 'promoted', 'held', 'held', 'held', 'held', 'promoted', 'promoted', 'promoted', 'promoted', 'promoted', 'promoted', 'held', 'promoted', 'promoted', 'promoted', 'held', 'promoted', 'promoted']",17,7,v21,25,0.1704347133636474
2026-03-15 07:21:34,PSO_LSTM_no_detector,linear_abrupt_drift_23,,0.0417958968572868,0.0031177776703703,0.0558370635901494,0,175.25602388381958,7.010240955352783,10,"['promoted', 'promoted', 'held', 'promoted', 'promoted', 'held', 'held', 'held', 'held', 'held', 'held', 'promoted', 'promoted', 'promoted', 'promoted', 'promoted', 'held', 'held', 'promoted', 'held', 'held', 'held', 'held', 'held']",10,14,v14,25,191.21709942817688
2026-03-15 07:22:05,PSO_ELM_no_detector,linear_abrupt_drift_23,,0.061366162760831,0.0221184503105707,0.1487227296366319,0,31.077568531036377,1.243102741241455,19,"['held', 'promoted', 'promoted', 'held', 'promoted', 'promoted', 'promoted', 'promoted', 'promoted', 'promoted', 'promoted', 'held', 'promoted', 'held', 'held', 'promoted', 'promoted', 'promoted', 'promoted', 'promoted', 'promoted', 'promoted', 'promoted', 'promoted']",19,5,v21,25,31.261759281158447
2026-03-15 07:22:22,LSTM_no_detector,linear_abrupt_drift_23,,0.0266234208771019,0.0011805347310385,0.0343589105042424,0,5.157657861709595,0.2063063144683838,23,"['promoted', 'promoted', 'promoted', 'promoted', 'promoted', 'promoted', 'promoted', 'promoted', 'promoted', 'promoted', 'promoted', 'promoted', 'promoted', 'promoted', 'promoted', 'promoted', 'promoted', 'promoted', 'promoted', 'promoted', 'promoted', 'promoted', 'held', 'promoted']",23,1,v23,25,17.069079875946045
2026-03-15 07:22:22,ELM_no_detector,linear_abrupt_drift_23,,0.0718939452986511,0.0299168019693433,0.172964741983282,0,0.0220725536346435,0.0008829021453857,18,"['promoted', 'promoted', 'promoted', 'promoted', 'promoted', 'promoted', 'promoted', 'promoted', 'promoted', 'promoted', 'held', 'promoted', 'promoted', 'held', 'held', 'held', 'promoted', 'held', 'promoted', 'held', 'promoted', 'promoted', 'promoted', 'promoted']",18,6,v21,25,0.1587514877319336
2026-03-15 07:26:26,PSO_LSTM_no_detector,linear_abrupt_drift_24,,0.055242175082342,0.0050502738082977,0.0710652785001066,0,73.20358443260193,2.9281433773040773,5,"['promoted', 'held', 'held', 'promoted', 'promoted', 'promoted', 'held', 'promoted', 'held', 'held', 'held', 'held', 'held', 'held', 'held', 'held', 'held', 'held', 'held', 'held', 'held', 'held', 'held', 'held']",5,19,v5,25,91.20431447029114
2026-03-15 07:26:50,PSO_ELM_no_detector,linear_abrupt_drift_24,,0.0530150844047665,0.0122800304864193,0.110815298972747,0,24.02259039878845,0.960903615951538,17,"['held', 'promoted', 'promoted', 'promoted', 'promoted', 'promoted', 'promoted', 'promoted', 'promoted', 'held', 'promoted', 'promoted', 'promoted', 'promoted', 'held', 'held', 'held', 'held', 'held', 'promoted', 'promoted', 'promoted', 'promoted', 'promoted']",17,7,v24,25,24.24616837501526
2026-03-15 07:27:05,LSTM_no_detector,linear_abrupt_drift_24,,0.0556031385595885,0.0066927572764,0.081809273779933,0,3.9300827980041504,0.157203311920166,18,"['promoted', 'held', 'held', 'promoted', 'held', 'promoted', 'promoted', 'promoted', 'promoted', 'promoted', 'held', 'promoted', 'promoted', 'held', 'promoted', 'promoted', 'promoted', 'held', 'promoted', 'promoted', 'promoted', 'promoted', 'promoted', 'promoted']",18,6,v24,25,14.716213703155518
2026-03-15 07:27:05,ELM_no_detector,linear_abrupt_drift_24,,0.4401723930945951,7.153703029316891,2.6746407290170566,0,0.0156590938568115,0.0006263637542724,19,"['promoted', 'promoted', 'promoted', 'promoted', 'held', 'promoted', 'promoted', 'promoted', 'promoted', 'promoted', 'held', 'held', 'promoted', 'promoted', 'promoted', 'promoted', 'promoted', 'promoted', 'promoted', 'promoted', 'held', 'held', 'promoted', 'promoted']",19,5,v24,25,0.1799776554107666
2026-03-15 07:32:03,PSO_LSTM_no_detector,linear_abrupt_drift_25,,0.0441942829121785,0.0035861978279854,0.0598848714450105,0,92.3713674545288,3.694854698181152,2,"['promoted', 'held', 'held', 'held', 'held', 'held', 'held', 'held', 'held', 'held', 'held', 'held', 'held', 'held', 'promoted', 'held', 'held', 'held', 'held', 'held', 'held', 'held', 'held', 'held']",2,22,v14,25,109.31293773651124
2026-03-15 07:32:34,PSO_ELM_no_detector,linear_abrupt_drift_25,,0.0320973626795907,0.002206286366415,0.0469711226863385,0,31.0836033821106,1.243344135284424,18,"['promoted', 'held', 'promoted', 'promoted', 'promoted', 'promoted', 'promoted', 'held', 'promoted', 'held', 'held', 'promoted', 'promoted', 'promoted', 'held', 'promoted', 'promoted', 'promoted', 'promoted', 'promoted', 'held', 'promoted', 'promoted', 'promoted']",18,6,v24,25,31.22015142440796
2026-03-15 07:32:49,LSTM_no_detector,linear_abrupt_drift_25,,0.0279633650874008,0.0012950130868726,0.035986290262719,0,4.1134350299835205,0.1645374011993408,19,"['promoted', 'held', 'promoted', 'held', 'promoted', 'promoted', 'promoted', 'promoted', 'promoted', 'promoted', 'promoted', 'promoted', 'promoted', 'held', 'promoted', 'promoted', 'held', 'promoted', 'promoted', 'held', 'promoted', 'promoted', 'promoted', 'promoted']",19,5,v24,25,14.722897291183472
2026-03-15 07:32:49,ELM_no_detector,linear_abrupt_drift_25,,0.1699368281481231,0.6775183613478706,0.8231150353066518,0,0.0129220485687255,0.000516881942749,15,"['promoted', 'held', 'held', 'held', 'promoted', 'promoted', 'promoted', 'held', 'held', 'held', 'held', 'promoted', 'promoted', 'promoted', 'promoted', 'promoted', 'held', 'promoted', 'promoted', 'promoted', 'held', 'promoted', 'promoted', 'promoted']",15,9,v24,25,0.1899178028106689
2026-03-15 07:37:28,PSO_LSTM_no_detector,linear_abrupt_drift_26,,0.0478941291730156,0.0041323916631986,0.0642836811578076,0,94.90532898902892,3.796213159561157,5,"['promoted', 'promoted', 'promoted', 'promoted', 'held', 'promoted', 'held', 'held', 'held', 'held', 'held', 'held', 'held', 'held', 'held', 'held', 'held', 'held', 'held', 'held', 'held', 'held', 'held', 'held']",5,19,v5,25,111.13676619529724
2026-03-15 07:38:15,PSO_ELM_no_detector,linear_abrupt_drift_26,,0.0323535537154863,0.002255190971787,0.047488851026183,0,46.392512798309326,1.855700511932373,20,"['promoted', 'promoted', 'promoted', 'promoted', 'promoted', 'promoted', 'promoted', 'promoted', 'promoted', 'promoted', 'promoted', 'promoted', 'promoted', 'held', 'promoted', 'held', 'held', 'promoted', 'promoted', 'promoted', 'promoted', 'promoted', 'promoted', 'held']",20,4,v23,25,46.531517028808594
2026-03-15 07:38:30,LSTM_no_detector,linear_abrupt_drift_26,,0.0335084272993148,0.0019356286060056,0.0439957794112759,0,4.219019889831543,0.1687607955932617,19,"['promoted', 'promoted', 'promoted', 'promoted', 'held', 'promoted', 'promoted', 'held', 'promoted', 'promoted', 'held', 'promoted', 'promoted', 'promoted', 'promoted', 'promoted', 'promoted', 'promoted', 'promoted', 'promoted', 'promoted', 'held', 'promoted', 'held']",19,5,v23,25,15.294155836105348
2026-03-15 07:38:30,ELM_no_detector,linear_abrupt_drift_26,,0.0763257786177093,0.0222288860712136,0.1490935480536086,0,0.0136854648590087,0.0005474185943603,17,"['promoted', 'promoted', 'held', 'held', 'held', 'held', 'promoted', 'promoted', 'promoted', 'promoted', 'held', 'promoted', 'promoted', 'held', 'promoted', 'held', 'promoted', 'promoted', 'promoted', 'promoted', 'promoted', 'promoted', 'promoted', 'promoted']",17,7,v24,25,0.1947429180145263
2026-03-15 07:44:11,PSO_LSTM_no_detector,linear_abrupt_drift_27,,0.0420427114259241,0.0038346589807371,0.0619246233798572,0,69.59079670906067,2.7836318683624266,5,"['promoted', 'held', 'held', 'held', 'held', 'promoted', 'promoted', 'held', 'held', 'held', 'held', 'held', 'held', 'held', 'held', 'held', 'held', 'promoted', 'promoted', 'held', 'held', 'held', 'held', 'held']",5,19,v1,25,86.91465616226196
2026-03-15 07:44:56,PSO_ELM_no_detector,linear_abrupt_drift_27,,0.0451375019366,0.0100444532686795,0.1002220198792638,0,45.19595289230347,1.8078381156921384,22,"['promoted', 'promoted', 'promoted', 'held', 'promoted', 'promoted', 'promoted', 'promoted', 'promoted', 'promoted', 'promoted', 'held', 'promoted', 'promoted', 'promoted', 'promoted', 'promoted', 'promoted', 'promoted', 'promoted', 'promoted', 'promoted', 'promoted', 'promoted']",22,2,v24,25,45.39231944084168
2026-03-15 07:45:11,LSTM_no_detector,linear_abrupt_drift_27,,0.0246892278612872,0.0009991901449277,0.0316099690750836,0,3.9335200786590576,0.1573408031463623,22,"['promoted', 'promoted', 'promoted', 'promoted', 'promoted', 'promoted', 'promoted', 'promoted', 'held', 'promoted', 'promoted', 'promoted', 'promoted', 'promoted', 'promoted', 'promoted', 'promoted', 'promoted', 'promoted', 'promoted', 'held', 'promoted', 'promoted', 'promoted']",22,2,v24,25,14.566908121109009
2026-03-15 07:45:11,ELM_no_detector,linear_abrupt_drift_27,,0.0528858548860268,0.009607730351812,0.0980190305594379,0,0.0147488117218017,0.000589952468872,18,"['promoted', 'promoted', 'promoted', 'promoted', 'promoted', 'promoted', 'promoted', 'promoted', 'promoted', 'promoted', 'promoted', 'held', 'promoted', 'held', 'promoted', 'promoted', 'held', 'held', 'promoted', 'promoted', 'promoted', 'held', 'promoted', 'held']",18,6,v23,25,0.1923592090606689
2026-03-15 07:50:38,PSO_LSTM_no_detector,linear_abrupt_drift_28,,0.0353020862181807,0.0021691639955763,0.0465742847027882,0,132.70476937294006,5.308190774917603,7,"['promoted', 'held', 'promoted', 'held', 'held', 'promoted', 'promoted', 'held', 'held', 'held', 'held', 'held', 'promoted', 'held', 'promoted', 'promoted', 'held', 'held', 'held', 'held', 'held', 'held', 'held', 'held']",7,17,v16,25,149.59379696846008
2026-03-15 07:51:16,PSO_ELM_no_detector,linear_abrupt_drift_28,,0.0416719190986856,0.0048917345371903,0.0699409360617254,0,38.08712840080261,1.5234851360321044,19,"['promoted', 'promoted', 'promoted', 'promoted', 'promoted', 'promoted', 'promoted', 'promoted', 'held', 'held', 'promoted', 'promoted', 'promoted', 'promoted', 'held', 'promoted', 'promoted', 'held', 'promoted', 'promoted', 'promoted', 'held', 'promoted', 'promoted']",19,5,v19,25,38.25902771949768
2026-03-15 07:51:31,LSTM_no_detector,linear_abrupt_drift_28,,0.028981774579364,0.0014178019006875,0.0376537103176771,0,4.740253686904907,0.1896101474761962,21,"['promoted', 'held', 'promoted', 'promoted', 'promoted', 'promoted', 'promoted', 'promoted', 'held', 'promoted', 'promoted', 'promoted', 'promoted', 'promoted', 'promoted', 'promoted', 'promoted', 'promoted', 'promoted', 'held', 'promoted', 'promoted', 'promoted', 'promoted']",21,3,v23,25,15.353527784347534
2026-03-15 07:51:31,ELM_no_detector,linear_abrupt_drift_28,,0.054054595441402,0.0102890597150644,0.1014350024156573,0,0.0092737674713134,0.0003709506988525,19,"['promoted', 'promoted', 'promoted', 'promoted', 'promoted', 'promoted', 'promoted', 'promoted', 'held', 'held', 'held', 'promoted', 'promoted', 'promoted', 'promoted', 'promoted', 'held', 'promoted', 'promoted', 'promoted', 'promoted', 'held', 'promoted', 'promoted']",19,5,v19,25,0.1655795574188232
2026-03-15 07:58:10,PSO_LSTM_no_detector,linear_abrupt_drift_29,,0.0373815701749506,0.0024865305985057,0.0498651240698922,0,228.73370003700256,9.149348001480105,11,"['promoted', 'promoted', 'promoted', 'promoted', 'promoted', 'promoted', 'promoted', 'held', 'held', 'held', 'held', 'held', 'held', 'held', 'promoted', 'promoted', 'held', 'promoted', 'promoted', 'held', 'held', 'held', 'held', 'held']",11,13,v0,25,244.59500575065613
2026-03-15 07:58:41,PSO_ELM_no_detector,linear_abrupt_drift_29,,0.0414621161347123,0.0076763385166975,0.0876147163249276,0,31.071669340133667,1.2428667736053467,19,"['promoted', 'held', 'promoted', 'promoted', 'promoted', 'promoted', 'promoted', 'promoted', 'promoted', 'promoted', 'promoted', 'held', 'promoted', 'promoted', 'held', 'promoted', 'promoted', 'promoted', 'promoted', 'promoted', 'promoted', 'held', 'promoted', 'held']",19,5,v23,25,31.18332839012146
2026-03-15 07:58:55,LSTM_no_detector,linear_abrupt_drift_29,,0.0370958847121008,0.0023497228014314,0.0484739394049159,0,3.9073915481567374,0.1562956619262695,18,"['promoted', 'held', 'promoted', 'promoted', 'promoted', 'held', 'held', 'promoted', 'held', 'promoted', 'promoted', 'promoted', 'promoted', 'promoted', 'promoted', 'promoted', 'held', 'promoted', 'promoted', 'promoted', 'promoted', 'held', 'promoted', 'promoted']",18,6,v24,25,14.12322735786438
2026-03-15 07:58:55,ELM_no_detector,linear_abrupt_drift_29,,0.0607899223154193,0.0282935004168746,0.1682067192976388,0,0.0047016143798828,0.0001880645751953,21,"['promoted', 'held', 'promoted', 'promoted', 'promoted', 'promoted', 'promoted', 'promoted', 'held', 'promoted', 'promoted', 'promoted', 'promoted', 'promoted', 'held', 'promoted', 'promoted', 'promoted', 'promoted', 'promoted', 'promoted', 'promoted', 'promoted', 'promoted']",21,3,v22,25,0.1646640300750732
2026-03-15 08:04:01,PSO_LSTM_no_detector,linear_abrupt_drift_30,,0.0388514028652961,0.0029953301250181,0.0547296092167499,0,122.70250940322876,4.90810037612915,3,"['held', 'held', 'held', 'promoted', 'held', 'held', 'held', 'held', 'held', 'held', 'held', 'held', 'held', 'held', 'held', 'promoted', 'promoted', 'held', 'held', 'held', 'held', 'held', 'held', 'held']",3,21,v2,25,139.685693025589
2026-03-15 08:04:53,PSO_ELM_no_detector,linear_abrupt_drift_30,,0.0584295838529037,0.012161385906679,0.1102786738525589,0,51.96327590942383,2.078531036376953,20,"['held', 'promoted', 'promoted', 'promoted', 'held', 'promoted', 'promoted', 'promoted', 'promoted', 'held', 'promoted', 'promoted', 'promoted', 'held', 'promoted', 'promoted', 'promoted', 'promoted', 'promoted', 'promoted', 'promoted', 'promoted', 'promoted', 'promoted']",20,4,v24,25,52.13435363769531
2026-03-15 08:05:08,LSTM_no_detector,linear_abrupt_drift_30,,0.0372141098463443,0.0023341379493835,0.0483129170034631,0,4.217775821685791,0.1687110328674316,19,"['promoted', 'promoted', 'promoted', 'promoted', 'promoted', 'promoted', 'held', 'promoted', 'promoted', 'promoted', 'promoted', 'held', 'held', 'promoted', 'promoted', 'held', 'held', 'promoted', 'promoted', 'promoted', 'promoted', 'promoted', 'promoted', 'promoted']",19,5,v24,25,14.87204384803772
2026-03-15 08:05:08,ELM_no_detector,linear_abrupt_drift_30,,0.0577753572580944,0.0088136233503331,0.0938808998163798,0,0.0170354843139648,0.0006814193725585,19,"['promoted', 'promoted', 'promoted', 'promoted', 'held', 'held', 'held', 'promoted', 'promoted', 'promoted', 'promoted', 'promoted', 'promoted', 'promoted', 'promoted', 'promoted', 'promoted', 'held', 'held', 'promoted', 'promoted', 'promoted', 'promoted', 'promoted']",19,5,v24,25,0.1744763851165771
2026-03-15 08:10:26,PSO_LSTM_no_detector,nonlinear_gradual_drift_1,,0.0264901374833604,0.0012754005232209,0.0357127501492249,0,86.86204862594604,3.4744819450378417,6,"['held', 'promoted', 'held', 'promoted', 'promoted', 'held', 'held', 'held', 'promoted', 'held', 'held', 'held', 'promoted', 'promoted', 'held', 'held', 'held', 'held', 'held', 'held', 'held', 'held', 'held', 'held']",6,18,v9,25,104.19402861595154
2026-03-15 08:11:05,PSO_ELM_no_detector,nonlinear_gradual_drift_1,,0.019286529268533,0.0006202217325679,0.024904251295068,0,38.39756536483765,1.535902614593506,14,"['held', 'held', 'promoted', 'promoted', 'promoted', 'promoted', 'promoted', 'promoted', 'promoted', 'held', 'held', 'promoted', 'held', 'held', 'promoted', 'held', 'promoted', 'held', 'promoted', 'promoted', 'promoted', 'promoted', 'held', 'held']",14,10,v22,25,38.58718609809876
2026-03-15 08:11:19,LSTM_no_detector,nonlinear_gradual_drift_1,,0.0185495092975332,0.0005388905276247,0.0232140157582608,0,3.4573428630828857,0.1382937145233154,20,"['promoted', 'held', 'promoted', 'promoted', 'promoted', 'promoted', 'promoted', 'promoted', 'promoted', 'promoted', 'promoted', 'promoted', 'promoted', 'promoted', 'promoted', 'promoted', 'promoted', 'promoted', 'promoted', 'held', 'promoted', 'held', 'held', 'promoted']",20,4,v22,25,13.972370624542236
2026-03-15 08:11:19,ELM_no_detector,nonlinear_gradual_drift_1,,0.0195950710183027,0.0006556453660762,0.0256055729495806,0,0.0136525630950927,0.0005461025238037,15,"['held', 'promoted', 'promoted', 'promoted', 'held', 'promoted', 'promoted', 'promoted', 'promoted', 'held', 'promoted', 'held', 'held', 'promoted', 'promoted', 'held', 'held', 'promoted', 'promoted', 'promoted', 'promoted', 'held', 'promoted', 'held']",15,9,v22,25,0.1909346580505371
2026-03-15 08:17:37,PSO_LSTM_no_detector,nonlinear_gradual_drift_2,,0.0181034759703804,0.0005103428377189,0.0225907688607313,0,122.59781503677368,4.903912601470947,10,"['promoted', 'promoted', 'promoted', 'held', 'held', 'promoted', 'promoted', 'held', 'held', 'held', 'held', 'promoted', 'promoted', 'held', 'held', 'held', 'held', 'held', 'held', 'held', 'promoted', 'promoted', 'promoted', 'held']",10,14,v21,25,139.21758651733398
2026-03-15 08:19:05,PSO_ELM_no_detector,nonlinear_gradual_drift_2,,0.0199549252204146,0.0006686403913392,0.02585808174129,0,86.99939584732056,3.4799758338928224,15,"['held', 'promoted', 'promoted', 'promoted', 'promoted', 'held', 'held', 'held', 'promoted', 'promoted', 'promoted', 'held', 'promoted', 'promoted', 'held', 'held', 'promoted', 'held', 'promoted', 'promoted', 'promoted', 'held', 'promoted', 'promoted']",15,9,v24,25,87.16383981704712
2026-03-15 08:19:19,LSTM_no_detector,nonlinear_gradual_drift_2,,0.0186363015333314,0.0005439834076425,0.0233234518809407,0,3.227080583572388,0.1290832233428955,17,"['promoted', 'promoted', 'promoted', 'promoted', 'promoted', 'promoted', 'promoted', 'held', 'held', 'held', 'held', 'promoted', 'promoted', 'promoted', 'held', 'promoted', 'held', 'held', 'promoted', 'promoted', 'promoted', 'promoted', 'promoted', 'promoted']",17,7,v22,25,13.894944429397585
2026-03-15 08:19:19,ELM_no_detector,nonlinear_gradual_drift_2,,0.0200685833929334,0.0006777686489441,0.0260339902616597,0,0.0190100669860839,0.0007604026794433,22,"['promoted', 'promoted', 'promoted', 'promoted', 'promoted', 'held', 'promoted', 'promoted', 'promoted', 'promoted', 'promoted', 'promoted', 'promoted', 'promoted', 'promoted', 'promoted', 'held', 'promoted', 'promoted', 'promoted', 'promoted', 'promoted', 'promoted', 'promoted']",22,2,v24,25,0.187103271484375
2026-03-15 08:25:32,PSO_LSTM_no_detector,nonlinear_gradual_drift_3,,0.0249931751744469,0.0010234575576596,0.0319915232156846,0,160.10996627807617,6.404398651123047,7,"['held', 'held', 'promoted', 'promoted', 'held', 'held', 'held', 'held', 'promoted', 'held', 'held', 'held', 'held', 'held', 'held', 'held', 'held', 'held', 'promoted', 'promoted', 'held', 'held', 'promoted', 'promoted']",7,17,v20,25,176.90753936767578
2026-03-15 08:26:28,PSO_ELM_no_detector,nonlinear_gradual_drift_3,,0.0201938795843529,0.0006742133741645,0.0259656190791694,0,55.37466740608215,2.2149866962432863,18,"['promoted', 'promoted', 'held', 'promoted', 'promoted', 'held', 'promoted', 'promoted', 'promoted', 'held', 'promoted', 'promoted', 'promoted', 'held', 'promoted', 'promoted', 'promoted', 'promoted', 'promoted', 'promoted', 'promoted', 'held', 'held', 'promoted']",18,6,v24,25,55.54217314720154
2026-03-15 08:26:42,LSTM_no_detector,nonlinear_gradual_drift_3,,0.0196236733618606,0.0006031054304792,0.0245582049523015,0,3.4687416553497314,0.1387496662139892,15,"['held', 'promoted', 'promoted', 'held', 'held', 'promoted', 'promoted', 'promoted', 'held', 'held', 'promoted', 'promoted', 'promoted', 'held', 'held', 'promoted', 'promoted', 'promoted', 'promoted', 'promoted', 'held', 'promoted', 'held', 'promoted']",15,9,v24,25,14.047688245773315
2026-03-15 08:26:42,ELM_no_detector,nonlinear_gradual_drift_3,,0.0197815092842103,0.0006489898701248,0.0254752795887468,0,0.0183160305023193,0.0007326412200927,17,"['promoted', 'promoted', 'promoted', 'promoted', 'promoted', 'held', 'promoted', 'held', 'promoted', 'held', 'promoted', 'promoted', 'promoted', 'promoted', 'held', 'promoted', 'held', 'held', 'promoted', 'promoted', 'promoted', 'promoted', 'held', 'promoted']",17,7,v24,25,0.1915125846862793
2026-03-15 08:32:36,PSO_LSTM_no_detector,nonlinear_gradual_drift_4,,0.0190519595586015,0.0005672971587975,0.0238180007304883,0,116.32385993003844,4.652954397201538,2,"['held', 'promoted', 'held', 'held', 'held', 'promoted', 'held', 'held', 'held', 'held', 'held', 'held', 'held', 'held', 'held', 'held', 'held', 'held', 'held', 'held', 'held', 'held', 'held', 'held']",2,22,v5,25,134.10600471496582
2026-03-15 08:34:09,PSO_ELM_no_detector,nonlinear_gradual_drift_4,,0.0190825852548297,0.0006241166422921,0.0249823265988605,0,92.6302661895752,3.705210647583008,14,"['promoted', 'promoted', 'held', 'held', 'held', 'held', 'held', 'held', 'promoted', 'held', 'held', 'promoted', 'promoted', 'held', 'promoted', 'promoted', 'held', 'promoted', 'promoted', 'promoted', 'promoted', 'promoted', 'promoted', 'promoted']",14,10,v23,25,92.80774426460266
2026-03-15 08:34:25,LSTM_no_detector,nonlinear_gradual_drift_4,,0.0176472890949667,0.0004920468787915,0.0221821297172187,0,4.256334066390991,0.1702533626556396,14,"['promoted', 'promoted', 'promoted', 'promoted', 'promoted', 'promoted', 'held', 'held', 'held', 'held', 'held', 'held', 'promoted', 'held', 'promoted', 'promoted', 'held', 'promoted', 'promoted', 'held', 'promoted', 'promoted', 'held', 'promoted']",14,10,v23,25,15.993722677230837
2026-03-15 08:34:25,ELM_no_detector,nonlinear_gradual_drift_4,,0.0199470846011069,0.0006885631349236,0.0262404865603455,0,0.0161800384521484,0.0006472015380859,17,"['promoted', 'promoted', 'promoted', 'promoted', 'promoted', 'held', 'held', 'held', 'promoted', 'promoted', 'promoted', 'held', 'held', 'promoted', 'promoted', 'promoted', 'promoted', 'held', 'promoted', 'promoted', 'promoted', 'promoted', 'promoted', 'held']",17,7,v23,25,0.1592893600463867
2026-03-15 08:41:15,PSO_LSTM_no_detector,nonlinear_gradual_drift_5,,0.018365975610067,0.0005513324244206,0.0234804689991637,0,175.94127678871155,7.037651071548462,8,"['held', 'held', 'promoted', 'promoted', 'held', 'promoted', 'held', 'promoted', 'held', 'promoted', 'promoted', 'promoted', 'held', 'held', 'held', 'held', 'held', 'held', 'held', 'held', 'held', 'held', 'held', 'promoted']",8,16,v24,25,193.74467372894287
2026-03-15 08:42:14,PSO_ELM_no_detector,nonlinear_gradual_drift_5,,0.0180391779193388,0.0005156195864174,0.0227072584522532,0,59.26337289810181,2.3705349159240723,14,"['held', 'held', 'promoted', 'held', 'held', 'promoted', 'held', 'promoted', 'promoted', 'held', 'held', 'promoted', 'promoted', 'promoted', 'promoted', 'promoted', 'promoted', 'held', 'promoted', 'held', 'promoted', 'promoted', 'promoted', 'held']",14,10,v23,25,59.439483642578125
2026-03-15 08:42:28,LSTM_no_detector,nonlinear_gradual_drift_5,,0.0181617357763987,0.0005228367754618,0.0228656243182179,0,3.633345603942871,0.1453338241577148,13,"['held', 'promoted', 'held', 'promoted', 'promoted', 'promoted', 'promoted', 'promoted', 'held', 'held', 'promoted', 'promoted', 'held', 'held', 'promoted', 'promoted', 'promoted', 'promoted', 'held', 'held', 'promoted', 'held', 'held', 'held']",13,11,v21,25,14.087138891220093
2026-03-15 08:42:28,ELM_no_detector,nonlinear_gradual_drift_5,,0.0186076238506702,0.0005571561935882,0.0236041562778306,0,0.0096409320831298,0.0003856372833251,17,"['held', 'held', 'promoted', 'promoted', 'promoted', 'promoted', 'promoted', 'promoted', 'promoted', 'held', 'promoted', 'promoted', 'promoted', 'promoted', 'promoted', 'held', 'held', 'held', 'promoted', 'promoted', 'promoted', 'held', 'promoted', 'promoted']",17,7,v24,25,0.1776397228240966
2026-03-15 08:48:27,PSO_LSTM_no_detector,nonlinear_gradual_drift_6,,0.0190516879541853,0.000574517279196,0.0239690900785996,0,149.82374691963196,5.992949876785279,9,"['held', 'promoted', 'promoted', 'promoted', 'promoted', 'held', 'held', 'held', 'promoted', 'promoted', 'promoted', 'promoted', 'held', 'held', 'held', 'held', 'held', 'held', 'held', 'promoted', 'held', 'held', 'held', 'held']",9,15,v20,25,167.99618411064148
2026-03-15 08:49:06,PSO_ELM_no_detector,nonlinear_gradual_drift_6,,0.0191762543875221,0.0005945126144504,0.024382629358837,0,38.23842215538025,1.52953688621521,17,"['held', 'promoted', 'promoted', 'promoted', 'promoted', 'held', 'promoted', 'promoted', 'promoted', 'promoted', 'promoted', 'held', 'held', 'promoted', 'promoted', 'promoted', 'promoted', 'promoted', 'promoted', 'held', 'held', 'promoted', 'held', 'promoted']",17,7,v24,25,38.38127517700195
2026-03-15 08:49:20,LSTM_no_detector,nonlinear_gradual_drift_6,,0.0190564433444575,0.0005730688108441,0.02393885567115,0,4.0262439250946045,0.1610497570037841,16,"['promoted', 'promoted', 'promoted', 'held', 'promoted', 'held', 'promoted', 'promoted', 'held', 'promoted', 'promoted', 'promoted', 'promoted', 'held', 'held', 'promoted', 'held', 'held', 'promoted', 'promoted', 'promoted', 'promoted', 'held', 'promoted']",16,8,v23,25,14.55521321296692
2026-03-15 08:49:21,ELM_no_detector,nonlinear_gradual_drift_6,,0.0195997897990358,0.0006194773248894,0.0248893014142507,0,0.0110595226287841,0.0004423809051513,18,"['promoted', 'promoted', 'held', 'promoted', 'promoted', 'held', 'promoted', 'promoted', 'held', 'promoted', 'promoted', 'promoted', 'held', 'promoted', 'promoted', 'promoted', 'promoted', 'promoted', 'promoted', 'promoted', 'held', 'promoted', 'held', 'promoted']",18,6,v24,25,0.1667399406433105
2026-03-15 08:56:40,PSO_LSTM_no_detector,nonlinear_gradual_drift_7,,0.0193493031046715,0.0005970667979081,0.0244349503357013,0,213.8708853721619,8.554835414886474,7,"['held', 'held', 'held', 'held', 'held', 'held', 'held', 'held', 'held', 'promoted', 'promoted', 'promoted', 'promoted', 'promoted', 'held', 'held', 'held', 'held', 'held', 'promoted', 'held', 'promoted', 'held', 'held']",7,17,v22,25,230.24200677871704
2026-03-15 08:57:12,PSO_ELM_no_detector,nonlinear_gradual_drift_7,,0.0187576864037353,0.0005734670757668,0.0239471726048574,0,31.43156337738037,1.257262535095215,17,"['promoted', 'promoted', 'promoted', 'promoted', 'promoted', 'promoted', 'promoted', 'held', 'held', 'promoted', 'promoted', 'promoted', 'promoted', 'promoted', 'held', 'held', 'held', 'promoted', 'promoted', 'held', 'promoted', 'promoted', 'promoted', 'held']",17,7,v23,25,31.56507706642151
2026-03-15 08:57:25,LSTM_no_detector,nonlinear_gradual_drift_7,,0.0190699663069728,0.0005769570289907,0.0240199298290148,0,3.0679259300231934,0.1227170372009277,18,"['held', 'held', 'held', 'held', 'promoted', 'promoted', 'promoted', 'held', 'promoted', 'promoted', 'promoted', 'promoted', 'promoted', 'promoted', 'promoted', 'promoted', 'promoted', 'promoted', 'promoted', 'promoted', 'held', 'promoted', 'promoted', 'promoted']",18,6,v24,25,13.431648015975952
2026-03-15 08:57:25,ELM_no_detector,nonlinear_gradual_drift_7,,0.0205784624629742,0.0007069408497308,0.026588359289939,0,0.0167286396026611,0.0006691455841064,12,"['promoted', 'held', 'held', 'held', 'held', 'held', 'promoted', 'promoted', 'promoted', 'promoted', 'promoted', 'promoted', 'held', 'promoted', 'held', 'held', 'promoted', 'held', 'promoted', 'promoted', 'held', 'held', 'promoted', 'held']",12,12,v22,25,0.1805911064147949
2026-03-15 09:03:42,PSO_LSTM_no_detector,nonlinear_gradual_drift_8,,0.018148999293307,0.0005174325958967,0.0227471447855943,0,136.45595335960388,5.458238134384155,12,"['held', 'held', 'promoted', 'promoted', 'held', 'held', 'held', 'held', 'held', 'held', 'promoted', 'promoted', 'held', 'promoted', 'promoted', 'promoted', 'promoted', 'held', 'promoted', 'promoted', 'held', 'promoted', 'promoted', 'held']",12,12,v19,25,154.41812348365784
2026-03-15 09:04:27,PSO_ELM_no_detector,nonlinear_gradual_drift_8,,0.0189272993277974,0.0005712352089705,0.0239005273785018,0,44.908055543899536,1.7963222217559816,17,"['held', 'promoted', 'held', 'promoted', 'promoted', 'held', 'held', 'promoted', 'promoted', 'promoted', 'held', 'held', 'promoted', 'promoted', 'promoted', 'promoted', 'promoted', 'promoted', 'promoted', 'promoted', 'held', 'promoted', 'promoted', 'promoted']",17,7,v24,25,45.11315679550171
2026-03-15 09:04:41,LSTM_no_detector,nonlinear_gradual_drift_8,,0.0177680338200699,0.0004960331429858,0.0222718015208877,0,4.000659227371216,0.1600263690948486,18,"['promoted', 'promoted', 'held', 'promoted', 'held', 'promoted', 'promoted', 'promoted', 'promoted', 'promoted', 'promoted', 'promoted', 'promoted', 'promoted', 'promoted', 'promoted', 'promoted', 'held', 'promoted', 'promoted', 'held', 'held', 'promoted', 'held']",18,6,v23,25,14.490932941436768
2026-03-15 09:04:41,ELM_no_detector,nonlinear_gradual_drift_8,,0.0183446898781178,0.0005333731265017,0.0230948722988845,0,0.0183043479919433,0.0007321739196777,14,"['promoted', 'held', 'promoted', 'held', 'held', 'held', 'held', 'held', 'held', 'promoted', 'held', 'held', 'promoted', 'promoted', 'promoted', 'promoted', 'promoted', 'promoted', 'promoted', 'promoted', 'held', 'promoted', 'promoted', 'promoted']",14,10,v24,25,0.1947906017303466
2026-03-15 09:11:06,PSO_LSTM_no_detector,nonlinear_gradual_drift_9,,0.0220333149178007,0.000820218440761,0.0286394560137066,0,158.80716180801392,6.352286472320556,5,"['held', 'promoted', 'promoted', 'held', 'held', 'held', 'held', 'held', 'held', 'held', 'held', 'held', 'held', 'held', 'held', 'promoted', 'promoted', 'held', 'held', 'held', 'held', 'held', 'held', 'promoted']",5,19,v24,25,176.0188775062561
2026-03-15 09:12:22,PSO_ELM_no_detector,nonlinear_gradual_drift_9,,0.0206570765571376,0.0007479409043488,0.027348508265514,0,75.97418189048767,3.0389672756195067,13,"['promoted', 'held', 'held', 'held', 'held', 'held', 'promoted', 'promoted', 'promoted', 'promoted', 'held', 'held', 'promoted', 'promoted', 'promoted', 'promoted', 'promoted', 'held', 'promoted', 'promoted', 'held', 'promoted', 'held', 'held']",13,11,v21,25,76.16611742973328
2026-03-15 09:12:36,LSTM_no_detector,nonlinear_gradual_drift_9,,0.0185786401851603,0.0005393135770758,0.0232231259109513,0,3.916156053543091,0.1566462421417236,14,"['promoted', 'promoted', 'promoted', 'held', 'held', 'held', 'promoted', 'held', 'held', 'held', 'promoted', 'held', 'promoted', 'promoted', 'held', 'promoted', 'promoted', 'held', 'promoted', 'promoted', 'promoted', 'held', 'promoted', 'promoted']",14,10,v23,25,14.568411827087402
2026-03-15 09:12:37,ELM_no_detector,nonlinear_gradual_drift_9,,0.0208504989833116,0.000741512273112,0.0272307229634487,0,0.0068936347961425,0.0002757453918457,16,"['promoted', 'promoted', 'promoted', 'held', 'promoted', 'promoted', 'promoted', 'promoted', 'held', 'promoted', 'promoted', 'held', 'promoted', 'promoted', 'promoted', 'promoted', 'promoted', 'held', 'held', 'held', 'promoted', 'promoted', 'held', 'held']",16,8,v21,25,0.1814923286437988
2026-03-15 09:20:04,PSO_LSTM_no_detector,nonlinear_gradual_drift_10,,0.0184356878252888,0.0005366182210752,0.0231650214995633,0,206.6064810752869,8.264259243011475,12,"['held', 'held', 'promoted', 'promoted', 'promoted', 'promoted', 'held', 'held', 'promoted', 'promoted', 'held', 'held', 'promoted', 'promoted', 'promoted', 'promoted', 'held', 'held', 'promoted', 'held', 'promoted', 'held', 'held', 'held']",12,12,v20,25,224.2512826919556
2026-03-15 09:20:42,PSO_ELM_no_detector,nonlinear_gradual_drift_10,,0.0225787787469307,0.0008778556134617,0.0296286282750613,0,38.24062967300415,1.529625186920166,16,"['held', 'held', 'promoted', 'promoted', 'promoted', 'promoted', 'promoted', 'promoted', 'promoted', 'promoted', 'held', 'held', 'held', 'held', 'promoted', 'promoted', 'held', 'promoted', 'promoted', 'promoted', 'held', 'promoted', 'promoted', 'promoted']",16,8,v24,25,38.37406039237976
2026-03-15 09:20:56,LSTM_no_detector,nonlinear_gradual_drift_10,,0.018473519900236,0.0005348358510066,0.0231265183502971,0,3.4231388568878174,0.1369255542755127,14,"['held', 'held', 'promoted', 'promoted', 'held', 'held', 'promoted', 'held', 'promoted', 'promoted', 'held', 'held', 'held', 'promoted', 'promoted', 'promoted', 'promoted', 'promoted', 'promoted', 'promoted', 'held', 'held', 'promoted', 'promoted']",14,10,v24,25,13.881594896316528
2026-03-15 09:20:56,ELM_no_detector,nonlinear_gradual_drift_10,,0.0219822090301383,0.0008694599330287,0.0294866059937184,0,0.0076937675476074,0.0003077507019042,16,"['promoted', 'held', 'promoted', 'promoted', 'held', 'held', 'promoted', 'promoted', 'promoted', 'promoted', 'promoted', 'held', 'held', 'promoted', 'promoted', 'promoted', 'held', 'promoted', 'promoted', 'promoted', 'held', 'held', 'promoted', 'promoted']",16,8,v24,25,0.1840496063232422
2026-03-15 09:27:54,PSO_LSTM_no_detector,nonlinear_gradual_drift_11,,0.0174588959086373,0.0004823757448321,0.0219630540870829,0,179.1621913909912,7.166487655639648,5,"['promoted', 'held', 'promoted', 'held', 'held', 'held', 'held', 'promoted', 'held', 'promoted', 'promoted', 'held', 'held', 'held', 'held', 'held', 'held', 'held', 'held', 'held', 'held', 'held', 'held', 'held']",5,19,v7,25,196.81231665611267
2026-03-15 09:28:47,PSO_ELM_no_detector,nonlinear_gradual_drift_11,,0.0177581262823296,0.0005010241293058,0.0223835682880511,0,52.42306995391846,2.096922798156738,14,"['held', 'held', 'held', 'held', 'held', 'promoted', 'promoted', 'held', 'promoted', 'held', 'held', 'promoted', 'promoted', 'held', 'held', 'promoted', 'promoted', 'promoted', 'promoted', 'promoted', 'promoted', 'promoted', 'promoted', 'promoted']",14,10,v23,25,52.577030181884766
2026-03-15 09:29:02,LSTM_no_detector,nonlinear_gradual_drift_11,,0.0187629529595524,0.0005574471896304,0.0236103195579916,0,4.1160759925842285,0.1646430397033691,17,"['promoted', 'promoted', 'promoted', 'promoted', 'held', 'promoted', 'promoted', 'promoted', 'promoted', 'held', 'held', 'promoted', 'held', 'promoted', 'held', 'promoted', 'promoted', 'promoted', 'promoted', 'promoted', 'held', 'promoted', 'promoted', 'held']",17,7,v23,25,14.522263765335085
2026-03-15 09:29:02,ELM_no_detector,nonlinear_gradual_drift_11,,0.0180887951475207,0.0005250826887601,0.0229146828204143,0,0.005885362625122,0.0002354145050048,14,"['promoted', 'promoted', 'held', 'held', 'held', 'promoted', 'promoted', 'held', 'held', 'held', 'held', 'promoted', 'promoted', 'held', 'held', 'promoted', 'promoted', 'promoted', 'promoted', 'promoted', 'held', 'promoted', 'promoted', 'promoted']",14,10,v24,25,0.183051586151123
2026-03-15 09:35:28,PSO_LSTM_no_detector,nonlinear_gradual_drift_12,,0.017935418435629,0.0005131136957817,0.0226520130624567,0,148.7525327205658,5.950101308822632,4,"['held', 'held', 'held', 'promoted', 'held', 'held', 'held', 'held', 'held', 'promoted', 'promoted', 'held', 'held', 'held', 'held', 'held', 'held', 'held', 'held', 'held', 'promoted', 'held', 'held', 'held']",4,20,v21,25,167.97541522979736
2026-03-15 09:36:13,PSO_ELM_no_detector,nonlinear_gradual_drift_12,,0.0184994402387632,0.0005399395162338,0.0232365986373628,0,45.47996783256531,1.8191987133026124,15,"['held', 'promoted', 'promoted', 'promoted', 'promoted', 'held', 'promoted', 'held', 'held', 'held', 'promoted', 'held', 'promoted', 'promoted', 'promoted', 'promoted', 'held', 'promoted', 'held', 'promoted', 'promoted', 'promoted', 'held', 'promoted']",15,9,v23,25,45.66267609596253
2026-03-15 09:36:27,LSTM_no_detector,nonlinear_gradual_drift_12,,0.0193224600610207,0.0005887378519719,0.0242639207872906,0,3.399717092514038,0.1359886837005615,15,"['promoted', 'held', 'promoted', 'held', 'promoted', 'held', 'promoted', 'held', 'promoted', 'held', 'promoted', 'held', 'promoted', 'promoted', 'promoted', 'held', 'held', 'promoted', 'held', 'promoted', 'promoted', 'promoted', 'promoted', 'promoted']",15,9,v22,25,13.87364912033081
2026-03-15 09:36:28,ELM_no_detector,nonlinear_gradual_drift_12,,0.0180226737312814,0.000527474780726,0.0229668191251215,0,0.0087630748748779,0.0003505229949951,7,"['held', 'held', 'held', 'held', 'held', 'held', 'held', 'held', 'held', 'held', 'held', 'held', 'held', 'promoted', 'promoted', 'promoted', 'promoted', 'promoted', 'held', 'held', 'held', 'promoted', 'held', 'promoted']",7,17,v18,25,0.1741526126861572
2026-03-15 09:43:02,PSO_LSTM_no_detector,nonlinear_gradual_drift_13,,0.0196356228524364,0.0006524783992794,0.025543656732729,0,153.74152159690857,6.149660863876343,13,"['held', 'promoted', 'promoted', 'held', 'held', 'held', 'promoted', 'promoted', 'promoted', 'promoted', 'promoted', 'held', 'held', 'held', 'promoted', 'promoted', 'held', 'promoted', 'promoted', 'held', 'held', 'promoted', 'promoted', 'held']",13,11,v0,25,169.2010498046875
2026-03-15 09:43:41,PSO_ELM_no_detector,nonlinear_gradual_drift_13,,0.0201338425923377,0.0006570056468562,0.0256321213881389,0,38.35595774650574,1.5342383098602297,17,"['promoted', 'promoted', 'promoted', 'promoted', 'held', 'promoted', 'promoted', 'promoted', 'held', 'held', 'promoted', 'promoted', 'promoted', 'held', 'held', 'promoted', 'promoted', 'held', 'promoted', 'promoted', 'held', 'promoted', 'promoted', 'promoted']",17,7,v24,25,38.46962022781372
2026-03-15 09:43:55,LSTM_no_detector,nonlinear_gradual_drift_13,,0.0182779732664475,0.0005280490300125,0.0229793174400917,0,3.5509021282196045,0.1420360851287841,17,"['held', 'held', 'promoted', 'promoted', 'promoted', 'promoted', 'held', 'promoted', 'held', 'promoted', 'promoted', 'held', 'promoted', 'promoted', 'promoted', 'promoted', 'promoted', 'held', 'promoted', 'promoted', 'held', 'promoted', 'promoted', 'promoted']",17,7,v22,25,14.123266220092772
2026-03-15 09:43:55,ELM_no_detector,nonlinear_gradual_drift_13,,0.0192885774196548,0.0005988358659003,0.0244711231025529,0,0.0125174522399902,0.0005006980895996,17,"['promoted', 'held', 'held', 'held', 'promoted', 'promoted', 'promoted', 'held', 'held', 'promoted', 'promoted', 'promoted', 'promoted', 'promoted', 'promoted', 'promoted', 'promoted', 'promoted', 'promoted', 'promoted', 'held', 'held', 'promoted', 'promoted']",17,7,v24,25,0.165602445602417
2026-03-15 09:49:43,PSO_LSTM_no_detector,nonlinear_gradual_drift_14,,0.018242890407863,0.0005226253740145,0.0228610011594968,0,92.82191491127014,3.7128765964508057,9,"['held', 'held', 'held', 'held', 'held', 'held', 'promoted', 'promoted', 'promoted', 'promoted', 'promoted', 'promoted', 'promoted', 'held', 'held', 'held', 'held', 'held', 'held', 'promoted', 'held', 'promoted', 'held', 'held']",9,15,v21,25,108.48905539512634
2026-03-15 09:50:50,PSO_ELM_no_detector,nonlinear_gradual_drift_14,,0.0234413094479269,0.0010774515164209,0.0328245566066163,0,66.35238814353943,2.6540955257415773,17,"['held', 'held', 'held', 'promoted', 'held', 'promoted', 'held', 'promoted', 'promoted', 'promoted', 'promoted', 'promoted', 'promoted', 'promoted', 'promoted', 'promoted', 'held', 'promoted', 'promoted', 'promoted', 'promoted', 'promoted', 'promoted', 'held']",17,7,v21,25,66.54729461669922
2026-03-15 09:51:04,LSTM_no_detector,nonlinear_gradual_drift_14,,0.0193669156048861,0.0005905379523357,0.024300986653545,0,3.968529462814331,0.1587411785125732,15,"['promoted', 'held', 'held', 'promoted', 'promoted', 'promoted', 'promoted', 'held', 'promoted', 'held', 'promoted', 'promoted', 'held', 'promoted', 'promoted', 'promoted', 'held', 'promoted', 'held', 'held', 'promoted', 'promoted', 'held', 'promoted']",15,9,v24,25,14.327495813369753
2026-03-15 09:51:04,ELM_no_detector,nonlinear_gradual_drift_14,,0.0225425719445974,0.0009394684064795,0.0306507488730624,0,0.0153610706329345,0.0006144428253173,20,"['promoted', 'promoted', 'promoted', 'promoted', 'promoted', 'held', 'promoted', 'promoted', 'promoted', 'held', 'promoted', 'promoted', 'promoted', 'promoted', 'promoted', 'held', 'promoted', 'promoted', 'promoted', 'promoted', 'promoted', 'promoted', 'held', 'promoted']",20,4,v21,25,0.1908152103424072
2026-03-15 09:55:37,PSO_LSTM_no_detector,nonlinear_gradual_drift_15,,0.0178388768989839,0.0005017169986434,0.0223990401277247,0,133.95812678337097,5.358325071334839,1,"['held', 'held', 'held', 'held', 'held', 'held', 'held', 'promoted', 'held', 'held', 'held', 'held', 'held', 'held', 'held', 'held', 'held', 'held', 'held', 'held', 'held', 'held', 'held', 'held']",1,23,v8,25,152.02953505516052
2026-03-15 09:56:43,PSO_ELM_no_detector,nonlinear_gradual_drift_15,,0.0219661743357591,0.0008423262870434,0.029022858009567,0,65.84851622581482,2.633940649032593,14,"['held', 'promoted', 'promoted', 'held', 'held', 'promoted', 'promoted', 'held', 'promoted', 'held', 'promoted', 'held', 'held', 'held', 'held', 'promoted', 'held', 'promoted', 'promoted', 'promoted', 'promoted', 'promoted', 'promoted', 'promoted']",14,10,v24,25,66.02559518814087
2026-03-15 09:56:57,LSTM_no_detector,nonlinear_gradual_drift_15,,0.0388641112171514,0.0024152680969072,0.0491453771672087,0,3.3528168201446533,0.1341126728057861,18,"['promoted', 'promoted', 'promoted', 'promoted', 'held', 'promoted', 'promoted', 'promoted', 'promoted', 'held', 'promoted', 'promoted', 'promoted', 'promoted', 'held', 'held', 'held', 'held', 'promoted', 'promoted', 'promoted', 'promoted', 'promoted', 'promoted']",18,6,v22,25,13.738161087036133
2026-03-15 09:56:57,ELM_no_detector,nonlinear_gradual_drift_15,,0.0206743556939607,0.000699828594834,0.0264542736591662,0,0.0180480480194091,0.0007219219207763,16,"['promoted', 'promoted', 'promoted', 'promoted', 'promoted', 'promoted', 'promoted', 'held', 'promoted', 'held', 'promoted', 'held', 'promoted', 'held', 'held', 'promoted', 'held', 'held', 'promoted', 'promoted', 'held', 'promoted', 'promoted', 'promoted']",16,8,v24,25,0.1751747131347656
2026-03-15 10:03:35,PSO_LSTM_no_detector,nonlinear_gradual_drift_16,,0.0182197028511307,0.0005235346711618,0.022880880034689,0,158.9735391139984,6.358941564559936,12,"['held', 'held', 'promoted', 'held', 'promoted', 'held', 'promoted', 'promoted', 'promoted', 'promoted', 'held', 'held', 'promoted', 'promoted', 'promoted', 'promoted', 'held', 'held', 'held', 'held', 'promoted', 'held', 'held', 'promoted']",12,12,v20,25,176.1854281425476
2026-03-15 10:03:59,PSO_ELM_no_detector,nonlinear_gradual_drift_16,,0.018000015722745,0.0005127532679913,0.0226440559085889,0,23.47637367248535,0.939054946899414,15,"['held', 'promoted', 'held', 'promoted', 'promoted', 'held', 'promoted', 'held', 'promoted', 'held', 'promoted', 'held', 'promoted', 'held', 'promoted', 'held', 'promoted', 'promoted', 'promoted', 'promoted', 'held', 'promoted', 'promoted', 'promoted']",15,9,v23,25,23.66348171234131
2026-03-15 10:04:14,LSTM_no_detector,nonlinear_gradual_drift_16,,0.0181416447407313,0.0005177439901382,0.0227539884446271,0,3.8630993366241455,0.1545239734649658,12,"['promoted', 'held', 'promoted', 'held', 'held', 'promoted', 'promoted', 'held', 'held', 'promoted', 'held', 'held', 'promoted', 'held', 'held', 'promoted', 'held', 'held', 'promoted', 'promoted', 'held', 'promoted', 'promoted', 'promoted']",12,12,v24,25,14.997193336486816
2026-03-15 10:04:14,ELM_no_detector,nonlinear_gradual_drift_16,,0.0194469370996966,0.0006579207334819,0.0256499655649272,0,0.0118820667266845,0.0004752826690673,12,"['held', 'promoted', 'promoted', 'held', 'promoted', 'held', 'held', 'promoted', 'promoted', 'held', 'promoted', 'held', 'promoted', 'held', 'held', 'promoted', 'promoted', 'promoted', 'promoted', 'promoted', 'held', 'held', 'held', 'held']",12,12,v20,25,0.1826043128967285
2026-03-15 10:10:49,PSO_LSTM_no_detector,nonlinear_gradual_drift_17,,0.0185037709072027,0.0005395200481325,0.0232275708616411,0,160.26278352737427,6.410511341094971,5,"['held', 'held', 'held', 'held', 'held', 'held', 'held', 'held', 'held', 'held', 'held', 'promoted', 'promoted', 'held', 'promoted', 'held', 'held', 'held', 'held', 'held', 'held', 'held', 'promoted', 'promoted']",5,19,v12,25,177.86792039871216
2026-03-15 10:11:13,PSO_ELM_no_detector,nonlinear_gradual_drift_17,,0.0194628821959346,0.0006165404784105,0.0248302331525615,0,24.253613233566284,0.9701445293426514,14,"['promoted', 'held', 'held', 'promoted', 'held', 'held', 'promoted', 'held', 'held', 'promoted', 'promoted', 'promoted', 'promoted', 'held', 'promoted', 'promoted', 'held', 'promoted', 'promoted', 'promoted', 'held', 'held', 'promoted', 'promoted']",14,10,v24,25,24.443719148635864
2026-03-15 10:11:27,LSTM_no_detector,nonlinear_gradual_drift_17,,0.0188206513147628,0.00055729627953,0.0236071234912274,0,3.328520059585572,0.1331408023834228,17,"['held', 'promoted', 'promoted', 'promoted', 'promoted', 'held', 'promoted', 'held', 'promoted', 'promoted', 'promoted', 'held', 'promoted', 'held', 'promoted', 'promoted', 'held', 'promoted', 'promoted', 'promoted', 'promoted', 'held', 'promoted', 'promoted']",17,7,v24,25,13.761087656021118
2026-03-15 10:11:27,ELM_no_detector,nonlinear_gradual_drift_17,,0.0206888246508422,0.0007159318699708,0.0267569032208665,0,0.0103130340576171,0.0004125213623046,14,"['held', 'held', 'held', 'promoted', 'held', 'held', 'promoted', 'held', 'promoted', 'promoted', 'held', 'promoted', 'held', 'promoted', 'promoted', 'promoted', 'promoted', 'promoted', 'promoted', 'promoted', 'promoted', 'held', 'held', 'promoted']",14,10,v24,25,0.1584475040435791
2026-03-15 10:17:58,PSO_LSTM_no_detector,nonlinear_gradual_drift_18,,0.0180785294395812,0.0005141748669428,0.0226754242946601,0,151.4674210548401,6.058696842193603,6,"['held', 'promoted', 'held', 'promoted', 'promoted', 'held', 'held', 'held', 'promoted', 'held', 'held', 'held', 'held', 'held', 'held', 'held', 'held', 'held', 'held', 'held', 'held', 'held', 'promoted', 'promoted']",6,18,v24,25,168.30542969703674
2026-03-15 10:18:29,PSO_ELM_no_detector,nonlinear_gradual_drift_18,,0.0185294107563089,0.0005463362070961,0.0233738359516824,0,31.28281855583191,1.2513127422332764,17,"['held', 'held', 'promoted', 'held', 'held', 'promoted', 'promoted', 'promoted', 'promoted', 'promoted', 'held', 'promoted', 'promoted', 'held', 'promoted', 'promoted', 'promoted', 'promoted', 'promoted', 'promoted', 'promoted', 'promoted', 'held', 'promoted']",17,7,v23,25,31.43932580947876
2026-03-15 10:18:44,LSTM_no_detector,nonlinear_gradual_drift_18,,0.018865370564228,0.0005546163589289,0.0235502942429375,0,4.0767035484313965,0.1630681419372558,18,"['promoted', 'held', 'promoted', 'held', 'promoted', 'promoted', 'promoted', 'promoted', 'held', 'promoted', 'held', 'promoted', 'promoted', 'promoted', 'promoted', 'promoted', 'promoted', 'promoted', 'promoted', 'held', 'promoted', 'held', 'promoted', 'promoted']",18,6,v21,25,14.744003534317017
2026-03-15 10:18:44,ELM_no_detector,nonlinear_gradual_drift_18,,0.0206351462694482,0.0007095387398966,0.0266371683911165,0,0.0136876106262207,0.0005475044250488,17,"['held', 'held', 'promoted', 'promoted', 'promoted', 'held', 'promoted', 'promoted', 'promoted', 'promoted', 'held', 'promoted', 'promoted', 'held', 'promoted', 'promoted', 'promoted', 'promoted', 'promoted', 'promoted', 'held', 'promoted', 'promoted', 'held']",17,7,v23,25,0.1836090087890625
2026-03-15 10:24:34,PSO_LSTM_no_detector,nonlinear_gradual_drift_19,,0.0176341023418273,0.0004848931638924,0.0220202898230804,0,112.9994957447052,4.519979829788208,3,"['promoted', 'promoted', 'promoted', 'held', 'held', 'held', 'held', 'held', 'held', 'held', 'held', 'held', 'held', 'held', 'held', 'held', 'held', 'held', 'held', 'held', 'held', 'held', 'held', 'held']",3,21,v1,25,129.8332929611206
2026-03-15 10:25:18,PSO_ELM_no_detector,nonlinear_gradual_drift_19,,0.0227885706140021,0.0009906420566919,0.031474466741979,0,44.52658557891846,1.7810634231567384,16,"['promoted', 'promoted', 'promoted', 'held', 'promoted', 'held', 'promoted', 'promoted', 'promoted', 'promoted', 'held', 'held', 'held', 'promoted', 'promoted', 'promoted', 'held', 'promoted', 'promoted', 'promoted', 'held', 'promoted', 'promoted', 'held']",16,8,v23,25,44.70686554908752
2026-03-15 10:25:33,LSTM_no_detector,nonlinear_gradual_drift_19,,0.0187983350246809,0.0005534559411952,0.0235256443311394,0,3.78338360786438,0.1513353443145751,20,"['promoted', 'promoted', 'promoted', 'held', 'promoted', 'promoted', 'promoted', 'held', 'promoted', 'promoted', 'promoted', 'promoted', 'promoted', 'promoted', 'promoted', 'promoted', 'promoted', 'promoted', 'promoted', 'held', 'promoted', 'held', 'promoted', 'promoted']",20,4,v24,25,14.383134365081789
2026-03-15 10:25:33,ELM_no_detector,nonlinear_gradual_drift_19,,0.0181755583379305,0.000522220132189,0.0228521362718908,0,0.0071709156036376,0.0002868366241455,18,"['promoted', 'promoted', 'promoted', 'promoted', 'held', 'promoted', 'promoted', 'held', 'held', 'promoted', 'promoted', 'promoted', 'held', 'promoted', 'promoted', 'promoted', 'held', 'promoted', 'promoted', 'promoted', 'held', 'promoted', 'promoted', 'promoted']",18,6,v23,25,0.1792805194854736
2026-03-15 10:31:27,PSO_LSTM_no_detector,nonlinear_gradual_drift_20,,0.0173578624583006,0.0004797257640467,0.0219026428552989,0,121.6895387172699,4.867581548690796,6,"['held', 'held', 'held', 'promoted', 'promoted', 'promoted', 'promoted', 'promoted', 'promoted', 'held', 'held', 'held', 'held', 'held', 'held', 'held', 'held', 'held', 'held', 'held', 'held', 'held', 'held', 'held']",6,18,v9,25,139.80879306793213
2026-03-15 10:32:05,PSO_ELM_no_detector,nonlinear_gradual_drift_20,,0.0187672209821593,0.0005962717453457,0.0244186761587469,0,38.33508276939392,1.5334033107757568,12,"['promoted', 'held', 'held', 'held', 'held', 'promoted', 'held', 'promoted', 'held', 'held', 'promoted', 'held', 'promoted', 'promoted', 'held', 'promoted', 'promoted', 'held', 'promoted', 'promoted', 'promoted', 'held', 'held', 'promoted']",12,12,v23,25,38.53052878379822
2026-03-15 10:32:19,LSTM_no_detector,nonlinear_gradual_drift_20,,0.0184028978647069,0.0005367072114887,0.0231669422127471,0,3.3276243209838867,0.1331049728393554,17,"['promoted', 'held', 'held', 'promoted', 'promoted', 'promoted', 'promoted', 'promoted', 'held', 'promoted', 'held', 'promoted', 'promoted', 'held', 'promoted', 'promoted', 'held', 'held', 'promoted', 'promoted', 'promoted', 'promoted', 'promoted', 'promoted']",17,7,v24,25,13.720259428024292
2026-03-15 10:32:19,ELM_no_detector,nonlinear_gradual_drift_20,,0.018835368970349,0.0006043200537683,0.0245829219941074,0,0.0198395252227783,0.0007935810089111,17,"['promoted', 'held', 'held', 'held', 'held', 'promoted', 'promoted', 'promoted', 'promoted', 'held', 'promoted', 'held', 'promoted', 'promoted', 'promoted', 'promoted', 'promoted', 'held', 'promoted', 'promoted', 'promoted', 'promoted', 'promoted', 'promoted']",17,7,v20,25,0.1656169891357422
2026-03-15 10:37:22,PSO_LSTM_no_detector,nonlinear_gradual_drift_21,,0.0232777302798102,0.0008682504569463,0.0294660899500825,0,78.67847657203674,3.14713906288147,7,"['held', 'held', 'held', 'promoted', 'promoted', 'held', 'held', 'held', 'promoted', 'promoted', 'promoted', 'promoted', 'held', 'held', 'promoted', 'held', 'held', 'held', 'held', 'held', 'held', 'held', 'held', 'held']",7,17,v14,25,94.5898323059082
2026-03-15 10:38:22,PSO_ELM_no_detector,nonlinear_gradual_drift_21,,0.0180278940036709,0.0005270248111063,0.0229570209545218,0,59.43033814430237,2.3772135257720945,10,"['held', 'held', 'held', 'promoted', 'promoted', 'held', 'held', 'held', 'held', 'held', 'promoted', 'promoted', 'held', 'held', 'promoted', 'held', 'held', 'held', 'promoted', 'promoted', 'promoted', 'promoted', 'held', 'promoted']",10,14,v22,25,59.63725256919861
2026-03-15 10:38:36,LSTM_no_detector,nonlinear_gradual_drift_21,,0.0182741302578559,0.0005344004727057,0.0231171034670389,0,3.731245040893554,0.1492498016357422,16,"['promoted', 'held', 'held', 'promoted', 'promoted', 'held', 'held', 'promoted', 'promoted', 'promoted', 'held', 'promoted', 'promoted', 'promoted', 'promoted', 'promoted', 'held', 'held', 'promoted', 'promoted', 'promoted', 'held', 'promoted', 'promoted']",16,8,v24,25,14.578728914260864
2026-03-15 10:38:36,ELM_no_detector,nonlinear_gradual_drift_21,,0.0179157249712291,0.0005097749701376,0.0225781967866704,0,0.0103011131286621,0.0004120445251464,11,"['held', 'held', 'promoted', 'promoted', 'promoted', 'held', 'promoted', 'held', 'held', 'promoted', 'promoted', 'promoted', 'held', 'held', 'held', 'promoted', 'promoted', 'held', 'promoted', 'promoted', 'held', 'held', 'held', 'held']",11,13,v20,25,0.15840744972229
2026-03-15 10:45:02,PSO_LSTM_no_detector,nonlinear_gradual_drift_22,,0.0183545674191547,0.0005372734152576,0.0231791590714093,0,167.0894501209259,6.683578004837036,5,"['held', 'held', 'held', 'held', 'held', 'held', 'held', 'held', 'held', 'held', 'held', 'promoted', 'held', 'promoted', 'held', 'promoted', 'held', 'held', 'held', 'held', 'promoted', 'promoted', 'held', 'held']",5,19,v22,25,183.17119932174683
2026-03-15 10:46:11,PSO_ELM_no_detector,nonlinear_gradual_drift_22,,0.0182327723089167,0.0005218565288531,0.0228441793210699,0,68.06541609764099,2.72261664390564,14,"['promoted', 'held', 'promoted', 'held', 'held', 'held', 'held', 'promoted', 'held', 'held', 'held', 'promoted', 'promoted', 'promoted', 'promoted', 'promoted', 'promoted', 'held', 'held', 'promoted', 'promoted', 'promoted', 'promoted', 'promoted']",14,10,v22,25,68.27859401702881
2026-03-15 10:46:28,LSTM_no_detector,nonlinear_gradual_drift_22,,0.017907095079219,0.000504456808673,0.0224601159541324,0,4.026363849639893,0.1610545539855957,13,"['held', 'promoted', 'held', 'held', 'held', 'promoted', 'promoted', 'held', 'held', 'held', 'promoted', 'promoted', 'promoted', 'promoted', 'promoted', 'promoted', 'promoted', 'promoted', 'held', 'held', 'promoted', 'held', 'promoted', 'held']",13,11,v21,25,17.544133186340332
2026-03-15 10:46:29,ELM_no_detector,nonlinear_gradual_drift_22,,0.0183353232985062,0.0005266181568727,0.0229481623855329,0,0.0126411914825439,0.0005056476593017,8,"['held', 'held', 'held', 'held', 'held', 'held', 'promoted', 'held', 'held', 'held', 'held', 'promoted', 'promoted', 'held', 'held', 'promoted', 'promoted', 'held', 'held', 'promoted', 'held', 'held', 'promoted', 'promoted']",8,16,v20,25,0.178802490234375
2026-03-15 10:52:13,PSO_LSTM_no_detector,nonlinear_gradual_drift_23,,0.027104937576979,0.0015442493724671,0.039296938461757,0,129.933522939682,5.1973409175872805,11,"['promoted', 'promoted', 'held', 'held', 'held', 'promoted', 'promoted', 'promoted', 'promoted', 'promoted', 'promoted', 'held', 'held', 'held', 'held', 'held', 'held', 'held', 'held', 'held', 'held', 'promoted', 'promoted', 'promoted']",11,13,v24,25,147.34519004821777
2026-03-15 10:53:16,PSO_ELM_no_detector,nonlinear_gradual_drift_23,,0.0191032062453709,0.0005841487484781,0.0241691693791512,0,63.15088248252869,2.526035299301148,15,"['held', 'held', 'held', 'held', 'promoted', 'promoted', 'promoted', 'held', 'promoted', 'held', 'promoted', 'held', 'promoted', 'held', 'promoted', 'promoted', 'promoted', 'promoted', 'promoted', 'promoted', 'promoted', 'promoted', 'promoted', 'held']",15,9,v23,25,63.32288098335266
2026-03-15 10:53:30,LSTM_no_detector,nonlinear_gradual_drift_23,,0.0200374984855198,0.00063055217582,0.0251107979924991,0,3.6899590492248535,0.1475983619689941,16,"['held', 'promoted', 'promoted', 'promoted', 'held', 'held', 'promoted', 'promoted', 'promoted', 'promoted', 'promoted', 'promoted', 'promoted', 'held', 'promoted', 'promoted', 'held', 'promoted', 'held', 'promoted', 'held', 'promoted', 'promoted', 'held']",16,8,v23,25,14.035473108291626
2026-03-15 10:53:30,ELM_no_detector,nonlinear_gradual_drift_23,,0.0198654445447925,0.0006716809530125,0.0259168083106802,0,0.0090589523315429,0.0003623580932617,15,"['held', 'held', 'promoted', 'promoted', 'held', 'promoted', 'promoted', 'held', 'held', 'promoted', 'promoted', 'held', 'held', 'promoted', 'promoted', 'promoted', 'promoted', 'held', 'promoted', 'promoted', 'held', 'promoted', 'promoted', 'promoted']",15,9,v24,25,0.1829891204833984
2026-03-15 10:58:40,PSO_LSTM_no_detector,nonlinear_gradual_drift_24,,0.0176577455390529,0.0004935810848028,0.0222166848292648,0,84.10090684890747,3.364036273956299,7,"['held', 'held', 'promoted', 'held', 'promoted', 'promoted', 'held', 'promoted', 'promoted', 'promoted', 'held', 'held', 'held', 'held', 'held', 'held', 'held', 'held', 'held', 'held', 'held', 'held', 'held', 'promoted']",7,17,v24,25,101.9978244304657
2026-03-15 10:59:11,PSO_ELM_no_detector,nonlinear_gradual_drift_24,,0.0190739813536583,0.0005923653597881,0.0243385570605184,0,31.32671046257019,1.2530684185028076,19,"['held', 'promoted', 'promoted', 'promoted', 'held', 'promoted', 'promoted', 'promoted', 'promoted', 'promoted', 'promoted', 'promoted', 'promoted', 'held', 'promoted', 'promoted', 'held', 'held', 'promoted', 'promoted', 'promoted', 'promoted', 'promoted', 'promoted']",19,5,v23,25,31.47738218307495
2026-03-15 10:59:26,LSTM_no_detector,nonlinear_gradual_drift_24,,0.0199753663138543,0.0006347221989982,0.0251936936354755,0,3.788033962249756,0.1515213584899902,19,"['promoted', 'promoted', 'promoted', 'held', 'held', 'promoted', 'held', 'promoted', 'promoted', 'promoted', 'promoted', 'promoted', 'promoted', 'held', 'promoted', 'promoted', 'held', 'promoted', 'promoted', 'promoted', 'promoted', 'promoted', 'promoted', 'promoted']",19,5,v24,25,14.637715578079224
2026-03-15 10:59:26,ELM_no_detector,nonlinear_gradual_drift_24,,0.0235467153630251,0.0017259250991591,0.0415442547069882,0,0.0144813060760498,0.0005792522430419,18,"['promoted', 'promoted', 'promoted', 'promoted', 'promoted', 'held', 'promoted', 'promoted', 'promoted', 'promoted', 'held', 'held', 'promoted', 'held', 'promoted', 'held', 'promoted', 'promoted', 'promoted', 'promoted', 'held', 'promoted', 'promoted', 'promoted']",18,6,v23,25,0.1801536083221435
2026-03-15 11:05:34,PSO_LSTM_no_detector,nonlinear_gradual_drift_25,,0.0187036375009372,0.0005512601338263,0.0234789295715606,0,136.48861479759216,5.459544591903686,4,"['promoted', 'held', 'held', 'held', 'held', 'held', 'promoted', 'held', 'held', 'held', 'held', 'held', 'held', 'held', 'held', 'held', 'held', 'held', 'held', 'held', 'held', 'held', 'promoted', 'promoted']",4,20,v24,25,153.6911678314209
2026-03-15 11:06:30,PSO_ELM_no_detector,nonlinear_gradual_drift_25,,0.0180669091524554,0.0005194002820578,0.0227903550226378,0,55.7706196308136,2.230824785232544,14,"['held', 'promoted', 'held', 'held', 'promoted', 'promoted', 'promoted', 'held', 'promoted', 'promoted', 'promoted', 'promoted', 'promoted', 'promoted', 'held', 'promoted', 'held', 'promoted', 'promoted', 'promoted', 'held', 'held', 'held', 'held']",14,10,v20,25,55.984670877456665
2026-03-15 11:06:44,LSTM_no_detector,nonlinear_gradual_drift_25,,0.0179180513214557,0.0005043834394176,0.0224584825715732,0,3.584489822387696,0.1433795928955078,19,"['promoted', 'promoted', 'promoted', 'promoted', 'promoted', 'promoted', 'promoted', 'held', 'held', 'promoted', 'promoted', 'held', 'promoted', 'held', 'promoted', 'promoted', 'promoted', 'promoted', 'promoted', 'promoted', 'promoted', 'promoted', 'promoted', 'held']",19,5,v23,25,14.11074185371399
2026-03-15 11:06:44,ELM_no_detector,nonlinear_gradual_drift_25,,0.018496499567667,0.0005518412048174,0.023491300619962,0,0.0133688449859619,0.0005347537994384,13,"['held', 'promoted', 'held', 'held', 'promoted', 'promoted', 'promoted', 'held', 'held', 'promoted', 'promoted', 'promoted', 'promoted', 'held', 'promoted', 'promoted', 'promoted', 'held', 'promoted', 'promoted', 'held', 'held', 'held', 'held']",13,11,v20,25,0.1757864952087402
2026-03-15 11:15:16,PSO_LSTM_no_detector,nonlinear_gradual_drift_26,,0.0192920140548104,0.0006029314986852,0.0245546634814084,0,244.8471386432648,9.793885545730593,13,"['held', 'held', 'promoted', 'promoted', 'promoted', 'held', 'promoted', 'promoted', 'promoted', 'held', 'promoted', 'promoted', 'held', 'promoted', 'promoted', 'held', 'promoted', 'promoted', 'held', 'held', 'held', 'held', 'held', 'promoted']",13,11,v24,25,260.4360475540161
2026-03-15 11:16:08,PSO_ELM_no_detector,nonlinear_gradual_drift_26,,0.0186049481978783,0.0005567988762552,0.0235965861144211,0,52.25755071640015,2.090302028656006,14,"['held', 'promoted', 'promoted', 'held', 'held', 'held', 'held', 'held', 'held', 'promoted', 'promoted', 'promoted', 'promoted', 'promoted', 'promoted', 'held', 'promoted', 'promoted', 'promoted', 'held', 'promoted', 'promoted', 'promoted', 'held']",14,10,v22,25,52.453237533569336
2026-03-15 11:16:23,LSTM_no_detector,nonlinear_gradual_drift_26,,0.0191505863359186,0.0005843513197355,0.0241733597113749,0,3.4741549491882324,0.1389661979675293,18,"['held', 'held', 'promoted', 'promoted', 'promoted', 'held', 'promoted', 'held', 'promoted', 'promoted', 'promoted', 'promoted', 'promoted', 'promoted', 'promoted', 'held', 'held', 'promoted', 'promoted', 'promoted', 'promoted', 'promoted', 'promoted', 'promoted']",18,6,v21,25,14.361878633499146
2026-03-15 11:16:23,ELM_no_detector,nonlinear_gradual_drift_26,,0.0195317019979883,0.0006284402561955,0.0250687107007039,0,0.0114271640777587,0.0004570865631103,17,"['promoted', 'held', 'promoted', 'promoted', 'promoted', 'promoted', 'promoted', 'held', 'held', 'promoted', 'promoted', 'held', 'promoted', 'promoted', 'promoted', 'held', 'promoted', 'promoted', 'promoted', 'held', 'promoted', 'promoted', 'held', 'promoted']",17,7,v22,25,0.1719172000885009
2026-03-15 11:22:34,PSO_LSTM_no_detector,nonlinear_gradual_drift_27,,0.0200705386880939,0.0006485220305617,0.0254660957070725,0,133.28796577453613,5.331518630981446,7,"['held', 'held', 'held', 'held', 'promoted', 'promoted', 'promoted', 'promoted', 'promoted', 'promoted', 'held', 'held', 'held', 'held', 'held', 'held', 'held', 'promoted', 'held', 'held', 'held', 'held', 'held', 'held']",7,17,v18,25,150.5240240097046
2026-03-15 11:23:54,PSO_ELM_no_detector,nonlinear_gradual_drift_27,,0.0191483835684047,0.0005864639994702,0.0242170187981561,0,80.19873690605164,3.207949476242065,14,"['held', 'held', 'held', 'held', 'promoted', 'promoted', 'promoted', 'promoted', 'promoted', 'promoted', 'held', 'promoted', 'held', 'promoted', 'promoted', 'promoted', 'promoted', 'held', 'held', 'promoted', 'held', 'held', 'promoted', 'promoted']",14,10,v24,25,80.38295817375183
2026-03-15 11:24:09,LSTM_no_detector,nonlinear_gradual_drift_27,,0.019005279841411,0.0005688099670003,0.0238497372522282,0,4.0440545082092285,0.1617621803283691,17,"['held', 'held', 'promoted', 'promoted', 'promoted', 'promoted', 'held', 'promoted', 'promoted', 'promoted', 'promoted', 'held', 'promoted', 'promoted', 'promoted', 'held', 'promoted', 'held', 'promoted', 'promoted', 'promoted', 'promoted', 'held', 'promoted']",17,7,v21,25,14.608904838562012
2026-03-15 11:24:09,ELM_no_detector,nonlinear_gradual_drift_27,,0.0206929492327605,0.0007149793323804,0.0267390974488756,0,0.0203754901885986,0.0008150196075439,17,"['held', 'promoted', 'promoted', 'promoted', 'held', 'promoted', 'held', 'promoted', 'promoted', 'promoted', 'held', 'promoted', 'promoted', 'promoted', 'promoted', 'held', 'promoted', 'promoted', 'promoted', 'promoted', 'promoted', 'held', 'held', 'promoted']",17,7,v21,25,0.1566381454467773
2026-03-15 11:29:28,PSO_LSTM_no_detector,nonlinear_gradual_drift_28,,0.0270448413934815,0.0013028834166886,0.0360954764020186,0,87.91994023323059,3.5167976093292235,11,"['promoted', 'promoted', 'promoted', 'held', 'promoted', 'promoted', 'promoted', 'promoted', 'promoted', 'held', 'promoted', 'promoted', 'promoted', 'held', 'held', 'held', 'held', 'held', 'held', 'held', 'held', 'held', 'held', 'held']",11,13,v11,25,103.94917440414427
2026-03-15 11:30:17,PSO_ELM_no_detector,nonlinear_gradual_drift_28,,0.0187369105068039,0.0005535133011013,0.0235268633927539,0,49.3235342502594,1.972941370010376,15,"['promoted', 'held', 'held', 'promoted', 'held', 'held', 'promoted', 'promoted', 'promoted', 'held', 'promoted', 'held', 'held', 'promoted', 'promoted', 'promoted', 'promoted', 'promoted', 'held', 'promoted', 'promoted', 'held', 'promoted', 'promoted']",15,9,v23,25,49.48716402053833
2026-03-15 11:30:32,LSTM_no_detector,nonlinear_gradual_drift_28,,0.0179788157343118,0.0005085645274455,0.0225513752894494,0,3.9000065326690674,0.1560002613067627,18,"['promoted', 'promoted', 'promoted', 'promoted', 'promoted', 'held', 'promoted', 'promoted', 'promoted', 'promoted', 'promoted', 'held', 'held', 'held', 'promoted', 'promoted', 'promoted', 'promoted', 'promoted', 'promoted', 'promoted', 'held', 'promoted', 'held']",18,6,v21,25,14.832403182983398
2026-03-15 11:30:32,ELM_no_detector,nonlinear_gradual_drift_28,,0.0196019533195975,0.0006097611567523,0.0246933423568445,0,0.018460988998413,0.0007384395599365,17,"['held', 'held', 'promoted', 'promoted', 'held', 'held', 'promoted', 'promoted', 'held', 'promoted', 'promoted', 'promoted', 'held', 'promoted', 'held', 'promoted', 'promoted', 'promoted', 'promoted', 'promoted', 'promoted', 'promoted', 'promoted', 'promoted']",17,7,v20,25,0.1933732032775879
2026-03-15 11:36:23,PSO_LSTM_no_detector,nonlinear_gradual_drift_29,,0.0190476450950541,0.0005837875970686,0.0241616968996111,0,121.19717979431152,4.847887191772461,8,"['promoted', 'held', 'promoted', 'promoted', 'promoted', 'held', 'held', 'promoted', 'promoted', 'promoted', 'held', 'promoted', 'held', 'held', 'held', 'held', 'held', 'held', 'held', 'held', 'held', 'held', 'held', 'held']",8,16,v12,25,138.1157772541046
2026-03-15 11:36:41,PSO_ELM_no_detector,nonlinear_gradual_drift_29,,0.0179312779182602,0.0005040301580608,0.0224506159839956,0,17.25604557991028,0.6902418231964111,18,"['promoted', 'promoted', 'promoted', 'promoted', 'promoted', 'promoted', 'held', 'promoted', 'promoted', 'promoted', 'promoted', 'promoted', 'promoted', 'held', 'promoted', 'promoted', 'promoted', 'promoted', 'promoted', 'held', 'promoted', 'held', 'held', 'held']",18,6,v21,25,17.40693712234497
2026-03-15 11:36:55,LSTM_no_detector,nonlinear_gradual_drift_29,,0.0183717484307677,0.0005269351667901,0.0229550684335765,0,3.919434785842896,0.1567773914337158,16,"['held', 'promoted', 'held', 'promoted', 'promoted', 'held', 'promoted', 'held', 'held', 'promoted', 'held', 'promoted', 'held', 'promoted', 'promoted', 'promoted', 'promoted', 'held', 'promoted', 'promoted', 'promoted', 'promoted', 'promoted', 'promoted']",16,8,v24,25,14.56965446472168
2026-03-15 11:36:56,ELM_no_detector,nonlinear_gradual_drift_29,,0.0188818155452275,0.0005762545407168,0.0240053023458752,0,0.0102319717407226,0.0004092788696289,13,"['held', 'promoted', 'promoted', 'promoted', 'held', 'held', 'held', 'held', 'promoted', 'held', 'held', 'promoted', 'promoted', 'promoted', 'held', 'promoted', 'promoted', 'held', 'promoted', 'held', 'promoted', 'promoted', 'promoted', 'held']",13,11,v21,25,0.1731574535369873
2026-03-15 11:43:00,PSO_LSTM_no_detector,nonlinear_gradual_drift_30,,0.0191943065184675,0.000588010060443,0.0242489187479157,0,116.7088930606842,4.668355722427368,12,"['held', 'held', 'promoted', 'promoted', 'promoted', 'promoted', 'promoted', 'held', 'promoted', 'promoted', 'held', 'held', 'held', 'held', 'held', 'held', 'promoted', 'promoted', 'held', 'held', 'promoted', 'promoted', 'promoted', 'held']",12,12,v21,25,133.82918548583984
2026-03-15 11:43:50,PSO_ELM_no_detector,nonlinear_gradual_drift_30,,0.0191618173092934,0.0005919863721348,0.024330770068677,0,49.961505651474,1.99846022605896,17,"['promoted', 'promoted', 'held', 'held', 'held', 'promoted', 'held', 'promoted', 'promoted', 'promoted', 'held', 'held', 'promoted', 'held', 'promoted', 'promoted', 'promoted', 'promoted', 'promoted', 'promoted', 'promoted', 'promoted', 'promoted', 'promoted']",17,7,v22,25,50.13562488555908
2026-03-15 11:44:05,LSTM_no_detector,nonlinear_gradual_drift_30,,0.0187469598689574,0.000552532159109,0.0235060026186735,0,4.224267721176148,0.1689707088470459,16,"['held', 'held', 'promoted', 'promoted', 'promoted', 'promoted', 'promoted', 'promoted', 'promoted', 'promoted', 'held', 'held', 'held', 'promoted', 'held', 'promoted', 'held', 'promoted', 'promoted', 'promoted', 'promoted', 'promoted', 'promoted', 'held']",16,8,v23,25,15.056628942489624
2026-03-15 11:44:05,ELM_no_detector,nonlinear_gradual_drift_30,,0.0190637012060594,0.0005756707514806,0.0239931396753461,0,0.0186214447021484,0.0007448577880859,17,"['promoted', 'promoted', 'promoted', 'promoted', 'held', 'promoted', 'held', 'promoted', 'promoted', 'held', 'promoted', 'promoted', 'promoted', 'promoted', 'held', 'held', 'promoted', 'promoted', 'promoted', 'promoted', 'promoted', 'promoted', 'held', 'held']",17,7,v22,25,0.1866447925567627
2026-03-15 11:49:26,PSO_LSTM_no_detector,nonlinear_abrupt_drift_1,,0.1823223816121773,0.0645925842744345,0.2541507117330868,0,82.67741990089417,3.3070967960357667,4,"['held', 'held', 'held', 'held', 'held', 'held', 'held', 'held', 'promoted', 'promoted', 'promoted', 'held', 'promoted', 'held', 'held', 'held', 'held', 'held', 'held', 'held', 'held', 'held', 'held', 'held']",4,20,v10,25,99.21079301834106
2026-03-15 11:49:43,PSO_ELM_no_detector,nonlinear_abrupt_drift_1,,0.049356941887582,0.0072821275387541,0.0853353826894457,0,17.074974536895752,0.68299898147583,16,"['promoted', 'held', 'promoted', 'promoted', 'held', 'promoted', 'promoted', 'held', 'promoted', 'held', 'promoted', 'promoted', 'promoted', 'promoted', 'held', 'promoted', 'held', 'promoted', 'held', 'promoted', 'promoted', 'promoted', 'held', 'promoted']",16,8,v17,25,17.204656839370728
2026-03-15 11:50:00,LSTM_no_detector,nonlinear_abrupt_drift_1,,0.0244756022156105,0.0009705424573238,0.0311535304150889,0,4.584993600845337,0.1833997440338134,18,"['held', 'held', 'promoted', 'promoted', 'promoted', 'promoted', 'promoted', 'promoted', 'promoted', 'held', 'held', 'promoted', 'promoted', 'promoted', 'promoted', 'promoted', 'promoted', 'promoted', 'held', 'promoted', 'held', 'promoted', 'promoted', 'promoted']",18,6,v24,25,17.043997764587402
2026-03-15 11:50:00,ELM_no_detector,nonlinear_abrupt_drift_1,,0.0716935938166454,0.0185807239456774,0.1363111292069634,0,0.0134360790252685,0.0005374431610107,15,"['held', 'held', 'held', 'promoted', 'held', 'promoted', 'held', 'promoted', 'promoted', 'held', 'promoted', 'promoted', 'promoted', 'promoted', 'held', 'promoted', 'promoted', 'promoted', 'held', 'promoted', 'promoted', 'promoted', 'held', 'promoted']",15,9,v19,25,0.19390869140625
2026-03-15 11:55:17,PSO_LSTM_no_detector,nonlinear_abrupt_drift_2,,0.0434948771423332,0.0033515116088119,0.0578922413524644,0,95.6462779045105,3.82585111618042,3,"['held', 'held', 'held', 'held', 'held', 'held', 'held', 'promoted', 'held', 'held', 'held', 'held', 'held', 'held', 'held', 'held', 'held', 'held', 'held', 'held', 'promoted', 'promoted', 'held', 'held']",3,21,v22,25,113.43730998039246
2026-03-15 11:55:55,PSO_ELM_no_detector,nonlinear_abrupt_drift_2,,0.0480565879280237,0.0186032758206541,0.1363938261823244,0,37.859375,1.514375,16,"['held', 'held', 'promoted', 'promoted', 'promoted', 'held', 'promoted', 'held', 'promoted', 'promoted', 'promoted', 'held', 'promoted', 'promoted', 'promoted', 'promoted', 'promoted', 'promoted', 'held', 'promoted', 'held', 'promoted', 'promoted', 'held']",16,8,v23,25,38.03307771682739
2026-03-15 11:56:09,LSTM_no_detector,nonlinear_abrupt_drift_2,,0.0234516786274832,0.0008662984292461,0.0294329480216661,0,3.971829652786255,0.1588731861114501,17,"['promoted', 'promoted', 'promoted', 'promoted', 'promoted', 'held', 'promoted', 'held', 'held', 'held', 'promoted', 'promoted', 'promoted', 'promoted', 'promoted', 'held', 'held', 'held', 'promoted', 'promoted', 'promoted', 'promoted', 'promoted', 'promoted']",17,7,v24,25,14.580580234527588
2026-03-15 11:56:09,ELM_no_detector,nonlinear_abrupt_drift_2,,0.0391178065482273,0.0034685534618244,0.0588944264071264,0,0.0207974910736084,0.0008318996429443,14,"['held', 'held', 'promoted', 'held', 'promoted', 'promoted', 'promoted', 'promoted', 'promoted', 'held', 'promoted', 'promoted', 'promoted', 'held', 'held', 'promoted', 'held', 'held', 'promoted', 'promoted', 'held', 'held', 'promoted', 'promoted']",14,10,v23,25,0.1828417778015136
2026-03-15 12:00:39,PSO_LSTM_no_detector,nonlinear_abrupt_drift_3,,0.0355341059314742,0.0024734233951167,0.0497335238558136,0,133.2592272758484,5.330369091033935,5,"['held', 'held', 'held', 'held', 'promoted', 'held', 'held', 'held', 'promoted', 'held', 'held', 'promoted', 'held', 'held', 'held', 'held', 'held', 'held', 'held', 'promoted', 'held', 'promoted', 'held', 'held']",5,19,v21,25,150.86295819282532
2026-03-15 12:01:03,PSO_ELM_no_detector,nonlinear_abrupt_drift_3,,0.0630019497477814,0.013837902026274,0.1176346123650437,0,23.90416193008423,0.9561664772033692,19,"['promoted', 'promoted', 'promoted', 'promoted', 'promoted', 'promoted', 'promoted', 'held', 'promoted', 'held', 'promoted', 'promoted', 'promoted', 'promoted', 'promoted', 'promoted', 'promoted', 'promoted', 'held', 'promoted', 'promoted', 'held', 'held', 'promoted']",19,5,v24,25,24.065196752548218
2026-03-15 12:01:17,LSTM_no_detector,nonlinear_abrupt_drift_3,,0.0783705363227966,0.0107614056079994,0.1037371949109839,0,3.352614402770996,0.1341045761108398,21,"['promoted', 'promoted', 'promoted', 'promoted', 'promoted', 'promoted', 'promoted', 'promoted', 'promoted', 'promoted', 'held', 'promoted', 'promoted', 'promoted', 'promoted', 'promoted', 'promoted', 'promoted', 'held', 'promoted', 'promoted', 'held', 'promoted', 'promoted']",21,3,v24,25,13.948391199111938
2026-03-15 12:01:17,ELM_no_detector,nonlinear_abrupt_drift_3,,0.0555872273972154,0.0072806586390058,0.0853267756276177,0,0.0166895389556884,0.0006675815582275,17,"['promoted', 'promoted', 'promoted', 'promoted', 'promoted', 'promoted', 'promoted', 'held', 'promoted', 'held', 'promoted', 'promoted', 'promoted', 'held', 'promoted', 'promoted', 'promoted', 'promoted', 'held', 'held', 'promoted', 'held', 'held', 'promoted']",17,7,v24,25,0.1745796203613281
2026-03-15 12:07:31,PSO_LSTM_no_detector,nonlinear_abrupt_drift_4,,0.0405191466363708,0.0027505141949212,0.0524453448355646,0,144.19024395942688,5.767609758377075,4,"['held', 'held', 'held', 'held', 'held', 'held', 'held', 'promoted', 'promoted', 'held', 'promoted', 'held', 'held', 'held', 'held', 'held', 'held', 'held', 'held', 'promoted', 'held', 'held', 'held', 'held']",4,20,v20,25,161.1425642967224
2026-03-15 12:07:55,PSO_ELM_no_detector,nonlinear_abrupt_drift_4,,0.0292287897212836,0.0019830907015387,0.0445319065562962,0,23.81144142150879,0.9524576568603516,20,"['promoted', 'promoted', 'held', 'promoted', 'promoted', 'promoted', 'promoted', 'promoted', 'held', 'promoted', 'promoted', 'promoted', 'promoted', 'promoted', 'promoted', 'promoted', 'held', 'promoted', 'promoted', 'promoted', 'promoted', 'held', 'promoted', 'promoted']",20,4,v24,25,24.00810503959656
2026-03-15 12:08:10,LSTM_no_detector,nonlinear_abrupt_drift_4,,0.0284292827402396,0.0016070961228953,0.040088603404151,0,4.494964599609375,0.179798583984375,20,"['promoted', 'promoted', 'promoted', 'promoted', 'promoted', 'promoted', 'promoted', 'promoted', 'held', 'promoted', 'promoted', 'held', 'promoted', 'promoted', 'held', 'promoted', 'promoted', 'promoted', 'promoted', 'promoted', 'promoted', 'promoted', 'held', 'promoted']",20,4,v24,25,15.207176685333252
2026-03-15 12:08:10,ELM_no_detector,nonlinear_abrupt_drift_4,,0.0501171685406323,0.0099262128329795,0.0996303810741459,0,0.0166633129119873,0.0006665325164794,16,"['promoted', 'promoted', 'held', 'promoted', 'promoted', 'held', 'promoted', 'promoted', 'held', 'promoted', 'promoted', 'promoted', 'promoted', 'promoted', 'promoted', 'promoted', 'held', 'held', 'held', 'promoted', 'promoted', 'held', 'promoted', 'held']",16,8,v23,25,0.1627223491668701
2026-03-15 12:14:39,PSO_LSTM_no_detector,nonlinear_abrupt_drift_5,,0.1182839271021127,0.0655586792594173,0.2560442915970151,0,199.4060201644897,7.97624080657959,12,"['promoted', 'promoted', 'held', 'promoted', 'held', 'promoted', 'promoted', 'promoted', 'held', 'held', 'held', 'held', 'held', 'held', 'promoted', 'promoted', 'promoted', 'promoted', 'promoted', 'promoted', 'held', 'held', 'held', 'held']",12,12,v16,25,216.05665373802185
2026-03-15 12:16:31,PSO_ELM_no_detector,nonlinear_abrupt_drift_5,,0.0303760762612147,0.008370627369528,0.0914911327371566,0,111.70834136009216,4.468333654403686,17,"['held', 'held', 'promoted', 'promoted', 'held', 'promoted', 'promoted', 'promoted', 'promoted', 'promoted', 'promoted', 'promoted', 'promoted', 'promoted', 'held', 'held', 'promoted', 'held', 'promoted', 'promoted', 'held', 'promoted', 'promoted', 'promoted']",17,7,v22,25,111.840407371521
2026-03-15 12:16:45,LSTM_no_detector,nonlinear_abrupt_drift_5,,0.0654552888321824,0.012157664195303,0.1102617984403622,0,3.649522542953491,0.1459809017181396,20,"['promoted', 'promoted', 'promoted', 'held', 'promoted', 'promoted', 'promoted', 'promoted', 'promoted', 'promoted', 'held', 'promoted', 'promoted', 'promoted', 'promoted', 'promoted', 'held', 'promoted', 'promoted', 'promoted', 'promoted', 'promoted', 'promoted', 'held']",20,4,v23,25,14.179921865463257
2026-03-15 12:16:46,ELM_no_detector,nonlinear_abrupt_drift_5,,0.1642869735879452,0.1833359888628461,0.4281775202679914,0,0.0127911567687988,0.0005116462707519,16,"['promoted', 'promoted', 'promoted', 'promoted', 'held', 'promoted', 'promoted', 'promoted', 'held', 'held', 'promoted', 'promoted', 'promoted', 'held', 'promoted', 'promoted', 'held', 'held', 'promoted', 'promoted', 'held', 'promoted', 'promoted', 'held']",16,8,v23,25,0.1852920055389404
2026-03-15 12:20:31,PSO_LSTM_no_detector,nonlinear_abrupt_drift_6,,0.0520957246487967,0.0044560505671035,0.0667536558332468,0,76.619473695755,3.0647789478302,8,"['held', 'held', 'held', 'promoted', 'held', 'held', 'held', 'promoted', 'held', 'promoted', 'promoted', 'promoted', 'promoted', 'held', 'promoted', 'held', 'held', 'held', 'held', 'held', 'held', 'promoted', 'held', 'held']",8,16,v22,25,93.95025157928468
2026-03-15 12:21:10,PSO_ELM_no_detector,nonlinear_abrupt_drift_6,,0.0416121540611347,0.006437528479353,0.0802342101559741,0,38.222081422805786,1.5288832569122317,17,"['held', 'promoted', 'promoted', 'promoted', 'promoted', 'promoted', 'promoted', 'held', 'held', 'promoted', 'promoted', 'held', 'promoted', 'promoted', 'promoted', 'promoted', 'promoted', 'held', 'held', 'promoted', 'held', 'promoted', 'promoted', 'promoted']",17,7,v21,25,38.39085841178894
2026-03-15 12:21:23,LSTM_no_detector,nonlinear_abrupt_drift_6,,0.0936077104878216,0.017361217145804,0.1317619715464369,0,3.081197500228882,0.1232479000091552,18,"['promoted', 'promoted', 'promoted', 'held', 'promoted', 'promoted', 'promoted', 'promoted', 'held', 'promoted', 'promoted', 'promoted', 'promoted', 'promoted', 'promoted', 'held', 'promoted', 'held', 'held', 'promoted', 'promoted', 'promoted', 'held', 'promoted']",18,6,v21,25,13.401002645492554
2026-03-15 12:21:23,ELM_no_detector,nonlinear_abrupt_drift_6,,0.0653997882725065,0.0211654126288758,0.1454833757818253,0,0.0180041790008544,0.0007201671600341,18,"['promoted', 'promoted', 'promoted', 'promoted', 'held', 'promoted', 'promoted', 'promoted', 'held', 'promoted', 'held', 'held', 'promoted', 'promoted', 'promoted', 'promoted', 'promoted', 'held', 'promoted', 'promoted', 'held', 'promoted', 'promoted', 'promoted']",18,6,v20,25,0.181450605392456
2026-03-15 12:27:15,PSO_LSTM_no_detector,nonlinear_abrupt_drift_7,,0.0343853005334343,0.0021595118068322,0.0464705477354448,0,125.06655406951904,5.002662162780762,6,"['promoted', 'held', 'held', 'held', 'held', 'held', 'held', 'held', 'held', 'held', 'promoted', 'promoted', 'promoted', 'held', 'held', 'held', 'held', 'promoted', 'promoted', 'held', 'held', 'held', 'held', 'held']",6,18,v19,25,143.21607279777527
2026-03-15 12:27:39,PSO_ELM_no_detector,nonlinear_abrupt_drift_7,,0.0436756576720873,0.0111399446991899,0.1055459364409163,0,23.846760272979736,0.9538704109191894,18,"['promoted', 'promoted', 'promoted', 'promoted', 'promoted', 'promoted', 'promoted', 'held', 'held', 'promoted', 'promoted', 'promoted', 'promoted', 'held', 'held', 'promoted', 'held', 'promoted', 'promoted', 'promoted', 'promoted', 'held', 'promoted', 'promoted']",18,6,v24,25,24.04008960723877
2026-03-15 12:27:53,LSTM_no_detector,nonlinear_abrupt_drift_7,,0.0267067319613672,0.0012082430042892,0.0347597900495565,0,3.353534698486328,0.1341413879394531,18,"['held', 'promoted', 'promoted', 'promoted', 'held', 'promoted', 'promoted', 'held', 'promoted', 'promoted', 'promoted', 'promoted', 'promoted', 'held', 'promoted', 'promoted', 'held', 'promoted', 'promoted', 'promoted', 'promoted', 'held', 'promoted', 'promoted']",18,6,v24,25,13.715439319610596
2026-03-15 12:27:53,ELM_no_detector,nonlinear_abrupt_drift_7,,0.0354758588426974,0.0025176622279858,0.0501763114226806,0,0.0172479152679443,0.0006899166107177,11,"['held', 'promoted', 'promoted', 'promoted', 'promoted', 'held', 'promoted', 'held', 'held', 'held', 'held', 'held', 'held', 'held', 'held', 'promoted', 'promoted', 'promoted', 'held', 'promoted', 'promoted', 'held', 'promoted', 'held']",11,13,v23,25,0.1632912158966064
2026-03-15 12:32:11,PSO_LSTM_no_detector,nonlinear_abrupt_drift_8,,0.0370475608452091,0.0026193621756241,0.0511797047238859,0,92.40563893318176,3.696225557327271,7,"['promoted', 'held', 'held', 'held', 'held', 'held', 'held', 'promoted', 'promoted', 'promoted', 'held', 'promoted', 'promoted', 'held', 'held', 'held', 'held', 'held', 'held', 'held', 'held', 'held', 'held', 'promoted']",7,17,v23,25,109.72751426696776
2026-03-15 12:32:36,PSO_ELM_no_detector,nonlinear_abrupt_drift_8,,0.0232847951573668,0.0009317386714889,0.0305243946948827,0,24.072391271591187,0.9628956508636476,18,"['promoted', 'promoted', 'promoted', 'promoted', 'held', 'held', 'held', 'promoted', 'promoted', 'promoted', 'held', 'promoted', 'promoted', 'held', 'promoted', 'promoted', 'promoted', 'promoted', 'promoted', 'promoted', 'promoted', 'promoted', 'held', 'promoted']",18,6,v24,25,24.28065538406372
2026-03-15 12:32:49,LSTM_no_detector,nonlinear_abrupt_drift_8,,0.0696239733883376,0.0081056846690204,0.0900315759554413,0,3.0757815837860107,0.1230312633514404,20,"['promoted', 'promoted', 'held', 'promoted', 'promoted', 'held', 'promoted', 'promoted', 'promoted', 'promoted', 'promoted', 'held', 'promoted', 'promoted', 'promoted', 'promoted', 'promoted', 'promoted', 'promoted', 'held', 'promoted', 'promoted', 'promoted', 'promoted']",20,4,v24,25,13.541884183883669
2026-03-15 12:32:49,ELM_no_detector,nonlinear_abrupt_drift_8,,0.0507944749166157,0.0067256719963002,0.0820101944656896,0,0.0158362388610839,0.0006334495544433,19,"['held', 'held', 'promoted', 'promoted', 'promoted', 'promoted', 'promoted', 'promoted', 'promoted', 'held', 'promoted', 'held', 'promoted', 'promoted', 'promoted', 'promoted', 'promoted', 'promoted', 'promoted', 'held', 'promoted', 'promoted', 'promoted', 'promoted']",19,5,v24,25,0.1686949729919433
2026-03-15 12:38:53,PSO_LSTM_no_detector,nonlinear_abrupt_drift_9,,0.0326279056326468,0.0019870938421023,0.0445768307767879,0,137.69977927207947,5.507991170883178,6,"['held', 'held', 'held', 'held', 'held', 'held', 'held', 'held', 'held', 'held', 'held', 'promoted', 'promoted', 'held', 'held', 'held', 'held', 'held', 'held', 'promoted', 'promoted', 'held', 'promoted', 'promoted']",6,18,v0,25,154.01273036003113
2026-03-15 12:39:10,PSO_ELM_no_detector,nonlinear_abrupt_drift_9,,0.0378505554602055,0.0030963693959248,0.0556450302895488,0,16.950928449630737,0.6780371379852295,16,"['held', 'held', 'promoted', 'held', 'promoted', 'promoted', 'promoted', 'promoted', 'held', 'held', 'held', 'held', 'promoted', 'promoted', 'promoted', 'promoted', 'promoted', 'promoted', 'held', 'promoted', 'promoted', 'promoted', 'promoted', 'promoted']",16,8,v24,25,17.109872341156006
2026-03-15 12:39:25,LSTM_no_detector,nonlinear_abrupt_drift_9,,0.0232692195151714,0.0008741231289428,0.02956557337416,0,4.091448545455933,0.1636579418182373,20,"['promoted', 'held', 'promoted', 'promoted', 'promoted', 'promoted', 'promoted', 'promoted', 'held', 'held', 'promoted', 'promoted', 'promoted', 'held', 'promoted', 'promoted', 'promoted', 'promoted', 'promoted', 'promoted', 'promoted', 'promoted', 'promoted', 'promoted']",20,4,v23,25,14.713137149810793
2026-03-15 12:39:25,ELM_no_detector,nonlinear_abrupt_drift_9,,0.0408030346385926,0.0033008418630776,0.0574529534756713,0,0.0215892791748046,0.0008635711669921,17,"['promoted', 'promoted', 'promoted', 'promoted', 'promoted', 'promoted', 'promoted', 'promoted', 'held', 'promoted', 'promoted', 'held', 'promoted', 'held', 'held', 'held', 'promoted', 'promoted', 'promoted', 'promoted', 'held', 'held', 'promoted', 'promoted']",17,7,v24,25,0.1980247497558593
2026-03-15 12:44:00,PSO_LSTM_no_detector,nonlinear_abrupt_drift_10,,0.0356279583165881,0.0023725234018307,0.0487085557354219,0,144.21315813064575,5.76852632522583,9,"['promoted', 'held', 'held', 'held', 'held', 'held', 'promoted', 'promoted', 'promoted', 'held', 'promoted', 'held', 'held', 'held', 'held', 'held', 'held', 'held', 'held', 'promoted', 'promoted', 'held', 'promoted', 'promoted']",9,15,v24,25,162.29317259788513
2026-03-15 12:44:17,PSO_ELM_no_detector,nonlinear_abrupt_drift_10,,0.0417465287866682,0.0115308810842327,0.1073819402145105,0,17.077107429504395,0.6830842971801758,17,"['promoted', 'held', 'promoted', 'promoted', 'promoted', 'promoted', 'promoted', 'promoted', 'held', 'held', 'promoted', 'held', 'promoted', 'promoted', 'promoted', 'promoted', 'held', 'promoted', 'promoted', 'promoted', 'held', 'held', 'promoted', 'promoted']",17,7,v24,25,17.267471075057983
2026-03-15 12:44:31,LSTM_no_detector,nonlinear_abrupt_drift_10,,0.0851881236743569,0.0141551706184984,0.1189755042792357,0,3.482349395751953,0.1392939758300781,19,"['held', 'promoted', 'promoted', 'promoted', 'promoted', 'promoted', 'promoted', 'promoted', 'promoted', 'promoted', 'held', 'held', 'promoted', 'promoted', 'promoted', 'promoted', 'promoted', 'promoted', 'promoted', 'held', 'held', 'promoted', 'promoted', 'promoted']",19,5,v24,25,14.026795864105225
2026-03-15 12:44:31,ELM_no_detector,nonlinear_abrupt_drift_10,,0.0487774509159401,0.0085449245540935,0.0924387611021133,0,0.0206770896911621,0.0008270835876464,21,"['promoted', 'promoted', 'promoted', 'promoted', 'promoted', 'promoted', 'promoted', 'promoted', 'held', 'promoted', 'promoted', 'promoted', 'promoted', 'promoted', 'held', 'promoted', 'promoted', 'promoted', 'promoted', 'promoted', 'held', 'promoted', 'promoted', 'promoted']",21,3,v24,25,0.2265207767486572
2026-03-15 12:50:25,PSO_LSTM_no_detector,nonlinear_abrupt_drift_11,,0.0430384916279581,0.0050921392863246,0.0713592270580658,0,124.18968868255617,4.967587547302246,9,"['held', 'held', 'held', 'promoted', 'promoted', 'promoted', 'promoted', 'held', 'held', 'promoted', 'promoted', 'promoted', 'promoted', 'promoted', 'held', 'held', 'held', 'held', 'held', 'held', 'held', 'held', 'held', 'held']",9,15,v14,25,141.29669666290283
2026-03-15 12:50:42,PSO_ELM_no_detector,nonlinear_abrupt_drift_11,,0.0639676146087468,0.0291198995963915,0.1706455378742484,0,16.955821752548218,0.6782328701019287,16,"['promoted', 'held', 'held', 'held', 'held', 'held', 'promoted', 'promoted', 'promoted', 'promoted', 'promoted', 'held', 'promoted', 'promoted', 'promoted', 'promoted', 'promoted', 'promoted', 'promoted', 'promoted', 'held', 'held', 'promoted', 'promoted']",16,8,v20,25,17.108839750289917
2026-03-15 12:50:57,LSTM_no_detector,nonlinear_abrupt_drift_11,,0.0246707859887945,0.0010270759778653,0.0320480261149637,0,4.071088552474976,0.162843542098999,17,"['promoted', 'held', 'promoted', 'promoted', 'promoted', 'promoted', 'promoted', 'promoted', 'promoted', 'held', 'held', 'promoted', 'promoted', 'promoted', 'held', 'promoted', 'held', 'promoted', 'held', 'held', 'promoted', 'promoted', 'promoted', 'promoted']",17,7,v18,25,14.418814182281494
2026-03-15 12:50:57,ELM_no_detector,nonlinear_abrupt_drift_11,,0.0423216067478096,0.0049218846676193,0.0701561449027765,0,0.0148789882659912,0.0005951595306396,18,"['promoted', 'promoted', 'promoted', 'promoted', 'held', 'held', 'promoted', 'promoted', 'held', 'promoted', 'promoted', 'held', 'promoted', 'promoted', 'promoted', 'promoted', 'promoted', 'promoted', 'promoted', 'held', 'promoted', 'promoted', 'promoted', 'held']",18,6,v23,25,0.1748883724212646
2026-03-15 12:55:01,PSO_LSTM_no_detector,nonlinear_abrupt_drift_12,,0.0432296592328068,0.0033767248780658,0.0581095936835377,0,79.81262278556824,3.1925049114227293,7,"['promoted', 'promoted', 'held', 'held', 'held', 'held', 'held', 'promoted', 'held', 'promoted', 'held', 'promoted', 'promoted', 'held', 'held', 'held', 'held', 'held', 'held', 'held', 'promoted', 'held', 'held', 'held']",7,17,v21,25,97.77105951309204
2026-03-15 12:55:25,PSO_ELM_no_detector,nonlinear_abrupt_drift_12,,0.1239718255005847,0.3503501518677731,0.5919038366726246,0,23.97577357292176,0.95903094291687,20,"['promoted', 'promoted', 'promoted', 'promoted', 'promoted', 'promoted', 'promoted', 'promoted', 'promoted', 'promoted', 'promoted', 'held', 'promoted', 'promoted', 'promoted', 'held', 'promoted', 'promoted', 'promoted', 'promoted', 'promoted', 'held', 'held', 'promoted']",20,4,v24,25,24.14691066741944
2026-03-15 12:55:39,LSTM_no_detector,nonlinear_abrupt_drift_12,,0.0939101981647023,0.0184965033883463,0.1360018506798579,0,3.6828901767730713,0.1473156070709228,19,"['promoted', 'promoted', 'promoted', 'promoted', 'promoted', 'promoted', 'promoted', 'promoted', 'held', 'held', 'promoted', 'held', 'promoted', 'promoted', 'promoted', 'held', 'promoted', 'promoted', 'promoted', 'promoted', 'held', 'promoted', 'promoted', 'promoted']",19,5,v24,25,14.458214044570925
2026-03-15 12:55:40,ELM_no_detector,nonlinear_abrupt_drift_12,,0.0676944025552239,0.0465690090885413,0.2157985381983422,0,0.0177111625671386,0.0007084465026855,18,"['held', 'promoted', 'promoted', 'promoted', 'promoted', 'promoted', 'promoted', 'promoted', 'promoted', 'promoted', 'promoted', 'promoted', 'promoted', 'held', 'held', 'held', 'held', 'promoted', 'promoted', 'promoted', 'held', 'promoted', 'promoted', 'promoted']",18,6,v24,25,0.1659543514251709
2026-03-15 13:00:32,PSO_LSTM_no_detector,nonlinear_abrupt_drift_13,,0.0375696244633093,0.0027716097772288,0.0526460803595944,0,158.3813693523407,6.335254774093628,7,"['held', 'held', 'held', 'held', 'held', 'held', 'promoted', 'promoted', 'promoted', 'promoted', 'held', 'promoted', 'promoted', 'held', 'held', 'held', 'held', 'held', 'held', 'held', 'held', 'held', 'held', 'promoted']",7,17,v24,25,175.14746809005737
2026-03-15 13:00:56,PSO_ELM_no_detector,nonlinear_abrupt_drift_13,,0.0443420811327433,0.0067710099910841,0.0822861470180984,0,23.792972087860107,0.9517188835144044,22,"['promoted', 'promoted', 'held', 'promoted', 'promoted', 'promoted', 'promoted', 'promoted', 'promoted', 'promoted', 'promoted', 'promoted', 'promoted', 'held', 'promoted', 'promoted', 'promoted', 'promoted', 'promoted', 'promoted', 'promoted', 'promoted', 'promoted', 'promoted']",22,2,v24,25,23.94069075584412
2026-03-15 13:01:10,LSTM_no_detector,nonlinear_abrupt_drift_13,,0.0794119121863934,0.0108110564074488,0.1039762300117139,0,3.461352825164795,0.1384541130065918,19,"['promoted', 'promoted', 'promoted', 'held', 'promoted', 'promoted', 'promoted', 'promoted', 'held', 'promoted', 'promoted', 'held', 'held', 'promoted', 'held', 'promoted', 'promoted', 'promoted', 'promoted', 'promoted', 'promoted', 'promoted', 'promoted', 'promoted']",19,5,v14,25,14.014368057250977
2026-03-15 13:01:10,ELM_no_detector,nonlinear_abrupt_drift_13,,0.0495275176375493,0.0118792303271349,0.1089918819322564,0,0.0200378894805908,0.0008015155792236,20,"['promoted', 'promoted', 'held', 'promoted', 'promoted', 'promoted', 'promoted', 'held', 'promoted', 'held', 'promoted', 'promoted', 'promoted', 'held', 'promoted', 'promoted', 'promoted', 'promoted', 'promoted', 'promoted', 'promoted', 'promoted', 'promoted', 'promoted']",20,4,v24,25,0.1813671588897705
2026-03-15 13:06:33,PSO_LSTM_no_detector,nonlinear_abrupt_drift_14,,0.0322991996147456,0.00199793841073,0.0446983043384207,0,84.29845786094666,3.371938314437866,2,"['held', 'held', 'held', 'held', 'held', 'held', 'promoted', 'held', 'held', 'held', 'promoted', 'held', 'held', 'held', 'held', 'held', 'held', 'held', 'held', 'held', 'held', 'held', 'held', 'held']",2,22,v11,25,101.9900918006897
2026-03-15 13:06:57,PSO_ELM_no_detector,nonlinear_abrupt_drift_14,,0.077150106429245,0.0435021966870353,0.208571802233752,0,23.99545955657959,0.9598183822631836,17,"['promoted', 'held', 'promoted', 'promoted', 'held', 'promoted', 'promoted', 'promoted', 'promoted', 'held', 'promoted', 'promoted', 'promoted', 'held', 'promoted', 'promoted', 'promoted', 'held', 'promoted', 'held', 'promoted', 'promoted', 'promoted', 'held']",17,7,v23,25,24.201366901397705
2026-03-15 13:07:12,LSTM_no_detector,nonlinear_abrupt_drift_14,,0.0236772447632609,0.0009196667056982,0.0303260070846493,0,4.434314489364624,0.1773725795745849,19,"['held', 'promoted', 'promoted', 'promoted', 'promoted', 'promoted', 'promoted', 'promoted', 'promoted', 'promoted', 'promoted', 'held', 'promoted', 'held', 'promoted', 'promoted', 'held', 'promoted', 'promoted', 'promoted', 'promoted', 'promoted', 'promoted', 'held']",19,5,v21,25,15.198006629943848
2026-03-15 13:07:12,ELM_no_detector,nonlinear_abrupt_drift_14,,0.0441873343562838,0.0057222725447882,0.0756457040735839,0,0.0165996551513671,0.0006639862060546,17,"['held', 'promoted', 'promoted', 'promoted', 'held', 'promoted', 'promoted', 'promoted', 'promoted', 'promoted', 'promoted', 'held', 'promoted', 'promoted', 'held', 'promoted', 'promoted', 'held', 'held', 'held', 'promoted', 'promoted', 'promoted', 'promoted']",17,7,v24,25,0.1667683124542236
2026-03-15 13:13:22,PSO_LSTM_no_detector,nonlinear_abrupt_drift_15,,0.0425880553913951,0.0033598781451173,0.0579644558770061,0,98.0492069721222,3.921968278884888,2,"['held', 'held', 'held', 'held', 'held', 'held', 'held', 'promoted', 'held', 'held', 'held', 'held', 'held', 'promoted', 'held', 'held', 'held', 'held', 'held', 'held', 'held', 'held', 'held', 'held']",2,22,v12,25,114.25931763648988
2026-03-15 13:13:53,PSO_ELM_no_detector,nonlinear_abrupt_drift_15,,0.0353947755155925,0.0030257909747919,0.0550071902099352,0,31.318373680114743,1.25273494720459,17,"['promoted', 'promoted', 'promoted', 'promoted', 'promoted', 'promoted', 'promoted', 'held', 'held', 'held', 'promoted', 'held', 'promoted', 'held', 'promoted', 'promoted', 'promoted', 'held', 'promoted', 'promoted', 'held', 'promoted', 'promoted', 'promoted']",17,7,v24,25,31.48102831840515
2026-03-15 13:14:10,LSTM_no_detector,nonlinear_abrupt_drift_15,,0.0262581536778222,0.0011151723129625,0.0333941957975116,0,4.527241230010986,0.1810896492004394,18,"['promoted', 'promoted', 'promoted', 'promoted', 'promoted', 'promoted', 'promoted', 'held', 'held', 'promoted', 'promoted', 'held', 'promoted', 'promoted', 'promoted', 'held', 'promoted', 'held', 'promoted', 'promoted', 'held', 'promoted', 'promoted', 'promoted']",18,6,v24,25,16.954803228378296
2026-03-15 13:14:10,ELM_no_detector,nonlinear_abrupt_drift_15,,0.0309875592234275,0.002264838015565,0.0475903143041217,0,0.0149776935577392,0.0005991077423095,14,"['held', 'held', 'held', 'held', 'held', 'held', 'promoted', 'promoted', 'held', 'promoted', 'held', 'promoted', 'promoted', 'promoted', 'promoted', 'held', 'promoted', 'promoted', 'promoted', 'promoted', 'promoted', 'promoted', 'promoted', 'held']",14,10,v23,25,0.1634504795074463
2026-03-15 13:17:48,PSO_LSTM_no_detector,nonlinear_abrupt_drift_16,,0.035934131819614,0.0024573302226548,0.0495714658110372,0,89.26519989967346,3.5706079959869386,5,"['held', 'held', 'held', 'held', 'held', 'held', 'held', 'held', 'held', 'held', 'held', 'promoted', 'promoted', 'held', 'held', 'held', 'held', 'held', 'held', 'held', 'promoted', 'promoted', 'promoted', 'held']",5,19,v21,25,104.34837913513184
2026-03-15 13:18:12,PSO_ELM_no_detector,nonlinear_abrupt_drift_16,,0.0301289293560881,0.0016594618083009,0.0407364923416461,0,23.89364719390869,0.9557458877563476,17,"['promoted', 'promoted', 'promoted', 'promoted', 'promoted', 'held', 'promoted', 'held', 'promoted', 'held', 'held', 'promoted', 'promoted', 'promoted', 'promoted', 'promoted', 'held', 'promoted', 'held', 'promoted', 'promoted', 'promoted', 'promoted', 'held']",17,7,v23,25,24.095272302627563
2026-03-15 13:18:26,LSTM_no_detector,nonlinear_abrupt_drift_16,,0.0690303537215995,0.0076901738230108,0.0876936361602759,0,3.6954808235168457,0.1478192329406738,18,"['held', 'promoted', 'promoted', 'promoted', 'promoted', 'promoted', 'promoted', 'promoted', 'promoted', 'held', 'held', 'held', 'promoted', 'promoted', 'promoted', 'promoted', 'held', 'promoted', 'promoted', 'held', 'promoted', 'promoted', 'promoted', 'promoted']",18,6,v24,25,14.150550365447998
2026-03-15 13:18:26,ELM_no_detector,nonlinear_abrupt_drift_16,,0.0404058904814063,0.0036903808092134,0.0607485045841739,0,0.0149211883544921,0.0005968475341796,17,"['promoted', 'promoted', 'promoted', 'held', 'held', 'held', 'promoted', 'held', 'promoted', 'held', 'promoted', 'promoted', 'promoted', 'promoted', 'held', 'promoted', 'promoted', 'promoted', 'promoted', 'promoted', 'promoted', 'promoted', 'promoted', 'held']",17,7,v23,25,0.1603038311004638
2026-03-15 13:22:49,PSO_LSTM_no_detector,nonlinear_abrupt_drift_17,,0.0546692839673523,0.0053338221643048,0.0730330210542113,0,154.90650749206543,6.196260299682617,7,"['promoted', 'held', 'held', 'held', 'held', 'held', 'held', 'held', 'promoted', 'held', 'held', 'held', 'promoted', 'held', 'held', 'held', 'promoted', 'held', 'promoted', 'promoted', 'promoted', 'held', 'held', 'held']",7,17,v21,25,172.22349405288696
2026-03-15 13:23:13,PSO_ELM_no_detector,nonlinear_abrupt_drift_17,,0.0309680425552157,0.0020510341054697,0.0452883440354114,0,24.00697445869445,0.9602789783477784,14,"['promoted', 'promoted', 'promoted', 'promoted', 'promoted', 'held', 'promoted', 'held', 'promoted', 'held', 'held', 'held', 'promoted', 'promoted', 'promoted', 'promoted', 'held', 'held', 'held', 'promoted', 'held', 'promoted', 'held', 'promoted']",14,10,v24,25,24.14278483390808
2026-03-15 13:23:27,LSTM_no_detector,nonlinear_abrupt_drift_17,,0.0606125159685543,0.0064400323169118,0.0802498119431556,0,3.0070931911468506,0.120283727645874,20,"['promoted', 'promoted', 'promoted', 'promoted', 'promoted', 'promoted', 'promoted', 'promoted', 'promoted', 'held', 'promoted', 'held', 'promoted', 'promoted', 'promoted', 'promoted', 'held', 'promoted', 'promoted', 'promoted', 'promoted', 'held', 'promoted', 'promoted']",20,4,v24,25,13.544000148773192
2026-03-15 13:23:27,ELM_no_detector,nonlinear_abrupt_drift_17,,0.0893830163064578,0.0777028224570691,0.2787522600035184,0,0.0141170024871826,0.0005646800994873,16,"['held', 'promoted', 'promoted', 'promoted', 'promoted', 'promoted', 'promoted', 'held', 'promoted', 'promoted', 'promoted', 'held', 'promoted', 'promoted', 'held', 'promoted', 'held', 'held', 'held', 'promoted', 'promoted', 'held', 'promoted', 'promoted']",16,8,v24,25,0.1630632877349853
2026-03-15 13:29:43,PSO_LSTM_no_detector,nonlinear_abrupt_drift_18,,0.0355083627160708,0.0024927718807625,0.0499276664862529,0,144.25430989265442,5.770172395706177,4,"['held', 'held', 'held', 'held', 'held', 'held', 'held', 'promoted', 'held', 'promoted', 'held', 'held', 'promoted', 'promoted', 'held', 'held', 'held', 'held', 'held', 'held', 'held', 'held', 'held', 'held']",4,20,v0,25,159.65607118606567
2026-03-15 13:30:14,PSO_ELM_no_detector,nonlinear_abrupt_drift_18,,0.0583873263940519,0.007931099469617,0.0890567205190999,0,30.819121599197388,1.2327648639678954,21,"['promoted', 'promoted', 'promoted', 'promoted', 'promoted', 'promoted', 'promoted', 'promoted', 'held', 'promoted', 'held', 'promoted', 'promoted', 'promoted', 'promoted', 'promoted', 'promoted', 'promoted', 'promoted', 'promoted', 'promoted', 'promoted', 'promoted', 'held']",21,3,v23,25,30.99370741844177
2026-03-15 13:30:31,LSTM_no_detector,nonlinear_abrupt_drift_18,,0.0272583753583726,0.0015554110172135,0.039438699486843,0,4.703942775726318,0.1881577110290527,22,"['promoted', 'promoted', 'promoted', 'promoted', 'promoted', 'promoted', 'promoted', 'promoted', 'promoted', 'promoted', 'held', 'promoted', 'promoted', 'promoted', 'promoted', 'promoted', 'promoted', 'promoted', 'held', 'promoted', 'promoted', 'promoted', 'promoted', 'promoted']",22,2,v24,25,17.52334237098694
2026-03-15 13:30:32,ELM_no_detector,nonlinear_abrupt_drift_18,,0.1040711501114356,0.0341077899238169,0.1846829443230125,0,0.0266463756561279,0.0010658550262451,21,"['promoted', 'promoted', 'promoted', 'promoted', 'promoted', 'promoted', 'held', 'promoted', 'promoted', 'promoted', 'promoted', 'held', 'promoted', 'promoted', 'promoted', 'promoted', 'promoted', 'promoted', 'held', 'promoted', 'promoted', 'promoted', 'promoted', 'promoted']",21,3,v24,25,0.2084946632385254
2026-03-15 13:34:00,PSO_LSTM_no_detector,nonlinear_abrupt_drift_19,,0.0946869697361476,0.0180963738355187,0.1345227632615341,0,76.13664746284485,3.045465898513794,2,"['held', 'held', 'held', 'held', 'promoted', 'held', 'held', 'held', 'held', 'promoted', 'held', 'held', 'held', 'held', 'held', 'held', 'held', 'held', 'held', 'held', 'held', 'held', 'held', 'held']",2,22,v10,25,92.96719789505003
2026-03-15 13:34:17,PSO_ELM_no_detector,nonlinear_abrupt_drift_19,,0.1577442291943399,0.2453603038664604,0.4953385749832738,0,17.112524271011353,0.6845009708404541,19,"['promoted', 'promoted', 'held', 'promoted', 'promoted', 'promoted', 'promoted', 'held', 'held', 'held', 'promoted', 'promoted', 'held', 'promoted', 'promoted', 'promoted', 'promoted', 'promoted', 'promoted', 'promoted', 'promoted', 'promoted', 'promoted', 'promoted']",19,5,v24,25,17.32146978378296
2026-03-15 13:34:33,LSTM_no_detector,nonlinear_abrupt_drift_19,,0.1079730942918227,0.0721834839977871,0.2686698419953143,0,4.130297183990479,0.1652118873596191,21,"['promoted', 'promoted', 'promoted', 'promoted', 'held', 'promoted', 'promoted', 'promoted', 'promoted', 'promoted', 'promoted', 'promoted', 'promoted', 'promoted', 'promoted', 'promoted', 'promoted', 'promoted', 'promoted', 'promoted', 'promoted', 'held', 'held', 'promoted']",21,3,v20,25,15.940234184265137
2026-03-15 13:34:33,ELM_no_detector,nonlinear_abrupt_drift_19,,0.17114037328582,0.5916014796408784,0.769156342781413,0,0.0116610527038574,0.0004664421081542,21,"['promoted', 'promoted', 'promoted', 'promoted', 'promoted', 'promoted', 'held', 'promoted', 'promoted', 'promoted', 'promoted', 'promoted', 'held', 'promoted', 'promoted', 'promoted', 'promoted', 'held', 'promoted', 'promoted', 'promoted', 'promoted', 'promoted', 'promoted']",21,3,v24,25,0.1679646968841552
2026-03-15 13:39:25,PSO_LSTM_no_detector,nonlinear_abrupt_drift_20,,0.0751462089988555,0.0097279056550886,0.0986301457724191,0,70.31168246269226,2.8124672985076904,4,"['held', 'held', 'promoted', 'promoted', 'held', 'held', 'promoted', 'held', 'held', 'held', 'held', 'held', 'held', 'held', 'held', 'held', 'held', 'held', 'held', 'held', 'held', 'held', 'promoted', 'held']",4,20,v23,25,87.68516969680786
2026-03-15 13:39:49,PSO_ELM_no_detector,nonlinear_abrupt_drift_20,,0.0339878856303384,0.0026501601759088,0.051479706447384,0,24.03045916557312,0.9612183666229248,19,"['promoted', 'promoted', 'held', 'promoted', 'promoted', 'promoted', 'promoted', 'promoted', 'held', 'promoted', 'held', 'promoted', 'promoted', 'promoted', 'held', 'promoted', 'promoted', 'promoted', 'promoted', 'promoted', 'promoted', 'promoted', 'held', 'promoted']",19,5,v20,25,24.159772157669067
2026-03-15 13:40:05,LSTM_no_detector,nonlinear_abrupt_drift_20,,0.0292241032531473,0.001531275988548,0.0391315216743241,0,4.597260713577271,0.1838904285430908,17,"['promoted', 'promoted', 'held', 'promoted', 'promoted', 'promoted', 'promoted', 'promoted', 'promoted', 'held', 'promoted', 'held', 'promoted', 'promoted', 'held', 'promoted', 'promoted', 'promoted', 'held', 'held', 'promoted', 'held', 'promoted', 'promoted']",17,7,v24,25,15.439729690551758
2026-03-15 13:40:05,ELM_no_detector,nonlinear_abrupt_drift_20,,0.0343033708694101,0.0027824412868476,0.0527488510476549,0,0.012836217880249,0.0005134487152099,18,"['promoted', 'promoted', 'held', 'promoted', 'promoted', 'promoted', 'promoted', 'promoted', 'held', 'promoted', 'promoted', 'held', 'promoted', 'promoted', 'held', 'held', 'held', 'promoted', 'promoted', 'promoted', 'promoted', 'promoted', 'promoted', 'promoted']",18,6,v24,25,0.1835343837738037
2026-03-15 13:46:15,PSO_LSTM_no_detector,nonlinear_abrupt_drift_21,,0.0339374143371593,0.0022629810327389,0.0475708002112526,0,132.88891887664795,5.315556755065918,10,"['held', 'held', 'held', 'held', 'held', 'held', 'promoted', 'promoted', 'promoted', 'promoted', 'held', 'promoted', 'promoted', 'held', 'held', 'held', 'held', 'held', 'held', 'promoted', 'promoted', 'promoted', 'promoted', 'held']",10,14,v8,25,149.5084159374237
2026-03-15 13:46:40,PSO_ELM_no_detector,nonlinear_abrupt_drift_21,,0.0340196359467293,0.0026448894045293,0.0514284882582534,0,23.934759616851807,0.9573903846740722,19,"['held', 'promoted', 'promoted', 'held', 'held', 'promoted', 'promoted', 'promoted', 'promoted', 'promoted', 'promoted', 'promoted', 'promoted', 'promoted', 'promoted', 'promoted', 'promoted', 'held', 'promoted', 'promoted', 'promoted', 'promoted', 'promoted', 'held']",19,5,v21,25,24.129213333129883
2026-03-15 13:46:54,LSTM_no_detector,nonlinear_abrupt_drift_21,,0.0253091407396915,0.0010722407027738,0.0327450866966921,0,4.1856982707977295,0.1674279308319091,20,"['promoted', 'promoted', 'promoted', 'promoted', 'promoted', 'promoted', 'promoted', 'held', 'promoted', 'promoted', 'promoted', 'promoted', 'promoted', 'promoted', 'promoted', 'promoted', 'promoted', 'promoted', 'held', 'promoted', 'held', 'held', 'promoted', 'promoted']",20,4,v24,25,14.757197380065918
2026-03-15 13:46:54,ELM_no_detector,nonlinear_abrupt_drift_21,,0.0312083648799363,0.0022442693701113,0.0473737202477423,0,0.0159275531768798,0.0006371021270751,15,"['promoted', 'promoted', 'promoted', 'promoted', 'held', 'promoted', 'promoted', 'promoted', 'held', 'held', 'promoted', 'promoted', 'promoted', 'held', 'held', 'held', 'promoted', 'promoted', 'held', 'promoted', 'held', 'held', 'promoted', 'promoted']",15,9,v21,25,0.1558945178985595
2026-03-15 13:50:05,PSO_LSTM_no_detector,nonlinear_abrupt_drift_22,,0.0388883720986386,0.0027045807508913,0.0520055838433845,0,49.8436336517334,1.993745346069336,2,"['held', 'held', 'held', 'held', 'held', 'held', 'promoted', 'held', 'promoted', 'held', 'held', 'held', 'held', 'held', 'held', 'held', 'held', 'held', 'held', 'held', 'held', 'held', 'held', 'held']",2,22,v8,25,66.43561506271362
2026-03-15 13:50:22,PSO_ELM_no_detector,nonlinear_abrupt_drift_22,,0.0317219688435493,0.0024456555606666,0.0494535697464468,0,17.10473346710205,0.684189338684082,18,"['promoted', 'promoted', 'promoted', 'promoted', 'promoted', 'promoted', 'promoted', 'held', 'held', 'promoted', 'held', 'promoted', 'promoted', 'promoted', 'promoted', 'promoted', 'promoted', 'held', 'promoted', 'promoted', 'promoted', 'held', 'held', 'promoted']",18,6,v23,25,17.283607959747314
2026-03-15 13:50:36,LSTM_no_detector,nonlinear_abrupt_drift_22,,0.083425539439193,0.0181720220332971,0.1348036425075271,0,3.687448501586914,0.1474979400634765,22,"['promoted', 'promoted', 'promoted', 'promoted', 'promoted', 'promoted', 'promoted', 'promoted', 'held', 'promoted', 'promoted', 'promoted', 'promoted', 'promoted', 'promoted', 'promoted', 'promoted', 'promoted', 'held', 'promoted', 'promoted', 'promoted', 'promoted', 'promoted']",22,2,v24,25,14.516756057739258
2026-03-15 13:50:37,ELM_no_detector,nonlinear_abrupt_drift_22,,0.0591645005409198,0.0146700293269366,0.1211198964949058,0,0.0141074657440185,0.0005642986297607,15,"['promoted', 'promoted', 'held', 'promoted', 'promoted', 'promoted', 'promoted', 'held', 'held', 'held', 'held', 'promoted', 'promoted', 'promoted', 'promoted', 'promoted', 'promoted', 'held', 'held', 'promoted', 'promoted', 'held', 'held', 'promoted']",15,9,v22,25,0.1780004501342773
2026-03-15 13:55:53,PSO_LSTM_no_detector,nonlinear_abrupt_drift_23,,0.0428346295989947,0.0031366383567143,0.0560056993235004,0,65.92902374267578,2.6371609497070314,2,"['held', 'held', 'held', 'held', 'held', 'held', 'promoted', 'held', 'held', 'held', 'held', 'held', 'held', 'held', 'held', 'held', 'held', 'held', 'held', 'held', 'held', 'held', 'promoted', 'held']",2,22,v23,25,83.8080062866211
2026-03-15 13:56:18,PSO_ELM_no_detector,nonlinear_abrupt_drift_23,,0.0468629160679254,0.0054108217443725,0.0735582880739655,0,24.15501117706299,0.9662004470825196,19,"['promoted', 'held', 'promoted', 'promoted', 'promoted', 'held', 'promoted', 'held', 'promoted', 'promoted', 'promoted', 'held', 'promoted', 'promoted', 'promoted', 'held', 'promoted', 'promoted', 'promoted', 'promoted', 'promoted', 'promoted', 'promoted', 'promoted']",19,5,v24,25,24.35496973991394
2026-03-15 13:56:32,LSTM_no_detector,nonlinear_abrupt_drift_23,,0.0283930975636194,0.0017754930692032,0.0421366001144278,0,4.288592100143433,0.1715436840057373,20,"['promoted', 'promoted', 'promoted', 'held', 'promoted', 'promoted', 'promoted', 'promoted', 'held', 'promoted', 'promoted', 'held', 'promoted', 'promoted', 'promoted', 'promoted', 'promoted', 'promoted', 'promoted', 'promoted', 'promoted', 'promoted', 'promoted', 'held']",20,4,v23,25,14.585616827011108
2026-03-15 13:56:33,ELM_no_detector,nonlinear_abrupt_drift_23,,0.0769578693536499,0.0170287515277919,0.1304942586008748,0,0.0132503509521484,0.0005300140380859,20,"['promoted', 'promoted', 'promoted', 'promoted', 'promoted', 'held', 'promoted', 'held', 'promoted', 'promoted', 'promoted', 'held', 'promoted', 'promoted', 'promoted', 'promoted', 'promoted', 'held', 'promoted', 'promoted', 'promoted', 'promoted', 'promoted', 'promoted']",20,4,v24,25,0.1767899990081787
2026-03-15 14:00:58,PSO_LSTM_no_detector,nonlinear_abrupt_drift_24,,0.0672772868437223,0.0193752017493677,0.1391948337739864,0,114.2952492237091,4.571809968948364,10,"['held', 'held', 'promoted', 'promoted', 'promoted', 'promoted', 'promoted', 'promoted', 'promoted', 'held', 'promoted', 'held', 'held', 'held', 'promoted', 'held', 'held', 'held', 'held', 'held', 'held', 'held', 'held', 'promoted']",10,14,v24,25,131.09341144561768
2026-03-15 14:01:15,PSO_ELM_no_detector,nonlinear_abrupt_drift_24,,0.2009710064002961,0.5342072316136369,0.7308948156976056,0,17.156111240386963,0.6862444496154785,19,"['promoted', 'promoted', 'promoted', 'promoted', 'held', 'held', 'promoted', 'promoted', 'promoted', 'promoted', 'promoted', 'held', 'promoted', 'held', 'promoted', 'held', 'promoted', 'promoted', 'promoted', 'promoted', 'promoted', 'promoted', 'promoted', 'promoted']",19,5,v23,25,17.32672095298767
2026-03-15 14:01:30,LSTM_no_detector,nonlinear_abrupt_drift_24,,0.0859820747517823,0.0344170287966107,0.1855182707891886,0,3.850561141967773,0.1540224456787109,17,"['promoted', 'promoted', 'held', 'held', 'held', 'held', 'promoted', 'promoted', 'promoted', 'promoted', 'promoted', 'promoted', 'held', 'promoted', 'promoted', 'held', 'promoted', 'promoted', 'held', 'promoted', 'promoted', 'promoted', 'promoted', 'promoted']",17,7,v22,25,14.266470670700071
2026-03-15 14:01:30,ELM_no_detector,nonlinear_abrupt_drift_24,,0.3058753682582225,1.368469059961822,1.169815823094312,0,0.0147705078125,0.0005908203125,19,"['promoted', 'promoted', 'promoted', 'promoted', 'held', 'held', 'promoted', 'promoted', 'promoted', 'held', 'promoted', 'promoted', 'promoted', 'held', 'promoted', 'promoted', 'promoted', 'promoted', 'promoted', 'promoted', 'promoted', 'promoted', 'promoted', 'held']",19,5,v23,25,0.1770944595336914
2026-03-15 14:05:18,PSO_LSTM_no_detector,nonlinear_abrupt_drift_25,,0.0387371301672187,0.0031707288484153,0.0563092252514219,0,91.81521940231325,3.672608776092529,11,"['held', 'held', 'held', 'held', 'held', 'held', 'promoted', 'promoted', 'promoted', 'promoted', 'held', 'promoted', 'promoted', 'promoted', 'promoted', 'held', 'held', 'held', 'held', 'held', 'promoted', 'promoted', 'held', 'promoted']",11,13,v21,25,107.55645418167114
2026-03-15 14:05:56,PSO_ELM_no_detector,nonlinear_abrupt_drift_25,,0.0228714927498394,0.0008962744861176,0.029937843711892,0,37.76388716697693,1.5105554866790771,21,"['promoted', 'held', 'promoted', 'promoted', 'promoted', 'held', 'promoted', 'promoted', 'promoted', 'promoted', 'promoted', 'promoted', 'promoted', 'promoted', 'promoted', 'promoted', 'held', 'promoted', 'promoted', 'promoted', 'promoted', 'promoted', 'promoted', 'promoted']",21,3,v22,25,37.97462964057922
2026-03-15 14:06:12,LSTM_no_detector,nonlinear_abrupt_drift_25,,0.0727522403708089,0.0091615757999304,0.0957161208988873,0,3.914439678192138,0.1565775871276855,19,"['promoted', 'promoted', 'promoted', 'promoted', 'promoted', 'promoted', 'promoted', 'promoted', 'promoted', 'promoted', 'promoted', 'held', 'promoted', 'promoted', 'held', 'promoted', 'promoted', 'promoted', 'held', 'held', 'promoted', 'promoted', 'promoted', 'held']",19,5,v23,25,16.389805793762207
2026-03-15 14:06:12,ELM_no_detector,nonlinear_abrupt_drift_25,,0.0459225810311185,0.007574508415052,0.0870316518000895,0,0.0257389545440673,0.0010295581817626,19,"['promoted', 'held', 'promoted', 'promoted', 'promoted', 'promoted', 'promoted', 'held', 'held', 'promoted', 'promoted', 'promoted', 'promoted', 'promoted', 'promoted', 'promoted', 'promoted', 'promoted', 'promoted', 'promoted', 'held', 'promoted', 'promoted', 'held']",19,5,v20,25,0.2057054042816162
2026-03-15 14:13:02,PSO_LSTM_no_detector,nonlinear_abrupt_drift_26,,0.0327177856584066,0.0021618752579161,0.0464959703406239,0,152.193341255188,6.08773365020752,10,"['held', 'held', 'held', 'held', 'held', 'held', 'held', 'promoted', 'promoted', 'held', 'held', 'promoted', 'promoted', 'held', 'held', 'held', 'promoted', 'held', 'promoted', 'promoted', 'promoted', 'held', 'promoted', 'promoted']",10,14,v24,25,168.8342456817627
2026-03-15 14:13:19,PSO_ELM_no_detector,nonlinear_abrupt_drift_26,,0.0275192454058312,0.0016186727405632,0.0402327322035587,0,16.751309394836426,0.670052375793457,12,"['promoted', 'promoted', 'held', 'promoted', 'held', 'promoted', 'promoted', 'held', 'promoted', 'held', 'promoted', 'held', 'promoted', 'held', 'promoted', 'held', 'held', 'held', 'promoted', 'promoted', 'promoted', 'held', 'held', 'held']",12,12,v21,25,17.016440629959106
2026-03-15 14:13:34,LSTM_no_detector,nonlinear_abrupt_drift_26,,0.0267334477067441,0.0013545523751537,0.036804243982913,0,3.916522741317749,0.1566609096527099,22,"['promoted', 'promoted', 'promoted', 'promoted', 'promoted', 'promoted', 'promoted', 'held', 'promoted', 'held', 'promoted', 'promoted', 'promoted', 'promoted', 'promoted', 'promoted', 'promoted', 'promoted', 'promoted', 'promoted', 'promoted', 'promoted', 'promoted', 'promoted']",22,2,v22,25,14.294706583023071
2026-03-15 14:13:34,ELM_no_detector,nonlinear_abrupt_drift_26,,0.0724389283660418,0.0221232401748559,0.1487388321012907,0,0.0108833312988281,0.0004353332519531,18,"['promoted', 'promoted', 'promoted', 'promoted', 'held', 'promoted', 'promoted', 'held', 'promoted', 'promoted', 'held', 'held', 'promoted', 'promoted', 'promoted', 'promoted', 'promoted', 'promoted', 'promoted', 'promoted', 'promoted', 'promoted', 'held', 'held']",18,6,v19,25,0.2007074356079101
2026-03-15 14:18:45,PSO_LSTM_no_detector,nonlinear_abrupt_drift_27,,0.0411101079560042,0.0030195965435882,0.0549508557129756,0,58.27862930297852,2.3311451721191405,4,"['held', 'held', 'held', 'held', 'held', 'held', 'promoted', 'promoted', 'held', 'promoted', 'promoted', 'held', 'held', 'held', 'held', 'held', 'held', 'held', 'held', 'held', 'held', 'held', 'held', 'held']",4,20,v8,25,75.98443365097046
2026-03-15 14:19:01,PSO_ELM_no_detector,nonlinear_abrupt_drift_27,,0.0340146747174541,0.0055650413157985,0.0745992045252397,0,16.599506855010986,0.6639802742004395,18,"['promoted', 'held', 'promoted', 'promoted', 'held', 'promoted', 'promoted', 'held', 'promoted', 'promoted', 'promoted', 'promoted', 'promoted', 'promoted', 'promoted', 'promoted', 'held', 'held', 'held', 'promoted', 'promoted', 'promoted', 'promoted', 'promoted']",18,6,v24,25,16.811477422714233
2026-03-15 14:19:16,LSTM_no_detector,nonlinear_abrupt_drift_27,,0.0253117026120163,0.0011398671752228,0.0337619190097782,0,4.416331052780151,0.176653242111206,21,"['promoted', 'promoted', 'promoted', 'held', 'promoted', 'promoted', 'promoted', 'promoted', 'promoted', 'held', 'promoted', 'promoted', 'promoted', 'promoted', 'held', 'promoted', 'promoted', 'promoted', 'promoted', 'promoted', 'promoted', 'promoted', 'promoted', 'promoted']",21,3,v24,25,15.055431127548218
2026-03-15 14:19:17,ELM_no_detector,nonlinear_abrupt_drift_27,,0.0508852534490421,0.0078302933884538,0.088488945007011,0,0.0124483108520507,0.000497932434082,17,"['promoted', 'held', 'held', 'promoted', 'promoted', 'held', 'promoted', 'promoted', 'held', 'held', 'promoted', 'promoted', 'promoted', 'promoted', 'promoted', 'promoted', 'promoted', 'held', 'held', 'promoted', 'promoted', 'promoted', 'promoted', 'promoted']",17,7,v24,25,0.1729097366333007
2026-03-15 14:24:02,PSO_LSTM_no_detector,nonlinear_abrupt_drift_28,,0.0348822865187152,0.0022537295154346,0.0474734611697378,0,146.31718015670776,5.85268720626831,12,"['held', 'held', 'held', 'held', 'held', 'held', 'held', 'held', 'promoted', 'held', 'promoted', 'promoted', 'promoted', 'promoted', 'held', 'promoted', 'promoted', 'promoted', 'promoted', 'promoted', 'promoted', 'held', 'promoted', 'held']",12,12,v23,25,163.2745394706726
2026-03-15 14:24:19,PSO_ELM_no_detector,nonlinear_abrupt_drift_28,,0.0334956892120227,0.0021751035517121,0.0466380054431166,0,16.983396530151367,0.6793358612060547,19,"['promoted', 'held', 'promoted', 'promoted', 'promoted', 'promoted', 'promoted', 'held', 'promoted', 'held', 'promoted', 'promoted', 'promoted', 'promoted', 'promoted', 'promoted', 'promoted', 'promoted', 'held', 'promoted', 'promoted', 'promoted', 'promoted', 'held']",19,5,v23,25,17.175198793411255
2026-03-15 14:24:33,LSTM_no_detector,nonlinear_abrupt_drift_28,,0.0758224876057072,0.0090637306048899,0.0952036270574285,0,3.412641286849976,0.136505651473999,19,"['promoted', 'promoted', 'promoted', 'promoted', 'held', 'promoted', 'promoted', 'held', 'promoted', 'promoted', 'promoted', 'held', 'promoted', 'promoted', 'promoted', 'promoted', 'promoted', 'promoted', 'promoted', 'promoted', 'held', 'promoted', 'promoted', 'held']",19,5,v23,25,13.781105041503906
2026-03-15 14:24:33,ELM_no_detector,nonlinear_abrupt_drift_28,,0.0419847508555136,0.0038763003451975,0.0622599417378263,0,0.0220661163330078,0.0008826446533203,16,"['promoted', 'promoted', 'promoted', 'promoted', 'held', 'promoted', 'promoted', 'held', 'held', 'held', 'promoted', 'held', 'promoted', 'held', 'promoted', 'promoted', 'promoted', 'promoted', 'promoted', 'promoted', 'promoted', 'held', 'promoted', 'held']",16,8,v23,25,0.1940186023712158
2026-03-15 14:29:55,PSO_LSTM_no_detector,nonlinear_abrupt_drift_29,,0.0486132978060367,0.0038201640671479,0.0618074758192564,0,84.25844979286194,3.3703379917144773,3,"['held', 'held', 'held', 'held', 'held', 'held', 'held', 'held', 'held', 'promoted', 'held', 'promoted', 'promoted', 'held', 'held', 'held', 'held', 'held', 'held', 'held', 'held', 'held', 'held', 'held']",3,21,v12,25,100.48839449882507
2026-03-15 14:30:12,PSO_ELM_no_detector,nonlinear_abrupt_drift_29,,0.0374946769013661,0.0037363018456107,0.0611252962823961,0,17.03717017173767,0.6814868068695068,16,"['promoted', 'held', 'promoted', 'promoted', 'promoted', 'held', 'promoted', 'held', 'promoted', 'held', 'held', 'promoted', 'promoted', 'promoted', 'held', 'promoted', 'promoted', 'promoted', 'promoted', 'promoted', 'promoted', 'held', 'held', 'promoted']",16,8,v23,25,17.228909015655518
2026-03-15 14:30:28,LSTM_no_detector,nonlinear_abrupt_drift_29,,0.0247915047351946,0.0009819631191461,0.0313362907687895,0,4.51871919631958,0.1807487678527832,19,"['promoted', 'held', 'promoted', 'promoted', 'promoted', 'promoted', 'promoted', 'promoted', 'promoted', 'promoted', 'held', 'promoted', 'promoted', 'promoted', 'held', 'promoted', 'promoted', 'held', 'promoted', 'held', 'promoted', 'promoted', 'promoted', 'promoted']",19,5,v24,25,16.45868158340454
2026-03-15 14:30:29,ELM_no_detector,nonlinear_abrupt_drift_29,,0.0350105256474723,0.0033406034525409,0.0577979537054814,0,0.014012336730957,0.0005604934692382,15,"['promoted', 'held', 'held', 'promoted', 'promoted', 'promoted', 'promoted', 'held', 'held', 'promoted', 'promoted', 'promoted', 'held', 'promoted', 'promoted', 'promoted', 'promoted', 'held', 'held', 'held', 'held', 'promoted', 'promoted', 'promoted']",15,9,v24,25,0.1822209358215332
2026-03-15 14:36:31,PSO_LSTM_no_detector,nonlinear_abrupt_drift_30,,0.0403253576595284,0.0029326311277115,0.0541537729776199,0,125.04693150520325,5.00187726020813,4,"['promoted', 'promoted', 'held', 'held', 'held', 'held', 'held', 'held', 'held', 'promoted', 'held', 'held', 'held', 'held', 'held', 'held', 'held', 'held', 'held', 'held', 'promoted', 'held', 'held', 'held']",4,20,v21,25,142.9444773197174
2026-03-15 14:36:49,PSO_ELM_no_detector,nonlinear_abrupt_drift_30,,0.0503340255541216,0.0092142934876316,0.0959911115032619,0,17.23137593269348,0.6892550373077393,22,"['promoted', 'promoted', 'promoted', 'promoted', 'promoted', 'promoted', 'promoted', 'promoted', 'promoted', 'promoted', 'promoted', 'promoted', 'promoted', 'promoted', 'promoted', 'promoted', 'held', 'held', 'promoted', 'promoted', 'promoted', 'promoted', 'promoted', 'promoted']",22,2,v24,25,17.39514422416687
2026-03-15 14:37:03,LSTM_no_detector,nonlinear_abrupt_drift_30,,0.0222972439062013,0.0008094436619368,0.028450723399183,0,4.100738286972046,0.1640295314788818,16,"['promoted', 'promoted', 'promoted', 'promoted', 'promoted', 'promoted', 'promoted', 'held', 'promoted', 'promoted', 'held', 'held', 'promoted', 'held', 'promoted', 'promoted', 'held', 'held', 'promoted', 'promoted', 'promoted', 'promoted', 'held', 'held']",16,8,v22,25,14.727972507476808
2026-03-15 14:37:04,ELM_no_detector,nonlinear_abrupt_drift_30,,0.058410315333281296,0.012030060351246456,0.10968163178603087,0,0.011069297790527344,0.0004427719116210937,19,"['promoted', 'promoted', 'promoted', 'held', 'promoted', 'promoted', 'promoted', 'held', 'promoted', 'promoted', 'held', 'held', 'promoted', 'held', 'promoted', 'promoted', 'promoted', 'promoted', 'promoted', 'promoted', 'promoted', 'promoted', 'promoted', 'promoted']",19,5,v24,25,0.20599913597106934
